datetime,open,high,low,close,volume
2026-01-28T05:15:00+00:00,24934.27,24949.51,24934.26,24939.02,132.69581464872945
2026-01-28T05:30:00+00:00,24939.02,24952.52,24938,24951.25,174
2026-01-28T05:45:00+00:00,24951.25,24961.01,24939.26,24942.02,130
2026-01-28T06:00:00+00:00,24942.02,24975.5,24931.27,24937.27,394
2026-01-28T06:15:00+00:00,24937.27,24964.52,24936.25,24957,306
2026-01-28T06:30:00+00:00,24957,24971.52,24948.25,24949.52,256
2026-01-28T06:45:00+00:00,24949.52,24972.5,24944.25,24967,369
2026-01-28T07:00:00+00:00,24967,24973.52,24911,24922.5,884
2026-01-28T07:15:00+00:00,24922.5,24927.52,24906.01,24920.01,756
2026-01-28T07:30:00+00:00,24920.01,24935,24910,24919,728
2026-01-28T07:45:00+00:00,24919,24924.51,24892.51,24897.5,794
2026-01-28T08:00:00+00:00,24897.5,24945.86,24889.87,24924.87,4662
2026-01-28T08:15:00+00:00,24924.87,24951.87,24920.35,24942.35,3047
2026-01-28T08:30:00+00:00,24942.35,24947.37,24884.35,24889.36,2243
2026-01-28T08:45:00+00:00,24889.36,24889.36,24817.36,24826.86,2566
2026-01-28T09:00:00+00:00,24826.86,24853.85,24823.85,24832.87,2067
2026-01-28T09:15:00+00:00,24832.87,24868.36,24828.85,24854.35,1819
2026-01-28T09:30:00+00:00,24854.35,24878.86,24848.35,24854.85,1660
2026-01-28T09:45:00+00:00,24854.85,24878.36,24849.87,24866.87,1584
2026-01-28T10:00:00+00:00,24866.87,24887.36,24842.37,24866.86,1560
2026-01-28T10:15:00+00:00,24866.86,24878.85,24853.37,24874.85,1366
2026-01-28T10:30:00+00:00,24874.85,24880.85,24857.85,24871.36,1394
2026-01-28T10:45:00+00:00,24871.36,24879.36,24856.87,24867.36,1520
2026-01-28T11:00:00+00:00,24867.36,24879.86,24855.85,24879.35,1426
2026-01-28T11:15:00+00:00,24879.35,24909.37,24870.35,24900.85,1975
2026-01-28T11:30:00+00:00,24900.85,24920.36,24894.85,24909.86,1687
2026-01-28T11:45:00+00:00,24909.86,24909.86,24864.85,24867.87,1592
2026-01-28T12:00:00+00:00,24867.87,24877.36,24784.25,24831.85,2702
2026-01-28T12:15:00+00:00,24831.85,24838.87,24784.87,24810.85,2752
2026-01-28T12:30:00+00:00,24810.85,24819.85,24769.86,24784.85,2427
2026-01-28T12:45:00+00:00,24784.85,24789.37,24733.35,24739.85,2998
2026-01-28T13:00:00+00:00,24739.85,24792.86,24737.85,24767.37,2528
2026-01-28T13:15:00+00:00,24767.37,24782.36,24754.37,24761.36,2167
2026-01-28T13:30:00+00:00,24761.36,24806.37,24757.36,24784.87,1759
2026-01-28T13:45:00+00:00,24784.87,24804.87,24772.85,24790.85,1633
2026-01-28T14:00:00+00:00,24790.85,24806.87,24773.86,24791.87,1874
2026-01-28T14:15:00+00:00,24791.87,24813.86,24782.37,24798.36,2381
2026-01-28T14:30:00+00:00,24798.36,24829.86,24778.35,24822.85,4491
2026-01-28T14:45:00+00:00,24822.85,24842.86,24813.85,24826.87,3351
2026-01-28T15:00:00+00:00,24826.87,24864.85,24813.86,24832.85,3831
2026-01-28T15:15:00+00:00,24832.85,24863.85,24830.36,24831.87,2901
2026-01-28T15:30:00+00:00,24831.87,24849.36,24816.85,24823.85,2727
2026-01-28T15:45:00+00:00,24823.85,24872.37,24820.85,24849.85,2237
2026-01-28T16:00:00+00:00,24849.85,24867.86,24841.86,24865.85,2133
2026-01-28T16:15:00+00:00,24865.85,24871.85,24853.85,24864.87,1964
2026-01-28T16:30:00+00:00,24864.87,24865.86,24822.85,24824.85,2117
2026-01-28T16:45:00+00:00,24824.85,24836.35,24809.35,24820.86,1326
2026-01-28T17:00:00+00:00,24820.86,24855.52,24820,24855.52,1022
2026-01-28T17:15:00+00:00,24855.52,24867.02,24849.01,24856.02,1109
2026-01-28T17:30:00+00:00,24856.02,24864.52,24852,24856.5,857
2026-01-28T17:45:00+00:00,24856.5,24867.01,24847.52,24848.51,706
2026-01-28T18:00:00+00:00,24848.51,24863.52,24845.02,24862.5,524
2026-01-28T18:15:00+00:00,24862.5,24872.5,24862.01,24864.02,429
2026-01-28T18:30:00+00:00,24864.02,24864.52,24852.5,24857.51,516
2026-01-28T18:45:00+00:00,24857.51,24866.52,24854,24859.02,554
2026-01-28T19:00:00+00:00,24859.02,24886.51,24845.26,24882.52,876
2026-01-28T19:15:00+00:00,24882.52,24885.51,24851.02,24852.51,1189
2026-01-28T19:30:00+00:00,24852.51,24896.02,24842,24874,3016
2026-01-28T19:45:00+00:00,24874,24896.01,24873.01,24876.02,1846
2026-01-28T20:00:00+00:00,24876.02,24893.52,24873.02,24889.02,1201
2026-01-28T20:15:00+00:00,24889.02,24899.01,24875.02,24877.02,835
2026-01-28T20:30:00+00:00,24877.02,24891.52,24875.5,24884.01,722
2026-01-28T20:45:00+00:00,24884.01,24901.51,24874.26,24885.25,989
2026-01-29T00:30:00+00:00,24885.25,24901.03,24885.25,24896.78,129
2026-01-29T00:45:00+00:00,24896.78,24903.03,24886.78,24896.54,118
2026-01-29T01:00:00+00:00,24896.54,24899.05,24884.78,24886.55,213
2026-01-29T01:15:00+00:00,24886.55,24886.55,24818.8,24836.79,255
2026-01-29T01:30:00+00:00,24836.79,24866.54,24836.78,24852.28,199.47516198704102
2026-01-29T01:45:00+00:00,24852.28,24871.55,24852.28,24863.54,254
2026-01-29T02:00:00+00:00,24863.54,24873.05,24846.29,24854.55,419
2026-01-29T02:15:00+00:00,24854.55,24890.04,24854.55,24887.04,168.44701492537314
2026-01-29T02:30:00+00:00,24887.04,24890.04,24862.55,24869.55,175.07341194370483
2026-01-29T02:45:00+00:00,24869.55,24890.05,24858.28,24875.04,183.54817346720785
2026-01-29T03:00:00+00:00,24875.04,24887.04,24873.03,24882.05,282
2026-01-29T03:15:00+00:00,24882.05,24894.04,24879.29,24887.03,137
2026-01-29T03:30:00+00:00,24887.03,24910.04,24882.3,24905.05,221
2026-01-29T03:45:00+00:00,24905.05,24910.05,24877.28,24881.53,165
2026-01-29T04:00:00+00:00,24881.53,24894.04,24874.28,24880.28,150.03847536857245
2026-01-29T04:15:00+00:00,24880.28,24900.04,24878.29,24894.05,114
2026-01-29T04:30:00+00:00,24894.05,24906.05,24892.28,24895.04,92.28657968313141
2026-01-29T04:45:00+00:00,24895.04,24902.54,24891.29,24892.55,103.80535843377938
2026-01-29T05:00:00+00:00,24892.55,24943.55,24892.55,24932.05,242.03359364264176
2026-01-29T05:15:00+00:00,24932.05,24941.04,24874.55,24889.28,202
2026-01-29T05:30:00+00:00,24889.28,24889.28,24840.29,24866.04,176
2026-01-29T05:45:00+00:00,24866.04,24871.55,24767.28,24767.3,157.29545454545456
2026-01-29T06:00:00+00:00,24767.3,24811.55,24767.28,24810.29,118
2026-01-29T06:15:00+00:00,24810.29,24856.04,24810.28,24847.29,162.34651162790698
2026-01-29T06:30:00+00:00,24847.29,24853.3,24811.54,24814.04,264
2026-01-29T06:45:00+00:00,24814.04,24824.03,24806.28,24820.05,159
2026-01-29T07:00:00+00:00,24820.05,24849.54,24808.04,24844.54,650
2026-01-29T07:15:00+00:00,24844.54,24849.54,24821.03,24832.53,487
2026-01-29T07:30:00+00:00,24832.53,24853.55,24828.03,24837.54,571
2026-01-29T07:45:00+00:00,24837.54,24851.55,24799.03,24801.04,868
2026-01-29T08:00:00+00:00,24801.04,24804.4,24601.89,24697.4,6894
2026-01-29T08:15:00+00:00,24697.4,24778.4,24695.4,24750.4,4847
2026-01-29T08:30:00+00:00,24750.4,24756.39,24668.38,24690.89,3694
2026-01-29T08:45:00+00:00,24690.89,24696.39,24628.88,24649.4,3031
2026-01-29T09:00:00+00:00,24649.4,24677.9,24639.88,24674.4,2750
2026-01-29T09:15:00+00:00,24674.4,24689.88,24613.88,24620.88,2450
2026-01-29T09:30:00+00:00,24620.88,24631.4,24601.88,24610.89,2391
2026-01-29T09:45:00+00:00,24610.89,24617.9,24538.88,24547.39,3227
2026-01-29T10:00:00+00:00,24547.39,24578.39,24546.88,24569.88,2998
2026-01-29T10:15:00+00:00,24569.88,24609.4,24564.38,24580.9,2649
2026-01-29T10:30:00+00:00,24580.9,24603.9,24556.38,24560.88,2410
2026-01-29T10:45:00+00:00,24560.88,24581.9,24527.38,24533.89,2627
2026-01-29T11:00:00+00:00,24533.89,24596.9,24523.9,24590.4,2880
2026-01-29T11:15:00+00:00,24590.4,24636.89,24583.89,24629.38,2495
2026-01-29T11:30:00+00:00,24629.38,24635.38,24605.9,24614.4,2172
2026-01-29T11:45:00+00:00,24614.4,24644.39,24611.4,24640.38,1536
2026-01-29T12:00:00+00:00,24640.38,24658.39,24633.89,24655.89,1619
2026-01-29T12:15:00+00:00,24655.89,24655.89,24612.4,24635.88,1754
2026-01-29T12:30:00+00:00,24635.88,24637.38,24586.9,24596.9,2019
2026-01-29T12:45:00+00:00,24596.9,24608.4,24581.88,24582.88,1825
2026-01-29T13:00:00+00:00,24582.88,24600.4,24582.38,24588.38,1808
2026-01-29T13:15:00+00:00,24588.38,24589.4,24559.88,24585.39,2328
2026-01-29T13:30:00+00:00,24585.39,24600.9,24568.4,24572.39,1809
2026-01-29T13:45:00+00:00,24572.39,24627.9,24570.89,24625.9,2080
2026-01-29T14:00:00+00:00,24625.9,24641.38,24613.9,24618.88,2273
2026-01-29T14:15:00+00:00,24618.88,24625.4,24577.39,24587.9,1980
2026-01-29T14:30:00+00:00,24587.9,24607.4,24550.89,24598.89,3873
2026-01-29T14:45:00+00:00,24598.89,24598.89,24447.88,24450.4,4983
2026-01-29T15:00:00+00:00,24450.4,24478.88,24437.39,24450.89,5521
2026-01-29T15:15:00+00:00,24450.89,24491.9,24436.88,24436.9,4387
2026-01-29T15:30:00+00:00,24436.9,24436.9,24342.9,24363.89,3679
2026-01-29T15:45:00+00:00,24363.89,24396.4,24291.88,24317.38,4196
2026-01-29T16:00:00+00:00,24317.38,24354.39,24283.38,24353.9,5044
2026-01-29T16:15:00+00:00,24353.9,24384.4,24312.9,24314.89,3985
2026-01-29T16:30:00+00:00,24314.89,24388.9,24311.88,24371.39,4049
2026-01-29T16:45:00+00:00,24371.39,24382.9,24359.4,24374.89,2931
2026-01-29T17:00:00+00:00,24374.89,24463.55,24372.53,24455.05,1965
2026-01-29T17:15:00+00:00,24455.05,24489.05,24453.04,24475.54,1577
2026-01-29T17:30:00+00:00,24475.54,24484.53,24448.04,24450.54,1620
2026-01-29T17:45:00+00:00,24450.54,24452.05,24399.53,24411.53,1740
2026-01-29T18:00:00+00:00,24411.53,24461.54,24406.54,24453.05,1566
2026-01-29T18:15:00+00:00,24453.05,24459.55,24437.04,24458.03,1045
2026-01-29T18:30:00+00:00,24458.03,24481.05,24439.53,24470.55,1304
2026-01-29T18:45:00+00:00,24470.55,24474.04,24450.03,24450.55,1190
2026-01-29T19:00:00+00:00,24450.55,24475.05,24447.53,24467.03,1046
2026-01-29T19:15:00+00:00,24467.03,24483.05,24463.05,24480.53,650
2026-01-29T19:30:00+00:00,24480.53,24484.05,24455.53,24470.55,989
2026-01-29T19:45:00+00:00,24470.55,24480.03,24459.53,24460.05,615
2026-01-29T20:00:00+00:00,24460.05,24486.53,24459.53,24477.55,783
2026-01-29T20:15:00+00:00,24477.55,24482.53,24461.05,24461.53,701
2026-01-29T20:30:00+00:00,24461.53,24486.05,24451.55,24472.05,849
2026-01-29T20:45:00+00:00,24472.05,24504.03,24463.53,24495.3,1098
2026-01-30T00:30:00+00:00,24495.3,24539.03,24495.3,24506.04,173
2026-01-30T00:45:00+00:00,24506.04,24511.79,24501.03,24503.28,177
2026-01-30T01:00:00+00:00,24503.28,24505.3,24484.03,24491.29,197.43287327478043
2026-01-30T01:15:00+00:00,24491.29,24501.3,24469.53,24479.55,216
2026-01-30T01:30:00+00:00,24479.55,24487.29,24433.53,24448.54,308
2026-01-30T01:45:00+00:00,24448.54,24474.55,24443.54,24465.55,189
2026-01-30T02:00:00+00:00,24465.55,24480.28,24455.54,24460.53,541
2026-01-30T02:15:00+00:00,24460.53,24473.3,24430.53,24437.29,286.1730031399575
2026-01-30T02:30:00+00:00,24437.29,24445.29,24412.78,24432.55,406
2026-01-30T02:45:00+00:00,24432.55,24459.3,24430.55,24455.54,227.78761904761905
2026-01-30T03:00:00+00:00,24455.54,24511.79,24455.54,24493.53,138.57174611015066
2026-01-30T03:15:00+00:00,24493.53,24494.3,24462.53,24478.55,146
2026-01-30T03:30:00+00:00,24478.55,24504.29,24478.53,24485.03,128.68268599036173
2026-01-30T03:45:00+00:00,24485.03,24491.29,24482.03,24487.54,68.12569920877334
2026-01-30T04:00:00+00:00,24487.54,24501.28,24478.54,24496.54,127
2026-01-30T04:15:00+00:00,24496.54,24499.28,24466.53,24473.53,118
2026-01-30T04:30:00+00:00,24473.53,24489.3,24459.55,24471.54,115
2026-01-30T04:45:00+00:00,24471.54,24478.8,24459.54,24466.3,137
2026-01-30T05:00:00+00:00,24466.3,24477.79,24457.53,24462.53,170
2026-01-30T05:15:00+00:00,24462.53,24471.28,24449.53,24461.55,179.1882809133994
2026-01-30T05:30:00+00:00,24461.55,24463.8,24440.53,24441.29,137
2026-01-30T05:45:00+00:00,24441.29,24460.78,24435.55,24453.29,179
2026-01-30T06:00:00+00:00,24453.29,24461.79,24452.53,24461.3,150.17322372284204
2026-01-30T06:15:00+00:00,24461.3,24461.79,24433.53,24436.53,160
2026-01-30T06:30:00+00:00,24436.53,24467.3,24435.55,24461.28,212
2026-01-30T06:45:00+00:00,24461.28,24485.3,24441.78,24444.29,411
2026-01-30T07:00:00+00:00,24444.29,24470.8,24413.8,24462.79,735
2026-01-30T07:15:00+00:00,24462.79,24467.79,24449.8,24455.8,561
2026-01-30T07:30:00+00:00,24455.8,24471.29,24414.79,24419.29,783
2026-01-30T07:45:00+00:00,24419.29,24421.29,24345.55,24362.8,1198
2026-01-30T08:00:00+00:00,24362.8,24469.15,24337.55,24467.65,4110
2026-01-30T08:15:00+00:00,24467.65,24518.15,24452.15,24508.65,2713
2026-01-30T08:30:00+00:00,24508.65,24527.13,24469.14,24527.13,2591
2026-01-30T08:45:00+00:00,24527.13,24556.13,24524.63,24555.14,1686
2026-01-30T09:00:00+00:00,24555.14,24556.65,24524.63,24524.63,1726
2026-01-30T09:15:00+00:00,24524.63,24553.64,24493.63,24551.63,1843
2026-01-30T09:30:00+00:00,24551.63,24555.13,24510.65,24520.13,1952
2026-01-30T09:45:00+00:00,24520.13,24520.64,24483.14,24492.13,2056
2026-01-30T10:00:00+00:00,24492.13,24508.15,24480.64,24495.65,1878
2026-01-30T10:15:00+00:00,24495.65,24497.15,24437.15,24453.13,1821
2026-01-30T10:30:00+00:00,24453.13,24501.13,24452.13,24470.14,1770
2026-01-30T10:45:00+00:00,24470.14,24495.14,24464.13,24475.63,1709
2026-01-30T11:00:00+00:00,24475.63,24504.15,24465.13,24491.65,1427
2026-01-30T11:15:00+00:00,24491.65,24520.63,24488.14,24514.13,1335
2026-01-30T11:30:00+00:00,24514.13,24546.15,24508.65,24544.15,1329
2026-01-30T11:45:00+00:00,24544.15,24585.65,24540.13,24573.13,1527
2026-01-30T12:00:00+00:00,24573.13,24601.15,24562.63,24568.13,1725
2026-01-30T12:15:00+00:00,24568.13,24584.15,24540.13,24540.13,1575
2026-01-30T12:30:00+00:00,24540.13,24564.15,24535.65,24540.65,1408
2026-01-30T12:45:00+00:00,24540.65,24559.14,24537.13,24543.65,1535
2026-01-30T13:00:00+00:00,24543.65,24562.15,24520.64,24559.64,1378
2026-01-30T13:15:00+00:00,24559.64,24560.64,24526.15,24540.15,1229
2026-01-30T13:30:00+00:00,24540.15,24540.15,24512.54,24534.13,1956
2026-01-30T13:45:00+00:00,24534.13,24538.15,24500.64,24501.63,2028
2026-01-30T14:00:00+00:00,24501.63,24547.14,24497.14,24545.14,2237
2026-01-30T14:15:00+00:00,24545.14,24572.65,24541.14,24572.13,1782
2026-01-30T14:30:00+00:00,24572.13,24613.15,24560.15,24595.63,4336
2026-01-30T14:45:00+00:00,24595.63,24602.14,24539.13,24549.64,4020
2026-01-30T15:00:00+00:00,24549.64,24596.13,24543.65,24585.15,4275
2026-01-30T15:15:00+00:00,24585.15,24593.15,24547.65,24551.14,4110
2026-01-30T15:30:00+00:00,24551.14,24614.15,24543.13,24609.13,3567
2026-01-30T15:45:00+00:00,24609.13,24616.13,24550.63,24551.63,3045
2026-01-30T16:00:00+00:00,24551.63,24586.15,24547.13,24566.63,2673
2026-01-30T16:15:00+00:00,24566.63,24567.15,24520.65,24553.14,2619
2026-01-30T16:30:00+00:00,24553.14,24599.65,24541.15,24571.64,4064
2026-01-30T16:45:00+00:00,24571.64,24582.14,24536.13,24539.63,3164
2026-01-30T17:00:00+00:00,24539.63,24552.3,24509.28,24522.3,2723
2026-01-30T17:15:00+00:00,24522.3,24564.3,24513.78,24559.8,2328
2026-01-30T17:30:00+00:00,24559.8,24567.79,24528.8,24547.28,2588
2026-01-30T17:45:00+00:00,24547.28,24565.3,24528.3,24529.79,2360
2026-01-30T18:00:00+00:00,24529.79,24540.8,24516.28,24519.3,1746
2026-01-30T18:15:00+00:00,24519.3,24521.8,24454.28,24508.3,1531
2026-01-30T18:30:00+00:00,24508.3,24509.8,24464.78,24481.28,256
2026-01-30T18:45:00+00:00,24481.28,24544.29,24479.8,24529.78,1260
2026-01-30T19:00:00+00:00,24529.78,24545.3,24524.28,24536.78,1626
2026-01-30T19:15:00+00:00,24536.78,24557.8,24530.78,24530.8,1324
2026-01-30T19:30:00+00:00,24530.8,24550.8,24518.28,24535.29,2031
2026-01-30T19:45:00+00:00,24535.29,24550.79,24522.29,24524.3,1205
2026-01-30T20:00:00+00:00,24524.3,24546.8,24521.29,24527.29,1132
2026-01-30T20:15:00+00:00,24527.29,24532.8,24513.28,24520.3,1112
2026-01-30T20:30:00+00:00,24520.3,24534.3,24513.28,24525.78,1088
2026-01-30T20:45:00+00:00,24525.78,24555.3,24515.53,24519.04,1527
2026-02-02T00:30:00+00:00,24519.04,24523.66,24509.65,24510.91,148.43346516968614
2026-02-02T00:45:00+00:00,24510.91,24527.67,24500.92,24500.92,205
2026-02-02T01:00:00+00:00,24500.92,24525.17,24452.67,24467.17,354
2026-02-02T01:15:00+00:00,24467.17,24470.67,24412.9,24446.66,379
2026-02-02T01:30:00+00:00,24446.66,24450.65,24397.9,24419.91,387
2026-02-02T01:45:00+00:00,24419.91,24432.65,24387.9,24399.9,400
2026-02-02T02:00:00+00:00,24399.9,24422.17,24387.15,24412.67,688
2026-02-02T02:15:00+00:00,24412.67,24422.15,24390.91,24404.65,443
2026-02-02T02:30:00+00:00,24404.65,24423.65,24391.91,24408.67,473
2026-02-02T02:45:00+00:00,24408.67,24408.67,24366.9,24377.66,365
2026-02-02T03:00:00+00:00,24377.66,24399.66,24344.91,24358.9,232
2026-02-02T03:15:00+00:00,24358.9,24373.66,24354.9,24361.67,317
2026-02-02T03:30:00+00:00,24361.67,24365.65,24303.9,24308.92,449
2026-02-02T03:45:00+00:00,24308.92,24339.15,24289.9,24316.91,486
2026-02-02T04:00:00+00:00,24316.91,24324.65,24248.91,24271.9,567
2026-02-02T04:15:00+00:00,24271.9,24302.91,24268.91,24295.91,195.72080291970804
2026-02-02T04:30:00+00:00,24295.91,24348.66,24291.9,24347.17,201
2026-02-02T04:45:00+00:00,24347.17,24349.67,24325.42,24331.16,99.60236738272687
2026-02-02T05:00:00+00:00,24331.16,24343.15,24313.15,24326.67,252.3410560268361
2026-02-02T05:15:00+00:00,24326.67,24329.16,24294.4,24295.4,230
2026-02-02T05:30:00+00:00,24295.4,24307.41,24270.42,24271.4,286
2026-02-02T05:45:00+00:00,24271.4,24311.9,24264.4,24296.41,143.3942680986476
2026-02-02T06:00:00+00:00,24296.41,24334.41,24293.41,24294.4,299
2026-02-02T06:15:00+00:00,24294.4,24325.16,24281.16,24323.66,383
2026-02-02T06:30:00+00:00,24323.66,24334.17,24292.42,24324.4,428
2026-02-02T06:45:00+00:00,24324.4,24327.67,24238.17,24315.4,447
2026-02-02T07:00:00+00:00,24315.4,24346.17,24287.16,24292.15,1258
2026-02-02T07:15:00+00:00,24292.15,24347.16,24284.15,24343.66,1193
2026-02-02T07:30:00+00:00,24343.66,24368.17,24340.16,24358.65,1257
2026-02-02T07:45:00+00:00,24358.65,24384.16,24340.65,24381.16,1672
2026-02-02T08:00:00+00:00,24381.16,24498.51,24380.02,24487.02,5170
2026-02-02T08:15:00+00:00,24487.02,24516.02,24467.5,24478.01,3336
2026-02-02T08:30:00+00:00,24478.01,24561,24476.02,24555.51,2753
2026-02-02T08:45:00+00:00,24555.51,24593.02,24551.51,24574.01,2079
2026-02-02T09:00:00+00:00,24574.01,24596.52,24538,24579,2695
2026-02-02T09:15:00+00:00,24579,24606.52,24565.5,24592,2228
2026-02-02T09:30:00+00:00,24592,24616.52,24580.01,24609.01,2083
2026-02-02T09:45:00+00:00,24609.01,24638.02,24600.02,24613.5,1928
2026-02-02T10:00:00+00:00,24613.5,24652.51,24613.01,24624.5,1966
2026-02-02T10:15:00+00:00,24624.5,24650.02,24614,24650.02,1876
2026-02-02T10:30:00+00:00,24650.02,24664.52,24640.02,24650.02,1777
2026-02-02T10:45:00+00:00,24650.02,24654.02,24640,24645,1286
2026-02-02T11:00:00+00:00,24645,24704.02,24645,24700.02,1457
2026-02-02T11:15:00+00:00,24700.02,24709.51,24686,24709.51,1282
2026-02-02T11:30:00+00:00,24709.51,24719.02,24692,24699.01,1609
2026-02-02T11:45:00+00:00,24699.01,24735.52,24695.5,24726,1402
2026-02-02T12:00:00+00:00,24726,24755.01,24721,24749.52,1789
2026-02-02T12:15:00+00:00,24749.52,24777.01,24740,24770.01,1730
2026-02-02T12:30:00+00:00,24770.01,24787.51,24755.01,24786.02,1470
2026-02-02T12:45:00+00:00,24786.02,24799.01,24758,24763,1551
2026-02-02T13:00:00+00:00,24763,24776.02,24739,24773.02,2039
2026-02-02T13:15:00+00:00,24773.02,24775.01,24744,24754,2021
2026-02-02T13:30:00+00:00,24754,24768.02,24734.02,24767.52,1757
2026-02-02T13:45:00+00:00,24767.52,24792.02,24766.52,24786.01,1928
2026-02-02T14:00:00+00:00,24786.01,24797.51,24772,24793.51,1804
2026-02-02T14:15:00+00:00,24793.51,24813.01,24776.01,24783.5,2031
2026-02-02T14:30:00+00:00,24783.5,24807.52,24769,24785.01,6093
2026-02-02T14:45:00+00:00,24785.01,24805.02,24765.5,24776.42,3147
2026-02-02T15:00:00+00:00,24776.42,24842.52,24766.5,24838,3647
2026-02-02T15:15:00+00:00,24838,24888.5,24832,24864.01,3124
2026-02-02T15:30:00+00:00,24864.01,24866.02,24832.01,24837.01,3359
2026-02-02T15:45:00+00:00,24837.01,24840.01,24805.5,24831.52,3464
2026-02-02T16:00:00+00:00,24831.52,24853,24812.5,24848,3066
2026-02-02T16:15:00+00:00,24848,24859.02,24816.5,24817.01,2655
2026-02-02T16:30:00+00:00,24817.01,24831.52,24808,24829.02,2265
2026-02-02T16:45:00+00:00,24829.02,24830.51,24809.51,24823,2053
2026-02-02T17:00:00+00:00,24823,24844.15,24819.65,24835.67,1340
2026-02-02T17:15:00+00:00,24835.67,24846.67,24829.15,24832.65,1150
2026-02-02T17:30:00+00:00,24832.65,24846.66,24829.17,24839.65,1063
2026-02-02T17:45:00+00:00,24839.65,24858.67,24838.65,24849.17,1086
2026-02-02T18:00:00+00:00,24849.17,24859.17,24846.65,24848.67,596
2026-02-02T18:15:00+00:00,24848.67,24848.67,24827.65,24831.15,1143
2026-02-02T18:30:00+00:00,24831.15,24845.67,24827.66,24845.17,687
2026-02-02T18:45:00+00:00,24845.17,24859.66,24844.65,24849.67,706
2026-02-02T19:00:00+00:00,24849.67,24865.67,24847.15,24857.67,536
2026-02-02T19:15:00+00:00,24857.67,24862.67,24854.65,24855.16,606
2026-02-02T19:30:00+00:00,24855.16,24858.66,24843.67,24857.67,636
2026-02-02T19:45:00+00:00,24857.67,24869.66,24843.16,24845.67,932
2026-02-02T20:00:00+00:00,24845.67,24865.17,24840.15,24851.17,1893
2026-02-02T20:15:00+00:00,24851.17,24868.66,24848.66,24867.65,966
2026-02-02T20:30:00+00:00,24867.65,24875.67,24861.65,24868.15,988
2026-02-02T20:45:00+00:00,24868.15,24891.17,24865.66,24878.91,1372
2026-02-03T00:30:00+00:00,24878.91,24907.31,24878.91,24896.29,210
2026-02-03T00:45:00+00:00,24896.29,24911.3,24894.81,24910.3,158
2026-02-03T01:00:00+00:00,24910.3,24927.3,24909.3,24926.31,219
2026-02-03T01:15:00+00:00,24926.31,24931.8,24917.06,24928.79,237
2026-02-03T01:30:00+00:00,24928.79,24928.79,24913.06,24926.29,278
2026-02-03T01:45:00+00:00,24926.29,24932.31,24917.06,24931.8,191
2026-02-03T02:00:00+00:00,24931.8,24931.8,24907.04,24910.05,147
2026-02-03T02:15:00+00:00,24910.05,24923.54,24894.56,24901.56,131.39462424251184
2026-02-03T02:30:00+00:00,24901.56,24907.54,24888.56,24897.54,126
2026-02-03T02:45:00+00:00,24897.54,24912.56,24890.55,24909.54,174.0314335060449
2026-02-03T03:00:00+00:00,24909.54,24916.3,24896.54,24901.55,107.99195241427572
2026-02-03T03:15:00+00:00,24901.55,24910.81,24897.55,24909.55,73.9755629017487
2026-02-03T03:30:00+00:00,24909.55,24925.31,24904.56,24924.3,114.48211382113821
2026-02-03T03:45:00+00:00,24924.3,24924.3,24915.56,24921.55,56.09474266658145
2026-02-03T04:00:00+00:00,24921.55,24939.81,24921.55,24939.81,138
2026-02-03T04:15:00+00:00,24939.81,24941.31,24933.54,24940.3,63.27395577395578
2026-02-03T04:30:00+00:00,24940.3,24977.31,24940.3,24976.3,240
2026-02-03T04:45:00+00:00,24976.3,24977.81,24957.56,24962.79,147
2026-02-03T05:00:00+00:00,24962.79,24963.79,24901.56,24908.79,340
2026-02-03T05:15:00+00:00,24908.79,24931.56,24897.55,24919.3,292
2026-02-03T05:30:00+00:00,24919.3,24929.3,24911.56,24921.3,142
2026-02-03T05:45:00+00:00,24921.3,24936.8,24916.54,24919.31,160
2026-02-03T06:00:00+00:00,24919.31,24940.8,24907.55,24932.8,160
2026-02-03T06:15:00+00:00,24932.8,24938.3,24920.55,24922.8,201
2026-02-03T06:30:00+00:00,24922.8,24947.81,24919.29,24945.29,211
2026-02-03T06:45:00+00:00,24945.29,24952.3,24939.8,24947.79,156
2026-02-03T07:00:00+00:00,24947.79,25004.81,24941.3,24985.79,727
2026-02-03T07:15:00+00:00,24985.79,24999.8,24965.29,24996.3,725
2026-02-03T07:30:00+00:00,24996.3,25008.79,24981.31,24985.29,816
2026-02-03T07:45:00+00:00,24985.29,25000.31,24975.3,24982.79,1111
2026-02-03T08:00:00+00:00,24982.79,25090.15,24971.15,25090.15,4725
2026-02-03T08:15:00+00:00,25090.15,25135.66,25081.64,25110.16,3197
2026-02-03T08:30:00+00:00,25110.16,25120.16,25084.14,25117.16,2987
2026-02-03T08:45:00+00:00,25117.16,25125.15,25075.66,25106.15,2324
2026-02-03T09:00:00+00:00,25106.15,25124.14,25081.65,25082.65,2081
2026-02-03T09:15:00+00:00,25082.65,25085.16,25009.14,25011.14,2248
2026-02-03T09:30:00+00:00,25011.14,25019.16,24978.65,24983.65,2365
2026-02-03T09:45:00+00:00,24983.65,25000.15,24960.64,24978.14,2092
2026-02-03T10:00:00+00:00,24978.14,25004.66,24956.65,24957.15,2093
2026-02-03T10:15:00+00:00,24957.15,24965.15,24925.14,24927.64,1596
2026-02-03T10:30:00+00:00,24927.64,24942.66,24903.16,24913.15,2165
2026-02-03T10:45:00+00:00,24913.15,24914.65,24882.65,24883.66,2194
2026-02-03T11:00:00+00:00,24883.66,24887.16,24850.16,24879.65,2526
2026-02-03T11:15:00+00:00,24879.65,24889.65,24867.15,24883.14,1807
2026-02-03T11:30:00+00:00,24883.14,24894.66,24861.64,24894.14,2148
2026-02-03T11:45:00+00:00,24894.14,24918.66,24878.65,24914.16,2103
2026-02-03T12:00:00+00:00,24914.16,24914.16,24881.15,24893.15,1998
2026-02-03T12:15:00+00:00,24893.15,24904.16,24876.64,24902.15,1775
2026-02-03T12:30:00+00:00,24902.15,24947.65,24902.15,24946.65,1423
2026-02-03T12:45:00+00:00,24946.65,24950.15,24888.15,24890.14,1472
2026-02-03T13:00:00+00:00,24890.14,24909.16,24870.64,24892.64,1729
2026-02-03T13:15:00+00:00,24892.64,24904.16,24875.14,24892.66,1653
2026-02-03T13:30:00+00:00,24892.66,24894.15,24842.65,24845.66,2034
2026-02-03T13:45:00+00:00,24845.66,24846.16,24824.14,24838.16,1906
2026-02-03T14:00:00+00:00,24838.16,24846.16,24790.14,24790.65,2320
2026-02-03T14:15:00+00:00,24790.65,24799.14,24775.15,24791.66,2125
2026-02-03T14:30:00+00:00,24791.66,24823.66,24775.15,24799.66,5470
2026-02-03T14:45:00+00:00,24799.66,24846.16,24738.14,24743.16,5367
2026-02-03T15:00:00+00:00,24743.16,24800.65,24732.56,24789.66,6165
2026-02-03T15:15:00+00:00,24789.66,24819.66,24753.64,24806.64,6250
2026-02-03T15:30:00+00:00,24806.64,24812.66,24761.64,24773.16,6332
2026-02-03T15:45:00+00:00,24773.16,24846.64,24765.66,24830.65,4451
2026-02-03T16:00:00+00:00,24830.65,24850.64,24809.14,24825.66,4494
2026-02-03T16:15:00+00:00,24825.66,24832.16,24800.65,24807.14,3946
2026-02-03T16:30:00+00:00,24807.14,24821.16,24785.14,24798.16,3478
2026-02-03T16:45:00+00:00,24798.16,24806.15,24773.14,24791.64,2931
2026-02-03T17:00:00+00:00,24791.64,24795.31,24712.56,24726.8,3295
2026-02-03T17:15:00+00:00,24726.8,24773.8,24717.31,24741.29,2180
2026-02-03T17:30:00+00:00,24741.29,24752.31,24730.79,24744.3,2275
2026-02-03T17:45:00+00:00,24744.3,24779.79,24734.31,24735.3,2506
2026-02-03T18:00:00+00:00,24735.3,24772.3,24701.29,24704.29,2280
2026-02-03T18:15:00+00:00,24704.29,24727.79,24689.31,24714.31,1916
2026-02-03T18:30:00+00:00,24714.31,24724.3,24693.3,24694.81,1789
2026-02-03T18:45:00+00:00,24694.81,24708.3,24677.3,24678.29,1973
2026-02-03T19:00:00+00:00,24678.29,24712.81,24652.29,24710.29,2209
2026-02-03T19:15:00+00:00,24710.29,24748.81,24708.3,24718.79,2944
2026-02-03T19:30:00+00:00,24718.79,24739.3,24709.79,24725.31,3185
2026-02-03T19:45:00+00:00,24725.31,24748.31,24696.79,24745.31,2524
2026-02-03T20:00:00+00:00,24745.31,24748.81,24725.3,24737.81,2128
2026-02-03T20:15:00+00:00,24737.81,24747.31,24722.29,24732.81,1789
2026-02-03T20:30:00+00:00,24732.81,24762.31,24732.81,24753.81,1606
2026-02-03T20:45:00+00:00,24753.81,24790.81,24748.79,24782.54,1592
2026-02-04T00:30:00+00:00,24782.54,24816.67,24782.54,24797.92,171
2026-02-04T00:45:00+00:00,24797.92,24805.66,24792.9,24804.4,101.04163912989662
2026-02-04T01:00:00+00:00,24804.4,24831.66,24804.4,24831.41,232
2026-02-04T01:15:00+00:00,24831.41,24856.17,24831.4,24850.41,120
2026-02-04T01:30:00+00:00,24850.41,24850.42,24821.4,24828.4,133
2026-02-04T01:45:00+00:00,24828.4,24838.16,24822.42,24835.41,97.78394097374901
2026-02-04T02:00:00+00:00,24835.41,24864.15,24835.41,24841.16,131
2026-02-04T02:15:00+00:00,24841.16,24841.16,24817.4,24823.4,141
2026-02-04T02:30:00+00:00,24823.4,24836.66,24823.4,24831.42,102
2026-02-04T02:45:00+00:00,24831.42,24836.65,24810.4,24818.16,231
2026-02-04T03:00:00+00:00,24818.16,24829.16,24804.4,24820.4,167
2026-02-04T03:15:00+00:00,24820.4,24824.92,24803.9,24806.9,87.53198244441056
2026-02-04T03:30:00+00:00,24806.9,24837.65,24806.9,24829.91,125.28641765587804
2026-02-04T03:45:00+00:00,24829.91,24831.66,24813.9,24825.9,134
2026-02-04T04:00:00+00:00,24825.9,24833.65,24810.91,24822.9,89.03453772582358
2026-02-04T04:15:00+00:00,24822.9,24824.65,24800.92,24807.9,120
2026-02-04T04:30:00+00:00,24807.9,24820.67,24805.9,24812.91,93
2026-02-04T04:45:00+00:00,24812.91,24817.92,24799.92,24806.9,147
2026-02-04T05:00:00+00:00,24806.9,24816.17,24803.9,24805.16,222
2026-02-04T05:15:00+00:00,24805.16,24810.15,24798.92,24803.92,110.69214131218457
2026-02-04T05:30:00+00:00,24803.92,24807.66,24785.9,24805.65,128.3670520231214
2026-02-04T05:45:00+00:00,24805.65,24813.15,24793.9,24805.91,111
2026-02-04T06:00:00+00:00,24805.91,24815.17,24787.9,24808.17,265.37509266123055
2026-02-04T06:15:00+00:00,24808.17,24814.15,24791.16,24809.16,268
2026-02-04T06:30:00+00:00,24809.16,24839.67,24808.67,24827.9,222
2026-02-04T06:45:00+00:00,24827.9,24848.17,24823.91,24842.16,238
2026-02-04T07:00:00+00:00,24842.16,24878.15,24839.67,24870.65,661
2026-02-04T07:15:00+00:00,24870.65,24889.65,24866.65,24883.17,511
2026-02-04T07:30:00+00:00,24883.17,24883.66,24864.16,24874.66,681
2026-02-04T07:45:00+00:00,24874.66,24899.65,24872.15,24883.16,856
2026-02-04T08:00:00+00:00,24883.16,24903.01,24829,24893,4751
2026-02-04T08:15:00+00:00,24893,24905.52,24799.5,24811.01,3155
2026-02-04T08:30:00+00:00,24811.01,24816.02,24760.51,24787.52,3055
2026-02-04T08:45:00+00:00,24787.52,24787.52,24722.51,24727.5,3280
2026-02-04T09:00:00+00:00,24727.5,24736.02,24667.02,24681.01,3766
2026-02-04T09:15:00+00:00,24681.01,24711.01,24646.51,24710.02,3351
2026-02-04T09:30:00+00:00,24710.02,24720.52,24670,24680.02,3126
2026-02-04T09:45:00+00:00,24680.02,24739.52,24680.02,24730.51,2522
2026-02-04T10:00:00+00:00,24730.51,24770.52,24726,24768.02,2615
2026-02-04T10:15:00+00:00,24768.02,24781.52,24747.51,24757.51,2191
2026-02-04T10:30:00+00:00,24757.51,24792.51,24757,24790.01,2331
2026-02-04T10:45:00+00:00,24790.01,24807.01,24776.02,24787.52,1760
2026-02-04T11:00:00+00:00,24787.52,24796.52,24740.5,24755.5,2030
2026-02-04T11:15:00+00:00,24755.5,24775.52,24744,24750.01,1456
2026-02-04T11:30:00+00:00,24750.01,24774.52,24743.01,24768.5,1868
2026-02-04T11:45:00+00:00,24768.5,24814.52,24768.01,24804.02,2107
2026-02-04T12:00:00+00:00,24804.02,24827.51,24799.5,24809,1925
2026-02-04T12:15:00+00:00,24809,24815.5,24762.5,24763,1845
2026-02-04T12:30:00+00:00,24763,24768,24711.02,24717.02,2038
2026-02-04T12:45:00+00:00,24717.02,24743.52,24716.5,24738,2135
2026-02-04T13:00:00+00:00,24738,24753.51,24720,24736.01,2269
2026-02-04T13:15:00+00:00,24736.01,24738.01,24702,24722.52,1781
2026-02-04T13:30:00+00:00,24722.52,24744.52,24713.5,24727.5,2289
2026-02-04T13:45:00+00:00,24727.5,24741.02,24705,24705.5,2393
2026-02-04T14:00:00+00:00,24705.5,24707.02,24669.02,24675.5,2505
2026-02-04T14:15:00+00:00,24675.5,24714.02,24674.01,24705.01,2442
2026-02-04T14:30:00+00:00,24705.01,24708.51,24658.5,24694.52,8466
2026-02-04T14:45:00+00:00,24694.52,24741.51,24658.02,24663.9,6984
2026-02-04T15:00:00+00:00,24663.9,24748,24653.9,24737.5,8094
2026-02-04T15:15:00+00:00,24737.5,24788.51,24730.5,24759.51,8791
2026-02-04T15:30:00+00:00,24759.51,24770.01,24689,24738.01,7489
2026-02-04T15:45:00+00:00,24738.01,24744,24685.5,24703.01,7811
2026-02-04T16:00:00+00:00,24703.01,24713.52,24659.52,24689.02,5244
2026-02-04T16:15:00+00:00,24689.02,24707.02,24640.02,24682.51,4798
2026-02-04T16:30:00+00:00,24682.51,24691,24618.01,24621.01,4261
2026-02-04T16:45:00+00:00,24621.01,24666.02,24595,24663.02,3425
2026-02-04T17:00:00+00:00,24663.02,24673.67,24645.15,24668.66,3061
2026-02-04T17:15:00+00:00,24668.66,24674.66,24552.9,24559.67,2837
2026-02-04T17:30:00+00:00,24559.67,24599.67,24546.66,24589.17,3048
2026-02-04T17:45:00+00:00,24589.17,24613.67,24563.65,24613.17,2353
2026-02-04T18:00:00+00:00,24613.17,24617.17,24558.66,24571.67,2063
2026-02-04T18:15:00+00:00,24571.67,24631.17,24561.66,24629.66,1837
2026-02-04T18:30:00+00:00,24629.66,24630.17,24581.15,24604.15,2100
2026-02-04T18:45:00+00:00,24604.15,24637.16,24583.66,24617.66,1700
2026-02-04T19:00:00+00:00,24617.66,24623.17,24589.15,24608.67,1972
2026-02-04T19:15:00+00:00,24608.67,24634.67,24603.17,24623.66,1406
2026-02-04T19:30:00+00:00,24623.66,24661.16,24622.16,24652.15,1490
2026-02-04T19:45:00+00:00,24652.15,24699.65,24645.66,24682.66,2223
2026-02-04T20:00:00+00:00,24682.66,24684.17,24646.66,24667.67,1444
2026-02-04T20:15:00+00:00,24667.67,24679.66,24655.65,24663.65,1322
2026-02-04T20:30:00+00:00,24663.65,24692.67,24661.65,24684.65,1507
2026-02-04T20:45:00+00:00,24684.65,24687.16,24625.66,24645.42,1278
2026-02-05T00:30:00+00:00,24645.42,24711.38,24645.42,24707.37,222
2026-02-05T00:45:00+00:00,24707.37,24707.37,24691.62,24699.63,214
2026-02-05T01:00:00+00:00,24699.63,24740.37,24693.63,24725.62,347
2026-02-05T01:15:00+00:00,24725.62,24732.39,24701.64,24722.88,485
2026-02-05T01:30:00+00:00,24722.88,24741.64,24722.62,24740.64,202
2026-02-05T01:45:00+00:00,24740.64,24745.37,24732.62,24734.63,236
2026-02-05T02:00:00+00:00,24734.63,24745.37,24663.63,24664.37,618
2026-02-05T02:15:00+00:00,24664.37,24694.63,24627.64,24689.62,600
2026-02-05T02:30:00+00:00,24689.62,24698.64,24674.62,24694.62,496
2026-02-05T02:45:00+00:00,24694.62,24696.64,24617.62,24617.64,836
2026-02-05T03:00:00+00:00,24617.64,24653.64,24607.63,24648.64,593
2026-02-05T03:15:00+00:00,24648.64,24667.63,24627.63,24638.63,448
2026-02-05T03:30:00+00:00,24638.63,24647.64,24615.62,24647.64,439
2026-02-05T03:45:00+00:00,24647.64,24647.64,24593.63,24608.62,286.1456362662859
2026-02-05T04:00:00+00:00,24608.62,24629.88,24604.62,24606.63,199
2026-02-05T04:15:00+00:00,24606.63,24608.63,24567.63,24582.63,643
2026-02-05T04:30:00+00:00,24582.63,24630.64,24579.62,24628.63,375
2026-02-05T04:45:00+00:00,24628.63,24648.38,24619.63,24628.64,256
2026-02-05T05:00:00+00:00,24628.64,24638.39,24615.62,24616.38,364
2026-02-05T05:15:00+00:00,24616.38,24626.64,24594.64,24620.64,449
2026-02-05T05:30:00+00:00,24620.64,24671.62,24614.63,24651.64,494
2026-02-05T05:45:00+00:00,24651.64,24655.64,24620.63,24630.62,314
2026-02-05T06:00:00+00:00,24630.62,24655.37,24630.62,24647.64,209
2026-02-05T06:15:00+00:00,24647.64,24668.88,24635.62,24649.88,445
2026-02-05T06:30:00+00:00,24649.88,24666.89,24642.62,24655.89,312
2026-02-05T06:45:00+00:00,24655.89,24675.38,24655.89,24666.62,283
2026-02-05T07:00:00+00:00,24666.62,24673.38,24639.62,24661.87,595
2026-02-05T07:15:00+00:00,24661.87,24695.89,24649.64,24691.37,715
2026-02-05T07:30:00+00:00,24691.37,24704.88,24673.89,24677.89,796
2026-02-05T07:45:00+00:00,24677.89,24696.37,24641.87,24647.89,1275
2026-02-05T08:00:00+00:00,24647.89,24673.24,24613.24,24658.74,7017
2026-02-05T08:15:00+00:00,24658.74,24692.22,24619.73,24638.73,4826
2026-02-05T08:30:00+00:00,24638.73,24641.24,24580.22,24590.72,4821
2026-02-05T08:45:00+00:00,24590.72,24590.72,24524.73,24524.73,4731
2026-02-05T09:00:00+00:00,24524.73,24546.24,24489.22,24535.24,4413
2026-02-05T09:15:00+00:00,24535.24,24536.74,24503.73,24533.74,2888
2026-02-05T09:30:00+00:00,24533.74,24563.72,24463.72,24466.24,2894
2026-02-05T09:45:00+00:00,24466.24,24518.73,24459.22,24515.72,2738
2026-02-05T10:00:00+00:00,24515.72,24555.74,24480.22,24551.72,2691
2026-02-05T10:15:00+00:00,24551.72,24588.24,24541.22,24585.23,2826
2026-02-05T10:30:00+00:00,24585.23,24589.23,24542.72,24551.73,2561
2026-02-05T10:45:00+00:00,24551.73,24593.24,24551.72,24578.72,2522
2026-02-05T11:00:00+00:00,24578.72,24590.72,24550.73,24577.72,3000
2026-02-05T11:15:00+00:00,24577.72,24606.22,24570.72,24603.74,2573
2026-02-05T11:30:00+00:00,24603.74,24609.74,24559.22,24606.23,2647
2026-02-05T11:45:00+00:00,24606.23,24629.74,24597.22,24604.72,1951
2026-02-05T12:00:00+00:00,24604.72,24627.23,24578.73,24609.73,2775
2026-02-05T12:15:00+00:00,24609.73,24614.74,24515.22,24520.74,4964
2026-02-05T12:30:00+00:00,24520.74,24526.24,24432.24,24455.23,6702
2026-02-05T12:45:00+00:00,24455.23,24460.74,24394.72,24440.73,7355
2026-02-05T13:00:00+00:00,24440.73,24471.22,24422.73,24454.64,4748
2026-02-05T13:15:00+00:00,24454.64,24479.23,24419.72,24427.22,2886
2026-02-05T13:30:00+00:00,24427.22,24474.22,24403.73,24434.73,5194
2026-02-05T13:45:00+00:00,24434.73,24444.22,24342.22,24351.24,5642
2026-02-05T14:00:00+00:00,24351.24,24376.24,24326.63,24341.22,6492
2026-02-05T14:15:00+00:00,24341.22,24385.22,24300.72,24379.74,5870
2026-02-05T14:30:00+00:00,24379.74,24481.24,24359.23,24475.22,17236
2026-02-05T14:45:00+00:00,24475.22,24501.24,24419.23,24419.72,13642
2026-02-05T15:00:00+00:00,24419.72,24441.74,24354.22,24365.73,8803
2026-02-05T15:15:00+00:00,24365.73,24445.74,24363.72,24386.74,12894
2026-02-05T15:30:00+00:00,24386.74,24446.73,24368.72,24424.74,12211
2026-02-05T15:45:00+00:00,24424.74,24432.22,24363.23,24413.24,8874
2026-02-05T16:00:00+00:00,24413.24,24421.24,24359.24,24383.23,8370
2026-02-05T16:15:00+00:00,24383.23,24489.72,24381.72,24470.23,7804
2026-02-05T16:30:00+00:00,24470.23,24527.24,24454.23,24518.24,6809
2026-02-05T16:45:00+00:00,24518.24,24545.73,24497.24,24544.22,4770
2026-02-05T17:00:00+00:00,24544.22,24547.89,24478.88,24495.88,3985
2026-02-05T17:15:00+00:00,24495.88,24549.39,24480.37,24546.38,3611
2026-02-05T17:30:00+00:00,24546.38,24569.39,24526.37,24562.88,3318
2026-02-05T17:45:00+00:00,24562.88,24597.39,24517.64,24526.39,3696
2026-02-05T18:00:00+00:00,24526.39,24548.88,24500.39,24511.39,2228
2026-02-05T18:15:00+00:00,24511.39,24514.39,24475.88,24497.89,2060
2026-02-05T18:30:00+00:00,24497.89,24516.89,24477.39,24494.87,1852
2026-02-05T18:45:00+00:00,24494.87,24500.89,24468.63,24492.89,1429
2026-02-05T19:00:00+00:00,24492.89,24541.89,24482.62,24538.88,1601
2026-02-05T19:15:00+00:00,24538.88,24560.38,24530.88,24534.37,1801
2026-02-05T19:30:00+00:00,24534.37,24535.89,24503.38,24529.89,1999
2026-02-05T19:45:00+00:00,24529.89,24539.38,24519.87,24535.88,1917
2026-02-05T20:00:00+00:00,24535.88,24566.88,24527.39,24545.87,1443
2026-02-05T20:15:00+00:00,24545.87,24545.87,24498.37,24500.87,1806
2026-02-05T20:30:00+00:00,24500.87,24523.39,24489.87,24499.88,1966
2026-02-05T20:45:00+00:00,24499.88,24507.38,24474.88,24477.62,1767
2026-02-06T00:30:00+00:00,24477.62,24477.62,24355.18,24387.18,343
2026-02-06T00:45:00+00:00,24387.18,24412.94,24380.18,24412.45,334.64045393111195
2026-02-06T01:00:00+00:00,24412.45,24428.45,24391.18,24392.94,365
2026-02-06T01:15:00+00:00,24392.94,24393.44,24361.18,24378.18,323
2026-02-06T01:30:00+00:00,24378.18,24452.19,24378.18,24452.19,440
2026-02-06T01:45:00+00:00,24452.19,24494.2,24446.2,24494.2,660
2026-02-06T02:00:00+00:00,24494.2,24515.95,24489.2,24507.19,640
2026-02-06T02:15:00+00:00,24507.19,24514.95,24481.18,24507.2,703
2026-02-06T02:30:00+00:00,24507.2,24511.94,24490.18,24500.19,482
2026-02-06T02:45:00+00:00,24500.19,24504.19,24477.18,24492.2,651
2026-02-06T03:00:00+00:00,24492.2,24507.94,24477.18,24487.2,996
2026-02-06T03:15:00+00:00,24487.2,24493.2,24469.18,24484.19,521
2026-02-06T03:30:00+00:00,24484.19,24500.2,24453.18,24455.2,385
2026-02-06T03:45:00+00:00,24455.2,24497.94,24455.2,24489.19,416
2026-02-06T04:00:00+00:00,24489.19,24489.19,24468.18,24479.2,284
2026-02-06T04:15:00+00:00,24479.2,24490.93,24459.19,24474.19,449
2026-02-06T04:30:00+00:00,24474.19,24476.19,24416.18,24420.19,459
2026-02-06T04:45:00+00:00,24420.19,24431.18,24409.18,24429.2,246
2026-02-06T05:00:00+00:00,24429.2,24447.2,24410.18,24430.19,391
2026-02-06T05:15:00+00:00,24430.19,24436.2,24414.18,24435.19,202.39215686274508
2026-02-06T05:30:00+00:00,24435.19,24497.43,24433.19,24492.18,176
2026-02-06T05:45:00+00:00,24492.18,24549.18,24483.2,24536.94,278
2026-02-06T06:00:00+00:00,24536.94,24554.2,24526.18,24530.94,206
2026-02-06T06:15:00+00:00,24530.94,24538.45,24508.18,24524.94,307
2026-02-06T06:30:00+00:00,24524.94,24538.2,24493.18,24497.19,239
2026-02-06T06:45:00+00:00,24497.19,24525.95,24489.18,24516.18,274
2026-02-06T07:00:00+00:00,24516.18,24516.18,24462.45,24476.44,695
2026-02-06T07:15:00+00:00,24476.44,24536.44,24473.94,24531.45,820
2026-02-06T07:30:00+00:00,24531.45,24537.94,24514.94,24521.44,1025
2026-02-06T07:45:00+00:00,24521.44,24556.93,24517.44,24549.45,1522
2026-02-06T08:00:00+00:00,24549.45,24550.78,24445.78,24502.29,7204
2026-02-06T08:15:00+00:00,24502.29,24554.8,24488.3,24489.78,5925
2026-02-06T08:30:00+00:00,24489.78,24505.8,24410.28,24456.8,5358
2026-02-06T08:45:00+00:00,24456.8,24505.79,24427.78,24486.29,4439
2026-02-06T09:00:00+00:00,24486.29,24542.8,24469.79,24535.78,4805
2026-02-06T09:15:00+00:00,24535.78,24572.78,24519.28,24555.3,4094
2026-02-06T09:30:00+00:00,24555.3,24600.8,24553.78,24580.8,3592
2026-02-06T09:45:00+00:00,24580.8,24580.8,24545.79,24551.29,3098
2026-02-06T10:00:00+00:00,24551.29,24584.28,24539.79,24559.28,2986
2026-02-06T10:15:00+00:00,24559.28,24581.78,24540.78,24558.79,2518
2026-02-06T10:30:00+00:00,24558.79,24604.28,24555.28,24602.79,2418
2026-02-06T10:45:00+00:00,24602.79,24628.8,24592.3,24621.28,2455
2026-02-06T11:00:00+00:00,24621.28,24650.29,24618.28,24640.78,2233
2026-02-06T11:15:00+00:00,24640.78,24667.28,24640.28,24654.29,2067
2026-02-06T11:30:00+00:00,24654.29,24663.8,24633.28,24641.79,1984
2026-02-06T11:45:00+00:00,24641.79,24673.8,24633.79,24663.3,2085
2026-02-06T12:00:00+00:00,24663.3,24680.3,24646.28,24659.28,1945
2026-02-06T12:15:00+00:00,24659.28,24680.8,24653.29,24665.29,2310
2026-02-06T12:30:00+00:00,24665.29,24668.28,24636.78,24639.79,2039
2026-02-06T12:45:00+00:00,24639.79,24651.8,24617.78,24626.28,2082
2026-02-06T13:00:00+00:00,24626.28,24648.3,24613.29,24646.8,1994
2026-02-06T13:15:00+00:00,24646.8,24649.8,24630.78,24644.29,2153
2026-02-06T13:30:00+00:00,24644.29,24656.3,24599.29,24627.3,2972
2026-02-06T13:45:00+00:00,24627.3,24646.29,24607.29,24610.29,2404
2026-02-06T14:00:00+00:00,24610.29,24643.8,24605.29,24629.79,2771
2026-02-06T14:15:00+00:00,24629.79,24645.3,24622.78,24635.28,2583
2026-02-06T14:30:00+00:00,24635.28,24705.8,24628.78,24702.8,11391
2026-02-06T14:45:00+00:00,24702.8,24711.8,24646.29,24651.28,7576
2026-02-06T15:00:00+00:00,24651.28,24674.28,24627.78,24653.28,10780
2026-02-06T15:15:00+00:00,24653.28,24708.3,24633.3,24707.29,10625
2026-02-06T15:30:00+00:00,24707.29,24732.79,24689.78,24728.79,7919
2026-02-06T15:45:00+00:00,24728.79,24742.3,24688.79,24729.79,5782
2026-02-06T16:00:00+00:00,24729.79,24756.8,24720.28,24744.79,3655
2026-02-06T16:15:00+00:00,24744.79,24759.8,24734.29,24738.29,2964
2026-02-06T16:30:00+00:00,24738.29,24755.3,24730.29,24747.3,3036
2026-02-06T16:45:00+00:00,24747.3,24753.8,24717.29,24727.29,2667
2026-02-06T17:00:00+00:00,24727.29,24752.95,24717.43,24743.93,2561
2026-02-06T17:15:00+00:00,24743.93,24749.44,24732.93,24747.93,1888
2026-02-06T17:30:00+00:00,24747.93,24758.94,24728.95,24742.44,1583
2026-02-06T17:45:00+00:00,24742.44,24762.95,24737.93,24738.44,1577
2026-02-06T18:00:00+00:00,24738.44,24744.95,24728.93,24737.94,1165
2026-02-06T18:15:00+00:00,24737.94,24753.44,24729.95,24742.94,1143
2026-02-06T18:30:00+00:00,24742.94,24757.44,24741.44,24752.94,707
2026-02-06T18:45:00+00:00,24752.94,24763.95,24743.44,24743.44,780
2026-02-06T19:00:00+00:00,24743.44,24757.94,24742.93,24747.94,842
2026-02-06T19:15:00+00:00,24747.94,24764.45,24745.43,24763.43,745
2026-02-06T19:30:00+00:00,24763.43,24765.43,24752.44,24753.44,855
2026-02-06T19:45:00+00:00,24753.44,24768.45,24753.44,24760.95,750
2026-02-06T20:00:00+00:00,24760.95,24770.94,24755.44,24766.94,480
2026-02-06T20:15:00+00:00,24766.94,24779.95,24765.43,24768.95,557
2026-02-06T20:30:00+00:00,24768.95,24772.95,24759.45,24772.45,694
2026-02-06T20:45:00+00:00,24772.45,24804.44,24769.93,24796.18,1245
2026-02-09T00:30:00+00:00,24796.18,24859.4,24796.18,24844.9,590
2026-02-09T00:45:00+00:00,24844.9,24846.4,24811.64,24823.65,529
2026-02-09T01:00:00+00:00,24823.65,24827.89,24803.64,24809.64,420
2026-02-09T01:15:00+00:00,24809.64,24819.41,24801.65,24805.89,372
2026-02-09T01:30:00+00:00,24805.89,24808.41,24793.64,24800.64,451
2026-02-09T01:45:00+00:00,24800.64,24806.89,24789.65,24805.39,283
2026-02-09T02:00:00+00:00,24805.39,24832.89,24796.66,24820.89,485
2026-02-09T02:15:00+00:00,24820.89,24828.41,24813.65,24827.41,276
2026-02-09T02:30:00+00:00,24827.41,24840.39,24827.39,24832.89,288
2026-02-09T02:45:00+00:00,24832.89,24836.9,24798.64,24804.91,292
2026-02-09T03:00:00+00:00,24804.91,24811.4,24801.64,24806.41,250
2026-02-09T03:15:00+00:00,24806.41,24810.4,24793.65,24804.39,185
2026-02-09T03:30:00+00:00,24804.39,24817.41,24797.64,24813.9,215
2026-02-09T03:45:00+00:00,24813.9,24816.9,24797.65,24804.9,194
2026-02-09T04:00:00+00:00,24804.9,24814.4,24800.65,24804.91,209
2026-02-09T04:15:00+00:00,24804.91,24812.4,24800.64,24805.64,203
2026-02-09T04:30:00+00:00,24805.64,24816.91,24801.4,24814.89,184
2026-02-09T04:45:00+00:00,24814.89,24818.39,24806.64,24811.91,160.265189421015
2026-02-09T05:00:00+00:00,24811.91,24826.9,24804.9,24817.89,288
2026-02-09T05:15:00+00:00,24817.89,24835.41,24813.64,24826.9,248
2026-02-09T05:30:00+00:00,24826.9,24838.4,24825.64,24830.4,264
2026-02-09T05:45:00+00:00,24830.4,24844.41,24827.41,24835.65,126
2026-02-09T06:00:00+00:00,24835.65,24844.41,24805.66,24837.4,764
2026-02-09T06:15:00+00:00,24837.4,24837.4,24811.9,24813.91,360
2026-02-09T06:30:00+00:00,24813.91,24836.41,24810.89,24829.39,551
2026-02-09T06:45:00+00:00,24829.39,24852.39,24826.41,24837.91,553
2026-02-09T07:00:00+00:00,24837.91,24867.9,24837.91,24861.4,838
2026-02-09T07:15:00+00:00,24861.4,24867.41,24835.41,24840.39,626
2026-02-09T07:30:00+00:00,24840.39,24841.4,24814.39,24830.39,770
2026-02-09T07:45:00+00:00,24830.39,24857.41,24817.9,24820.39,1169
2026-02-09T08:00:00+00:00,24820.39,24963.26,24818.75,24960.24,3927
2026-02-09T08:15:00+00:00,24960.24,24967.24,24869.26,24871.24,2411
2026-02-09T08:30:00+00:00,24871.24,24910.75,24857.24,24886.24,2316
2026-02-09T08:45:00+00:00,24886.24,24888.26,24834.24,24841.76,2053
2026-02-09T09:00:00+00:00,24841.76,24861.25,24821.74,24849.76,2021
2026-02-09T09:15:00+00:00,24849.76,24853.75,24799.25,24825.74,1876
2026-02-09T09:30:00+00:00,24825.74,24868.26,24822.74,24868.24,1742
2026-02-09T09:45:00+00:00,24868.24,24869.75,24817.24,24820.25,1841
2026-02-09T10:00:00+00:00,24820.25,24827.26,24803.24,24805.24,1916
2026-02-09T10:15:00+00:00,24805.24,24805.24,24768.75,24775.26,1775
2026-02-09T10:30:00+00:00,24775.26,24777.76,24733.24,24759.25,2510
2026-02-09T10:45:00+00:00,24759.25,24794.75,24754.24,24791.24,1882
2026-02-09T11:00:00+00:00,24791.24,24809.76,24772.25,24799.74,1829
2026-02-09T11:15:00+00:00,24799.74,24819.76,24794.75,24808.25,1762
2026-02-09T11:30:00+00:00,24808.25,24817.76,24787.24,24810.26,1553
2026-02-09T11:45:00+00:00,24810.26,24835.75,24806.25,24827.24,1569
2026-02-09T12:00:00+00:00,24827.24,24858.76,24812.74,24854.24,1778
2026-02-09T12:15:00+00:00,24854.24,24860.25,24837.74,24851.24,1434
2026-02-09T12:30:00+00:00,24851.24,24863.25,24822.74,24828.26,1196
2026-02-09T12:45:00+00:00,24828.26,24857.25,24826.25,24855.75,1104
2026-02-09T13:00:00+00:00,24855.75,24873.26,24855.75,24859.74,1342
2026-02-09T13:15:00+00:00,24859.74,24867.75,24843.76,24849.24,1320
2026-02-09T13:30:00+00:00,24849.24,24873.76,24848.24,24873.76,1418
2026-02-09T13:45:00+00:00,24873.76,24875.26,24847.76,24858.75,1358
2026-02-09T14:00:00+00:00,24858.75,24867.26,24845.76,24855.74,1738
2026-02-09T14:15:00+00:00,24855.74,24863.76,24838.25,24850.76,1463
2026-02-09T14:30:00+00:00,24850.76,24894.26,24827.26,24880.75,5975
2026-02-09T14:45:00+00:00,24880.75,24888.76,24827.24,24872.26,4199
2026-02-09T15:00:00+00:00,24872.26,24936.26,24866.74,24922.26,2803
2026-02-09T15:15:00+00:00,24922.26,24943.74,24920.75,24938.24,1848
2026-02-09T15:30:00+00:00,24938.24,24982.76,24935.75,24978.25,1520
2026-02-09T15:45:00+00:00,24978.25,25007.75,24970.25,24997.25,1207
2026-02-09T16:00:00+00:00,24997.25,25021.24,24993.25,25011.26,1474
2026-02-09T16:15:00+00:00,25011.26,25032.25,25002.24,25023.75,1513
2026-02-09T16:30:00+00:00,25023.75,25045.25,25014.74,25043.74,1563
2026-02-09T16:45:00+00:00,25043.74,25047.26,25023.74,25027.75,885
2026-02-09T17:00:00+00:00,25027.75,25035.91,25016.89,25021.89,887
2026-02-09T17:15:00+00:00,25021.89,25038.91,25020.41,25028.39,606
2026-02-09T17:30:00+00:00,25028.39,25037.41,25014.9,25018.9,848
2026-02-09T17:45:00+00:00,25018.9,25035.89,25018.9,25021.91,513
2026-02-09T18:00:00+00:00,25021.91,25031.91,25019.4,25028.39,357
2026-02-09T18:15:00+00:00,25028.39,25028.39,24993.39,25014.41,1456
2026-02-09T18:30:00+00:00,25014.41,25030.91,25011.4,25029.41,599
2026-02-09T18:45:00+00:00,25029.41,25035.91,25026.89,25027.41,355
2026-02-09T19:00:00+00:00,25027.41,25038.9,25025.41,25037.4,474
2026-02-09T19:15:00+00:00,25037.4,25058.39,25035.89,25056.4,564
2026-02-09T19:30:00+00:00,25056.4,25057.4,25049.41,25050.9,365
2026-02-09T19:45:00+00:00,25050.9,25059.41,25050.89,25054.89,444
2026-02-09T20:00:00+00:00,25054.89,25063.4,25050.9,25061.89,295
2026-02-09T20:15:00+00:00,25061.89,25062.91,25044.9,25048.4,599
2026-02-09T20:30:00+00:00,25048.4,25052.9,25039.9,25043.89,758
2026-02-09T20:45:00+00:00,25043.89,25058.41,25043.89,25046.64,983
2026-02-10T00:30:00+00:00,25046.64,25046.64,25007.07,25008.08,338
2026-02-10T00:45:00+00:00,25008.08,25024.58,25006.58,25019.09,377
2026-02-10T01:00:00+00:00,25019.09,25024.59,25013.32,25019.09,322
2026-02-10T01:15:00+00:00,25019.09,25024.59,25009.32,25013.08,340
2026-02-10T01:30:00+00:00,25013.08,25031.07,25003.57,25018.59,339
2026-02-10T01:45:00+00:00,25018.59,25029.59,25011.33,25026.07,356
2026-02-10T02:00:00+00:00,25026.07,25026.07,25009.34,25019.59,309
2026-02-10T02:15:00+00:00,25019.59,25023.08,25003.32,25005.58,238
2026-02-10T02:30:00+00:00,25005.58,25008.59,24988.59,25007.09,370
2026-02-10T02:45:00+00:00,25007.09,25012.59,24998.07,25004.07,247
2026-02-10T03:00:00+00:00,25004.07,25005.08,24989.08,24993.08,240
2026-02-10T03:15:00+00:00,24993.08,25008.58,24991.57,25000.09,155
2026-02-10T03:30:00+00:00,25000.09,25007.07,24994.32,24996.09,239
2026-02-10T03:45:00+00:00,24996.09,25006.58,24995.09,25001.07,156
2026-02-10T04:00:00+00:00,25001.07,25017.07,24996.58,25011.34,166.84848484848484
2026-02-10T04:15:00+00:00,25011.34,25013.58,25007.07,25007.58,67.81999219055056
2026-02-10T04:30:00+00:00,25007.58,25020.09,25006.34,25015.58,127
2026-02-10T04:45:00+00:00,25015.58,25021.59,25012.32,25019.58,71.09671948134952
2026-02-10T05:00:00+00:00,25019.58,25024.09,25013.32,25015.09,137
2026-02-10T05:15:00+00:00,25015.09,25015.59,25006.34,25012.09,116.36058394160584
2026-02-10T05:30:00+00:00,25012.09,25031.58,25006.32,25017.08,243
2026-02-10T05:45:00+00:00,25017.08,25021.58,25014.32,25017.07,214
2026-02-10T06:00:00+00:00,25017.07,25023.59,25007.58,25011.07,325
2026-02-10T06:15:00+00:00,25011.07,25013.09,25000.07,25002.57,198
2026-02-10T06:30:00+00:00,25002.57,25006.08,24990.57,24993.07,255
2026-02-10T06:45:00+00:00,24993.07,25005.08,24992.59,25005.08,207
2026-02-10T07:00:00+00:00,25005.08,25028.58,24998.07,25022.58,707
2026-02-10T07:15:00+00:00,25022.58,25049.09,25018.58,25047.59,405
2026-02-10T07:30:00+00:00,25047.59,25054.58,25036.59,25038.59,428
2026-02-10T07:45:00+00:00,25038.59,25044.09,25016.59,25018.09,915
2026-02-10T08:00:00+00:00,25018.09,25027.93,24960.94,24995.93,3858
2026-02-10T08:15:00+00:00,24995.93,25016.92,24972.43,25004.93,2272
2026-02-10T08:30:00+00:00,25004.93,25028.43,24978.92,25001.92,2334
2026-02-10T08:45:00+00:00,25001.92,25023.94,24993.93,25021.43,2122
2026-02-10T09:00:00+00:00,25021.43,25045.94,25018.42,25026.92,1656
2026-02-10T09:15:00+00:00,25026.92,25087.94,25026.92,25085.93,1722
2026-02-10T09:30:00+00:00,25085.93,25104.94,25078.44,25079.42,1533
2026-02-10T09:45:00+00:00,25079.42,25080.42,25061.42,25074.42,1629
2026-02-10T10:00:00+00:00,25074.42,25081.44,25062.43,25080.94,1557
2026-02-10T10:15:00+00:00,25080.94,25082.94,25049.93,25055.44,1574
2026-02-10T10:30:00+00:00,25055.44,25055.44,25024.44,25036.43,1327
2026-02-10T10:45:00+00:00,25036.43,25050.92,25027.94,25039.93,1337
2026-02-10T11:00:00+00:00,25039.93,25042.92,25013.93,25023.93,1602
2026-02-10T11:15:00+00:00,25023.93,25050.44,25023.92,25045.94,1330
2026-02-10T11:30:00+00:00,25045.94,25060.43,25029.92,25057.42,1371
2026-02-10T11:45:00+00:00,25057.42,25064.94,25041.43,25047.93,1292
2026-02-10T12:00:00+00:00,25047.93,25059.44,25036.44,25044.44,1554
2026-02-10T12:15:00+00:00,25044.44,25051.44,25023.43,25033.94,1195
2026-02-10T12:30:00+00:00,25033.94,25048.94,25001.42,25003.92,1412
2026-02-10T12:45:00+00:00,25003.92,25012.43,24989.44,24990.92,1689
2026-02-10T13:00:00+00:00,24990.92,24997.94,24964.42,24973.44,1628
2026-02-10T13:15:00+00:00,24973.44,24998.44,24957.44,24993.42,1446
2026-02-10T13:30:00+00:00,24993.42,25025.43,24985.92,25021.92,1912
2026-02-10T13:45:00+00:00,25021.92,25025.42,24993.92,25006.92,1833
2026-02-10T14:00:00+00:00,25006.92,25026.43,25002.92,25015.93,1126
2026-02-10T14:15:00+00:00,25015.93,25018.94,24981.93,24995.94,1364
2026-02-10T14:30:00+00:00,24995.94,25021.43,24984.42,25010.93,4060
2026-02-10T14:45:00+00:00,25010.93,25035.92,24992.42,25029.42,3508
2026-02-10T15:00:00+00:00,25029.42,25052.94,25023.93,25048.44,2415
2026-02-10T15:15:00+00:00,25048.44,25051.94,25020.92,25036.92,2633
2026-02-10T15:30:00+00:00,25036.92,25059.94,25033.93,25058.92,2673
2026-02-10T15:45:00+00:00,25058.92,25059.94,25012.93,25015.93,2513
2026-02-10T16:00:00+00:00,25015.93,25024.43,24987.94,25003.42,2762
2026-02-10T16:15:00+00:00,25003.42,25017.43,24980.92,25006.94,2671
2026-02-10T16:30:00+00:00,25006.94,25024.44,24994.42,25015.94,2270
2026-02-10T16:45:00+00:00,25015.94,25048.94,25013.44,25043.93,1863
2026-02-10T17:00:00+00:00,25043.93,25053.07,25026.59,25052.08,1527
2026-02-10T17:15:00+00:00,25052.08,25057.59,25044.07,25045.07,1329
2026-02-10T17:30:00+00:00,25045.07,25056.59,25036.57,25056.08,882
2026-02-10T17:45:00+00:00,25056.08,25062.58,25051.07,25053.58,826
2026-02-10T18:00:00+00:00,25053.58,25053.58,25027.59,25031.58,912
2026-02-10T18:15:00+00:00,25031.58,25039.58,25017.08,25018.57,1702
2026-02-10T18:30:00+00:00,25018.57,25029.59,25011.07,25025.58,1458
2026-02-10T18:45:00+00:00,25025.58,25036.07,25008.08,25033.59,1390
2026-02-10T19:00:00+00:00,25033.59,25039.59,25024.07,25035.08,1170
2026-02-10T19:15:00+00:00,25035.08,25047.59,25027.08,25044.58,993
2026-02-10T19:30:00+00:00,25044.58,25048.08,25033.57,25035.59,894
2026-02-10T19:45:00+00:00,25035.59,25042.09,25031.57,25041.08,873
2026-02-10T20:00:00+00:00,25041.08,25044.08,25021.58,25024.59,734
2026-02-10T20:15:00+00:00,25024.59,25038.57,25021.07,25029.08,721
2026-02-10T20:30:00+00:00,25029.08,25035.09,25021.57,25022.57,852
2026-02-10T20:45:00+00:00,25022.57,25031.09,24996.57,25010.83,1300
2026-02-11T00:30:00+00:00,25010.83,25054.5,25010.83,25051.49,208
2026-02-11T00:45:00+00:00,25051.49,25052.49,25038.73,25042.49,175
2026-02-11T01:00:00+00:00,25042.49,25049.48,25038.73,25042.98,272
2026-02-11T01:15:00+00:00,25042.98,25044.98,25030.98,25035.99,120
2026-02-11T01:30:00+00:00,25035.99,25046,25034,25045.5,158
2026-02-11T01:45:00+00:00,25045.5,25055.48,25040.49,25041,106.90579868969624
2026-02-11T02:00:00+00:00,25041,25046.5,25034.73,25040.5,152
2026-02-11T02:15:00+00:00,25040.5,25053.48,25039.5,25052.5,181
2026-02-11T02:30:00+00:00,25052.5,25055.48,25046.75,25052,110.53642914331465
2026-02-11T02:45:00+00:00,25052,25053.5,25046.75,25047.98,108
2026-02-11T03:00:00+00:00,25047.98,25052.49,25043.75,25047.48,119.1115347950429
2026-02-11T03:15:00+00:00,25047.48,25048.48,25035,25045.99,146
2026-02-11T03:30:00+00:00,25045.99,25051.48,25043.48,25049.49,90
2026-02-11T03:45:00+00:00,25049.49,25055.49,25045.74,25048.75,113.98813056379822
2026-02-11T04:00:00+00:00,25048.75,25051.49,25036.48,25036.49,97.46591760299626
2026-02-11T04:15:00+00:00,25036.49,25036.49,25019.48,25021.49,121.43458301453711
2026-02-11T04:30:00+00:00,25021.49,25021.49,25006.74,25013.98,129
2026-02-11T04:45:00+00:00,25013.98,25018.48,25013.98,25016.49,119.41350906095552
2026-02-11T05:00:00+00:00,25016.49,25039.5,25014.75,25032.73,163
2026-02-11T05:15:00+00:00,25032.73,25039.99,25025.73,25031.49,110
2026-02-11T05:30:00+00:00,25031.49,25033,25024.49,25024.5,117.33727344365641
2026-02-11T05:45:00+00:00,25024.5,25027.48,25021.73,25024.49,66.21649853048416
2026-02-11T06:00:00+00:00,25024.49,25070.5,25024.49,25061.5,248
2026-02-11T06:15:00+00:00,25061.5,25070,25054.74,25067.49,165
2026-02-11T06:30:00+00:00,25067.49,25069.5,25056.48,25068.48,182
2026-02-11T06:45:00+00:00,25068.48,25068.48,25043.49,25048.99,331
2026-02-11T07:00:00+00:00,25048.99,25064.98,25011.99,25012.99,531
2026-02-11T07:15:00+00:00,25012.99,25035.5,25010.49,25026,434
2026-02-11T07:30:00+00:00,25026,25026.49,25010.48,25024.99,442
2026-02-11T07:45:00+00:00,25024.99,25028.5,24999.98,25011,697
2026-02-11T08:00:00+00:00,25011,25015.84,24924.35,24944.84,4320
2026-02-11T08:15:00+00:00,24944.84,24945.85,24899.84,24911.34,3056
2026-02-11T08:30:00+00:00,24911.34,24956.35,24911.34,24925.85,2649
2026-02-11T08:45:00+00:00,24925.85,24927.35,24884.84,24902.83,2391
2026-02-11T09:00:00+00:00,24902.83,24972.34,24900.83,24972.34,2037
2026-02-11T09:15:00+00:00,24972.34,24973.85,24935.33,24961.35,1794
2026-02-11T09:30:00+00:00,24961.35,24962.35,24892.33,24902.35,1763
2026-02-11T09:45:00+00:00,24902.35,24905.84,24868.33,24892.35,2125
2026-02-11T10:00:00+00:00,24892.35,24941.35,24872.33,24918.85,2350
2026-02-11T10:15:00+00:00,24918.85,24933.84,24909.34,24921.33,1577
2026-02-11T10:30:00+00:00,24921.33,24933.84,24896.33,24921.33,1388
2026-02-11T10:45:00+00:00,24921.33,24925.85,24888.83,24925.85,1918
2026-02-11T11:00:00+00:00,24925.85,24960.35,24919.34,24957.84,1702
2026-02-11T11:15:00+00:00,24957.84,24979.85,24956.35,24979.33,1393
2026-02-11T11:30:00+00:00,24979.33,24991.85,24953.84,24960.34,1653
2026-02-11T11:45:00+00:00,24960.34,24977.33,24941.33,24943.33,1836
2026-02-11T12:00:00+00:00,24943.33,24987.35,24942.85,24983.34,1957
2026-02-11T12:15:00+00:00,24983.34,24995.85,24970.83,24974.83,1347
2026-02-11T12:30:00+00:00,24974.83,24974.83,24936.33,24969.35,1882
2026-02-11T12:45:00+00:00,24969.35,24973.85,24922.83,24923.85,1932
2026-02-11T13:00:00+00:00,24923.85,24946.84,24913.34,24929.84,1574
2026-02-11T13:15:00+00:00,24929.84,24950.85,24922.33,24943.74,1850
2026-02-11T13:30:00+00:00,24943.74,25011.35,24943.74,24955.33,3051
2026-02-11T13:45:00+00:00,24955.33,24997.84,24955.33,24986.84,2438
2026-02-11T14:00:00+00:00,24986.84,24992.85,24962.84,24972.83,2005
2026-02-11T14:15:00+00:00,24972.83,25002.85,24947.33,25001.84,1822
2026-02-11T14:30:00+00:00,25001.84,25023.35,24973.85,24984.83,5500
2026-02-11T14:45:00+00:00,24984.83,25010.83,24964.34,24984.83,5165
2026-02-11T15:00:00+00:00,24984.83,24995.83,24900.34,24936.84,4842
2026-02-11T15:15:00+00:00,24936.84,24936.84,24853.34,24881.83,6315
2026-02-11T15:30:00+00:00,24881.83,24912.35,24865.83,24897.85,6698
2026-02-11T15:45:00+00:00,24897.85,24929.35,24875.34,24928.35,5316
2026-02-11T16:00:00+00:00,24928.35,24962.84,24923.34,24960.84,3719
2026-02-11T16:15:00+00:00,24960.84,24962.84,24900.33,24902.33,2876
2026-02-11T16:30:00+00:00,24902.33,24919.35,24871.33,24904.83,3404
2026-02-11T16:45:00+00:00,24904.83,24912.33,24861.34,24866.83,2779
2026-02-11T17:00:00+00:00,24866.83,24893,24856.49,24887.49,2325
2026-02-11T17:15:00+00:00,24887.49,24922.49,24881.49,24916.5,1889
2026-02-11T17:30:00+00:00,24916.5,24922,24904.48,24915.98,1804
2026-02-11T17:45:00+00:00,24915.98,24925.5,24902.49,24906.49,1469
2026-02-11T18:00:00+00:00,24906.49,24915.5,24869.99,24881.48,1558
2026-02-11T18:15:00+00:00,24881.48,24913.5,24876.98,24911.49,1662
2026-02-11T18:30:00+00:00,24911.49,24919.99,24903,24908.98,1458
2026-02-11T18:45:00+00:00,24908.98,24927.48,24905,24919.98,1279
2026-02-11T19:00:00+00:00,24919.98,24961.49,24913.98,24957,1273
2026-02-11T19:15:00+00:00,24957,24972.5,24957,24971.49,730
2026-02-11T19:30:00+00:00,24971.49,24972,24952.5,24956,740
2026-02-11T19:45:00+00:00,24956,24962.5,24940.48,24956.99,1178
2026-02-11T20:00:00+00:00,24956.99,24962.5,24950.48,24953.5,719
2026-02-11T20:15:00+00:00,24953.5,24960,24945.98,24948.99,792
2026-02-11T20:30:00+00:00,24948.99,24959.49,24935.49,24946.49,896
2026-02-11T20:45:00+00:00,24946.49,24952,24933.75,24936.73,950
2026-02-12T00:30:00+00:00,24936.73,24949.09,24932.35,24948.09,137
2026-02-12T00:45:00+00:00,24948.09,24954.6,24943.34,24952.61,207
2026-02-12T01:00:00+00:00,24952.61,24961.11,24944.35,24957.59,207
2026-02-12T01:15:00+00:00,24957.59,24963.1,24944.34,24961.1,213
2026-02-12T01:30:00+00:00,24961.1,24971.61,24952.35,24964.61,179
2026-02-12T01:45:00+00:00,24964.61,24970.09,24955.35,24968.09,183
2026-02-12T02:00:00+00:00,24968.09,24971.6,24943.34,24945.61,401
2026-02-12T02:15:00+00:00,24945.61,24953.11,24938.34,24947.11,255
2026-02-12T02:30:00+00:00,24947.11,24951.11,24939.59,24944.11,192
2026-02-12T02:45:00+00:00,24944.11,24954.59,24938.36,24950.11,147
2026-02-12T03:00:00+00:00,24950.11,24958.61,24947.11,24953.6,120
2026-02-12T03:15:00+00:00,24953.6,24964.09,24941.35,24963.59,114.8826118855466
2026-02-12T03:30:00+00:00,24963.59,24975.11,24963.1,24972.6,124
2026-02-12T03:45:00+00:00,24972.6,24974.11,24968.6,24969.61,86.16396479851784
2026-02-12T04:00:00+00:00,24969.61,24987.1,24968.59,24971.11,182
2026-02-12T04:15:00+00:00,24971.11,24986.1,24969.1,24982.11,150
2026-02-12T04:30:00+00:00,24982.11,24982.59,24965.34,24967.1,150
2026-02-12T04:45:00+00:00,24967.1,24982.09,24965.36,24977.11,135
2026-02-12T05:00:00+00:00,24977.11,24984.11,24976.36,24984.11,133
2026-02-12T05:15:00+00:00,24984.11,25001.11,24981.61,24984.09,191.01715640401773
2026-02-12T05:30:00+00:00,24984.09,24990.1,24981.34,24985.61,86
2026-02-12T05:45:00+00:00,24985.61,25030.11,24980.09,25023.36,220
2026-02-12T06:00:00+00:00,25023.36,25047.61,25013.35,25041.36,253
2026-02-12T06:15:00+00:00,25041.36,25049.11,25027.11,25043.11,234
2026-02-12T06:30:00+00:00,25043.11,25050.6,24995.61,24998.6,540
2026-02-12T06:45:00+00:00,24998.6,25000.11,24981.11,24998.09,268
2026-02-12T07:00:00+00:00,24998.09,25015.09,24989.09,24989.61,487
2026-02-12T07:15:00+00:00,24989.61,25007.6,24971.6,25005.1,560
2026-02-12T07:30:00+00:00,25005.1,25021.1,24995.11,24995.11,499
2026-02-12T07:45:00+00:00,24995.11,25035.59,24987.61,25035.59,662
2026-02-12T08:00:00+00:00,25035.59,25168.46,25033.95,25146.96,5789
2026-02-12T08:15:00+00:00,25146.96,25153.45,25086.94,25104.45,3563
2026-02-12T08:30:00+00:00,25104.45,25111.96,25061.45,25095.96,2981
2026-02-12T08:45:00+00:00,25095.96,25152.96,25081.44,25152.45,2618
2026-02-12T09:00:00+00:00,25152.45,25201.46,25151.96,25200.94,2840
2026-02-12T09:15:00+00:00,25200.94,25219.96,25183.95,25192.94,2601
2026-02-12T09:30:00+00:00,25192.94,25207.44,25173.44,25175.96,2196
2026-02-12T09:45:00+00:00,25175.96,25221.94,25162.94,25206.94,2213
2026-02-12T10:00:00+00:00,25206.94,25238.95,25190.44,25197.44,2062
2026-02-12T10:15:00+00:00,25197.44,25218.96,25188.94,25211.95,2030
2026-02-12T10:30:00+00:00,25211.95,25221.45,25194.44,25209.44,1648
2026-02-12T10:45:00+00:00,25209.44,25221.96,25198.95,25219.94,1482
2026-02-12T11:00:00+00:00,25219.94,25242.45,25205.45,25232.94,1567
2026-02-12T11:15:00+00:00,25232.94,25235.94,25204.94,25217.95,1559
2026-02-12T11:30:00+00:00,25217.95,25218.45,25185.95,25201.96,1424
2026-02-12T11:45:00+00:00,25201.96,25224.95,25194.44,25218.46,1536
2026-02-12T12:00:00+00:00,25218.46,25243.96,25207.96,25217.94,1475
2026-02-12T12:15:00+00:00,25217.94,25223.96,25197.46,25221.45,1270
2026-02-12T12:30:00+00:00,25221.45,25233.96,25202.94,25224.45,1386
2026-02-12T12:45:00+00:00,25224.45,25249.44,25211.95,25243.46,1467
2026-02-12T13:00:00+00:00,25243.46,25243.94,25213.95,25218.96,1344
2026-02-12T13:15:00+00:00,25218.96,25225.46,25197.46,25210.34,1383
2026-02-12T13:30:00+00:00,25210.34,25229.44,25210.34,25218.96,1506
2026-02-12T13:45:00+00:00,25218.96,25233.95,25204.44,25224.44,1482
2026-02-12T14:00:00+00:00,25224.44,25231.46,25203.45,25216.45,1315
2026-02-12T14:15:00+00:00,25216.45,25237.45,25211.44,25220.94,1354
2026-02-12T14:30:00+00:00,25220.94,25259.46,25206.45,25221.95,3500
2026-02-12T14:45:00+00:00,25221.95,25231.46,25185.45,25189.44,4051
2026-02-12T15:00:00+00:00,25189.44,25216.46,25147.44,25181.94,3956
2026-02-12T15:15:00+00:00,25181.94,25186.44,25130.45,25152.45,3473
2026-02-12T15:30:00+00:00,25152.45,25159.46,25102.95,25106.45,3415
2026-02-12T15:45:00+00:00,25106.45,25118.96,25008.95,25012.96,3451
2026-02-12T16:00:00+00:00,25012.96,25012.96,24878.95,24881.96,5171
2026-02-12T16:15:00+00:00,24881.96,24904.95,24830.95,24838.94,5637
2026-02-12T16:30:00+00:00,24838.94,24933.46,24830.96,24905.45,7738
2026-02-12T16:45:00+00:00,24905.45,24913.96,24880.94,24902.94,6397
2026-02-12T17:00:00+00:00,24902.94,24922.09,24868.1,24899.1,4499
2026-02-12T17:15:00+00:00,24899.1,24967.11,24895.1,24936.1,4017
2026-02-12T17:30:00+00:00,24936.1,24975.11,24931.09,24965.11,4210
2026-02-12T17:45:00+00:00,24965.11,24973.11,24894.6,24896.61,3666
2026-02-12T18:00:00+00:00,24896.61,24919.1,24883.11,24906.6,2468
2026-02-12T18:15:00+00:00,24906.6,24926.61,24890.59,24911.09,2525
2026-02-12T18:30:00+00:00,24911.09,24957.1,24900.59,24955.11,2517
2026-02-12T18:45:00+00:00,24955.11,24964.11,24940.6,24955.09,1942
2026-02-12T19:00:00+00:00,24955.09,24977.61,24952.09,24956.61,1859
2026-02-12T19:15:00+00:00,24956.61,24983.61,24950.1,24952.6,1884
2026-02-12T19:30:00+00:00,24952.6,24990.1,24951.59,24982.09,1554
2026-02-12T19:45:00+00:00,24982.09,24989.1,24964.6,24974.09,1422
2026-02-12T20:00:00+00:00,24974.09,24988.61,24955.59,24969.09,1411
2026-02-12T20:15:00+00:00,24969.09,24973.1,24943.11,24943.11,1533
2026-02-12T20:30:00+00:00,24943.11,24959.09,24930.11,24942.1,1549
2026-02-12T20:45:00+00:00,24942.1,24942.6,24894.59,24915.35,1672
2026-02-13T00:30:00+00:00,24915.35,24916.41,24887.66,24888.92,277
2026-02-13T00:45:00+00:00,24888.92,24895.91,24871.67,24893.43,351
2026-02-13T01:00:00+00:00,24893.43,24929.43,24893.43,24924.66,235
2026-02-13T01:15:00+00:00,24924.66,24935.43,24909.67,24916.66,287
2026-02-13T01:30:00+00:00,24916.66,24942.43,24912.66,24933.42,199
2026-02-13T01:45:00+00:00,24933.42,24957.42,24929.67,24941.66,241.913182140326
2026-02-13T02:00:00+00:00,24941.66,24967.91,24941.66,24959.91,586
2026-02-13T02:15:00+00:00,24959.91,24964.42,24951.66,24961.92,284
2026-02-13T02:30:00+00:00,24961.92,24966.43,24958.42,24961.92,164
2026-02-13T02:45:00+00:00,24961.92,24966.93,24950.42,24965.91,187
2026-02-13T03:00:00+00:00,24965.91,24977.41,24961.92,24962.41,178
2026-02-13T03:15:00+00:00,24962.41,24964.43,24947.43,24951.42,170
2026-02-13T03:30:00+00:00,24951.42,24964.43,24948.67,24961.41,185
2026-02-13T03:45:00+00:00,24961.41,24964.43,24938.66,24941.91,209
2026-02-13T04:00:00+00:00,24941.91,24949.93,24932.66,24948.43,190
2026-02-13T04:15:00+00:00,24948.43,24968.43,24947.66,24964.92,200
2026-02-13T04:30:00+00:00,24964.92,24965.91,24934.43,24938.67,179
2026-02-13T04:45:00+00:00,24938.67,24948.92,24934.66,24945.93,198
2026-02-13T05:00:00+00:00,24945.93,24949.41,24933.66,24936.66,237
2026-02-13T05:15:00+00:00,24936.66,24940.41,24902.68,24914.41,349
2026-02-13T05:30:00+00:00,24914.41,24921.43,24890.93,24892.67,422
2026-02-13T05:45:00+00:00,24892.67,24902.91,24871.68,24875.92,281
2026-02-13T06:00:00+00:00,24875.92,24889.93,24871.66,24876.41,388
2026-02-13T06:15:00+00:00,24876.41,24891.91,24848.91,24856.41,463
2026-02-13T06:30:00+00:00,24856.41,24859.43,24818.68,24834.93,537
2026-02-13T06:45:00+00:00,24834.93,24870.43,24830.67,24865.42,562
2026-02-13T07:00:00+00:00,24865.42,24900.43,24865.42,24883.93,918
2026-02-13T07:15:00+00:00,24883.93,24911.92,24873.91,24893.43,741
2026-02-13T07:30:00+00:00,24893.43,24895.91,24864.92,24879.93,823
2026-02-13T07:45:00+00:00,24879.93,24888.43,24838.41,24866.43,1120
2026-02-13T08:00:00+00:00,24866.43,24904.78,24810.26,24828.27,5293
2026-02-13T08:15:00+00:00,24828.27,24846.26,24757.26,24828.76,4636
2026-02-13T08:30:00+00:00,24828.76,24862.26,24813.76,24851.27,3400
2026-02-13T08:45:00+00:00,24851.27,24880.78,24851.27,24873.76,2834
2026-02-13T09:00:00+00:00,24873.76,24878.76,24807.76,24813.26,3064
2026-02-13T09:15:00+00:00,24813.26,24871.78,24809.77,24842.78,2838
2026-02-13T09:30:00+00:00,24842.78,24850.27,24816.76,24820.77,2987
2026-02-13T09:45:00+00:00,24820.77,24867.78,24817.28,24835.28,2555
2026-02-13T10:00:00+00:00,24835.28,24853.77,24817.77,24842.28,2762
2026-02-13T10:15:00+00:00,24842.28,24885.28,24834.76,24884.26,2330
2026-02-13T10:30:00+00:00,24884.26,24886.28,24853.26,24863.77,2387
2026-02-13T10:45:00+00:00,24863.77,24870.27,24816.76,24825.76,2891
2026-02-13T11:00:00+00:00,24825.76,24835.78,24809.26,24825.26,2702
2026-02-13T11:15:00+00:00,24825.26,24846.76,24812.26,24815.28,2722
2026-02-13T11:30:00+00:00,24815.28,24836.28,24783.76,24826.26,2924
2026-02-13T11:45:00+00:00,24826.26,24868.77,24812.28,24864.27,2805
2026-02-13T12:00:00+00:00,24864.27,24869.28,24834.27,24850.77,2696
2026-02-13T12:15:00+00:00,24850.77,24869.77,24840.26,24854.76,2406
2026-02-13T12:30:00+00:00,24854.76,24866.76,24835.76,24842.78,2223
2026-02-13T12:45:00+00:00,24842.78,24882.77,24812.76,24855.78,3307
2026-02-13T13:00:00+00:00,24855.78,24888.77,24837.77,24843.76,3185
2026-02-13T13:15:00+00:00,24843.76,24885.78,24836.26,24880.66,2541
2026-02-13T13:30:00+00:00,24880.66,24943.76,24880.66,24910.76,4253
2026-02-13T13:45:00+00:00,24910.76,24937.77,24875.78,24915.77,3410
2026-02-13T14:00:00+00:00,24915.77,24952.77,24899.27,24909.77,2507
2026-02-13T14:15:00+00:00,24909.77,24918.26,24872.26,24893.78,2419
2026-02-13T14:30:00+00:00,24893.78,24910.27,24817.28,24874.77,10469
2026-02-13T14:45:00+00:00,24874.77,24918.78,24818.26,24843.76,13190
2026-02-13T15:00:00+00:00,24843.76,24907.77,24837.76,24889.76,11243
2026-02-13T15:15:00+00:00,24889.76,24932.76,24873.76,24922.27,7727
2026-02-13T15:30:00+00:00,24922.27,24957.26,24884.76,24887.77,4992
2026-02-13T15:45:00+00:00,24887.77,24925.28,24873.26,24904.27,5694
2026-02-13T16:00:00+00:00,24904.27,24937.28,24898.76,24927.26,4179
2026-02-13T16:15:00+00:00,24927.26,24963.78,24903.26,24909.26,4743
2026-02-13T16:30:00+00:00,24909.26,24932.78,24889.27,24928.28,3895
2026-02-13T16:45:00+00:00,24928.28,24948.28,24926.77,24931.28,2912
2026-02-13T17:00:00+00:00,24931.28,24954.42,24923.43,24952.93,1665
2026-02-13T17:15:00+00:00,24952.93,24962.92,24933.91,24952.93,2078
2026-02-13T17:30:00+00:00,24952.93,24991.43,24951.43,24972.41,1381
2026-02-13T17:45:00+00:00,24972.41,24980.41,24945.91,24954.41,1826
2026-02-13T18:00:00+00:00,24954.41,24963.43,24928.43,24958.92,1535
2026-02-13T18:15:00+00:00,24958.92,24985.92,24954.41,24960.41,1183
2026-02-13T18:30:00+00:00,24960.41,24977.42,24952.92,24955.92,1252
2026-02-13T18:45:00+00:00,24955.92,24970.43,24939.41,24944.92,1290
2026-02-13T19:00:00+00:00,24944.92,24960.41,24937.91,24951.41,1365
2026-02-13T19:15:00+00:00,24951.41,24964.91,24936.42,24938.41,1163
2026-02-13T19:30:00+00:00,24938.41,24953.43,24919.92,24929.41,1650
2026-02-13T19:45:00+00:00,24929.41,24944.93,24898.42,24901.43,1370
2026-02-13T20:00:00+00:00,24901.43,24915.42,24899.43,24899.91,1244
2026-02-13T20:15:00+00:00,24899.91,24912.91,24869.92,24874.91,1212
2026-02-13T20:30:00+00:00,24874.91,24888.43,24864.41,24884.42,1645
2026-02-13T20:45:00+00:00,24884.42,24930.43,24881.42,24912.67,1948
2026-02-16T00:30:00+00:00,24912.67,24931.33,24912.67,24915.33,228
2026-02-16T00:45:00+00:00,24915.33,24925.33,24909.56,24916.56,162
2026-02-16T01:00:00+00:00,24916.56,24932.31,24910.56,24915.83,199
2026-02-16T01:15:00+00:00,24915.83,24921.83,24911.58,24913.82,154
2026-02-16T01:30:00+00:00,24913.82,24919.81,24905.57,24911.57,224.99709270188606
2026-02-16T01:45:00+00:00,24911.57,24930.33,24911.56,24930.32,153
2026-02-16T02:00:00+00:00,24930.32,24942.33,24917.32,24924.83,255
2026-02-16T02:15:00+00:00,24924.83,24936.32,24923.57,24929.32,124
2026-02-16T02:30:00+00:00,24929.32,24939.32,24927.57,24933.33,109
2026-02-16T02:45:00+00:00,24933.33,24934.82,24924.56,24931.33,91.53046442266724
2026-02-16T03:00:00+00:00,24931.33,24936.83,24925.56,24935.32,103
2026-02-16T03:15:00+00:00,24935.32,24944.31,24928.58,24932.32,151
2026-02-16T03:30:00+00:00,24932.32,24939.32,24929.57,24937.31,160
2026-02-16T03:45:00+00:00,24937.31,24944.58,24936.33,24944.56,101
2026-02-16T04:00:00+00:00,24944.56,24959.33,24944.56,24955.83,154
2026-02-16T04:15:00+00:00,24955.83,24959.58,24947.57,24959.58,67.26959029666065
2026-02-16T04:30:00+00:00,24959.58,24963.31,24952.56,24955.83,40.433393669731046
2026-02-16T04:45:00+00:00,24955.83,24967.33,24950.58,24958.58,97.42356687898089
2026-02-16T05:00:00+00:00,24958.58,24958.58,24948.32,24953.32,91.17931687293061
2026-02-16T05:15:00+00:00,24953.32,24953.33,24943.32,24945.81,97.80485689505637
2026-02-16T05:30:00+00:00,24945.81,24946.32,24931.33,24932.82,206
2026-02-16T05:45:00+00:00,24932.82,24942.82,24926.81,24936.32,157
2026-02-16T06:00:00+00:00,24936.32,24941.83,24933.33,24938.33,193
2026-02-16T06:15:00+00:00,24938.33,24941.32,24923.33,24940.82,159.766201804758
2026-02-16T06:30:00+00:00,24940.82,24954.31,24934.81,24952.32,177
2026-02-16T06:45:00+00:00,24952.32,24956.83,24949.32,24956.82,118.90072639225181
2026-02-16T07:00:00+00:00,24956.82,24987.32,24952.32,24974.81,492
2026-02-16T07:15:00+00:00,24974.81,24986.33,24968.83,24979.83,350
2026-02-16T07:30:00+00:00,24979.83,25010.82,24974.32,25007.33,412
2026-02-16T07:45:00+00:00,25007.33,25021.83,24997.33,25021.83,677
2026-02-16T08:00:00+00:00,25021.83,25028.67,24977.68,25007.66,3448
2026-02-16T08:15:00+00:00,25007.66,25017.16,24970.66,24972.68,2066
2026-02-16T08:30:00+00:00,24972.68,24995.67,24947.17,24964.67,1923
2026-02-16T08:45:00+00:00,24964.67,24984.68,24946.66,24967.68,2041
2026-02-16T09:00:00+00:00,24967.68,25003.66,24957.18,25001.18,1574
2026-02-16T09:15:00+00:00,25001.18,25002.18,24982.16,24990.18,1358
2026-02-16T09:30:00+00:00,24990.18,24990.18,24951.18,24952.18,1466
2026-02-16T09:45:00+00:00,24952.18,24959.68,24936.16,24949.67,1439
2026-02-16T10:00:00+00:00,24949.67,24961.68,24925.17,24932.18,1444
2026-02-16T10:15:00+00:00,24932.18,24932.18,24907.68,24923.67,1275
2026-02-16T10:30:00+00:00,24923.67,24952.18,24906.67,24950.66,1080
2026-02-16T10:45:00+00:00,24950.66,24958.16,24938.16,24940.18,1021
2026-02-16T11:00:00+00:00,24940.18,24940.18,24913.18,24932.18,1126
2026-02-16T11:15:00+00:00,24932.18,24952.18,24921.16,24951.16,991
2026-02-16T11:30:00+00:00,24951.16,24954.67,24922.67,24951.18,991
2026-02-16T11:45:00+00:00,24951.18,24962.18,24935.66,24948.16,924
2026-02-16T12:00:00+00:00,24948.16,24960.17,24930.16,24950.67,1025
2026-02-16T12:15:00+00:00,24950.67,24968.67,24944.67,24963.66,937
2026-02-16T12:30:00+00:00,24963.66,24963.66,24926.16,24926.16,1076
2026-02-16T12:45:00+00:00,24926.16,24939.67,24922.68,24930.66,1109
2026-02-16T13:00:00+00:00,24930.66,24934.67,24907.16,24908.16,1079
2026-02-16T13:15:00+00:00,24908.16,24941.16,24904.66,24934.18,1069
2026-02-16T13:30:00+00:00,24934.18,24941.67,24916.16,24934.66,1220
2026-02-16T13:45:00+00:00,24934.66,24942.17,24919.67,24919.67,974
2026-02-16T14:00:00+00:00,24919.67,24924.16,24893.67,24894.17,1327
2026-02-16T14:15:00+00:00,24894.17,24896.68,24863.16,24875.17,1740
2026-02-16T14:30:00+00:00,24875.17,24884.66,24847.16,24860.67,2553
2026-02-16T14:45:00+00:00,24860.67,24891.18,24842.67,24876.18,1711
2026-02-16T15:00:00+00:00,24876.18,24906.16,24874.67,24886.16,1605
2026-02-16T15:15:00+00:00,24886.16,24896.68,24869.67,24875.66,1649
2026-02-16T15:30:00+00:00,24875.66,24884.68,24863.16,24864.16,1650
2026-02-16T15:45:00+00:00,24864.16,24883.66,24823.66,24825.18,1725
2026-02-16T16:00:00+00:00,24825.18,24838.68,24801.18,24830.16,1719
2026-02-16T16:15:00+00:00,24830.16,24833.17,24802.67,24822.16,1485
2026-02-16T16:30:00+00:00,24822.16,24840.68,24797.17,24836.16,1139
2026-02-16T16:45:00+00:00,24836.16,24844.18,24828.16,24831.68,689
2026-02-16T17:00:00+00:00,24831.68,24841.83,24827.82,24835.31,468
2026-02-16T17:15:00+00:00,24835.31,24836.83,24829.82,24835.32,306
2026-02-16T17:30:00+00:00,24835.32,24845.31,24833.32,24839.31,262
2026-02-16T17:45:00+00:00,24839.31,24842.33,24833.81,24841.82,287
2026-02-16T18:00:00+00:00,24841.82,24841.83,24836.32,24839.82,67.47246484270664
2026-02-16T18:15:00+00:00,24839.82,24845.31,24839.31,24841.33,74.8551020052251
2026-02-16T18:30:00+00:00,24841.33,24842.33,24837.32,24838.82,50.71455417872869
2026-02-16T18:45:00+00:00,24838.82,24842.33,24830.83,24830.83,42.87681582351025
2026-02-16T19:00:00+00:00,24830.83,24837.33,24828.33,24828.33,102.67210083133885
2026-02-16T19:15:00+00:00,24828.33,24835.31,24825.81,24834.81,54.47701527082766
2026-02-16T19:30:00+00:00,24834.81,24835.82,24833.81,24834.31,65.23977749321939
2026-02-16T19:45:00+00:00,24834.31,24837.83,24833.31,24837.83,73.1001217770141
2026-02-16T20:00:00+00:00,24837.83,24840.82,24837.82,24838.81,72.39008840755808
2026-02-16T20:15:00+00:00,24838.81,24840.83,24836.31,24838.33,42
2026-02-16T20:30:00+00:00,24838.33,24838.33,24828.31,24830.33,71.34276981512804
2026-02-16T20:45:00+00:00,24830.33,24842.06,24827.82,24838.06,227.17834004467767
2026-02-17T00:30:00+00:00,24838.06,24855.36,24830.35,24842.34,159
2026-02-17T00:45:00+00:00,24842.34,24842.35,24828.09,24835.86,183
2026-02-17T01:00:00+00:00,24835.86,24854.35,24830.09,24848.84,236
2026-02-17T01:15:00+00:00,24848.84,24850.85,24824.36,24828.09,164
2026-02-17T01:30:00+00:00,24828.09,24839.84,24825.09,24825.1,116
2026-02-17T01:45:00+00:00,24825.1,24832.34,24768.09,24779.84,293
2026-02-17T02:00:00+00:00,24779.84,24783.86,24763.11,24781.11,427
2026-02-17T02:15:00+00:00,24781.11,24796.86,24779.09,24795.34,229
2026-02-17T02:30:00+00:00,24795.34,24800.84,24789.84,24795.85,214
2026-02-17T02:45:00+00:00,24795.85,24801.35,24783.1,24792.09,212
2026-02-17T03:00:00+00:00,24792.09,24793.86,24755.1,24765.86,392
2026-02-17T03:15:00+00:00,24765.86,24777.86,24763.09,24771.85,148.42149929278642
2026-02-17T03:30:00+00:00,24771.85,24771.85,24720.34,24732.84,493
2026-02-17T03:45:00+00:00,24732.84,24745.35,24725.09,24738.85,208
2026-02-17T04:00:00+00:00,24738.85,24743.86,24733.09,24735.84,234
2026-02-17T04:15:00+00:00,24735.84,24742.86,24724.11,24732.84,124
2026-02-17T04:30:00+00:00,24732.84,24732.84,24715.09,24722.36,103.15219683655536
2026-02-17T04:45:00+00:00,24722.36,24734.86,24721.11,24732.84,123
2026-02-17T05:00:00+00:00,24732.84,24740.84,24726.11,24734.86,205
2026-02-17T05:15:00+00:00,24734.86,24735.86,24685.11,24721.36,326
2026-02-17T05:30:00+00:00,24721.36,24729.35,24706.09,24719.85,290
2026-02-17T05:45:00+00:00,24719.85,24726.36,24704.1,24706.86,165
2026-02-17T06:00:00+00:00,24706.86,24746.36,24706.85,24731.84,295
2026-02-17T06:15:00+00:00,24731.84,24739.35,24724.85,24726.84,248
2026-02-17T06:30:00+00:00,24726.84,24747.34,24719.84,24734.34,222
2026-02-17T06:45:00+00:00,24734.34,24739.86,24726.09,24727.09,291
2026-02-17T07:00:00+00:00,24727.09,24741.36,24712.85,24716.86,679
2026-02-17T07:15:00+00:00,24716.86,24746.35,24704.85,24714.85,485
2026-02-17T07:30:00+00:00,24714.85,24749.85,24711.36,24729.84,701
2026-02-17T07:45:00+00:00,24729.84,24768.84,24728.86,24758.86,811
2026-02-17T08:00:00+00:00,24758.86,24809.71,24742.2,24781.19,3163
2026-02-17T08:15:00+00:00,24781.19,24808.71,24760.7,24808.2,2559
2026-02-17T08:30:00+00:00,24808.2,24831.2,24776.19,24777.71,2361
2026-02-17T08:45:00+00:00,24777.71,24813.21,24775.21,24805.19,2150
2026-02-17T09:00:00+00:00,24805.19,24858.71,24805.19,24825.71,1945
2026-02-17T09:15:00+00:00,24825.71,24860.2,24822.19,24854.21,1692
2026-02-17T09:30:00+00:00,24854.21,24885.69,24854.21,24873.7,1511
2026-02-17T09:45:00+00:00,24873.7,24877.21,24844.7,24872.2,1128
2026-02-17T10:00:00+00:00,24872.2,24890.21,24838.7,24850.2,1350
2026-02-17T10:15:00+00:00,24850.2,24875.21,24849.19,24855.19,1164
2026-02-17T10:30:00+00:00,24855.19,24861.71,24827.19,24831.71,1241
2026-02-17T10:45:00+00:00,24831.71,24852.2,24819.21,24823.7,1446
2026-02-17T11:00:00+00:00,24823.7,24832.21,24787.21,24821.21,1657
2026-02-17T11:15:00+00:00,24821.21,24845.21,24793.2,24843.2,1397
2026-02-17T11:30:00+00:00,24843.2,24866.71,24835.2,24854.19,1307
2026-02-17T11:45:00+00:00,24854.19,24879.21,24849.21,24869.2,1343
2026-02-17T12:00:00+00:00,24869.2,24876.7,24859.19,24863.2,1458
2026-02-17T12:15:00+00:00,24863.2,24863.71,24825.71,24831.69,1226
2026-02-17T12:30:00+00:00,24831.69,24836.2,24799.19,24813.19,1222
2026-02-17T12:45:00+00:00,24813.19,24815.21,24772.7,24778.7,1519
2026-02-17T13:00:00+00:00,24778.7,24781.21,24740.19,24769.2,1724
2026-02-17T13:15:00+00:00,24769.2,24838.71,24764.7,24824.2,1722
2026-02-17T13:30:00+00:00,24824.2,24839.71,24809.19,24837.7,1343
2026-02-17T13:45:00+00:00,24837.7,24885.69,24822.69,24846.69,3359
2026-02-17T14:00:00+00:00,24846.69,24899.19,24845.2,24883.19,1758
2026-02-17T14:15:00+00:00,24883.19,24898.69,24870.19,24887.71,1672
2026-02-17T14:30:00+00:00,24887.71,24950.19,24887.7,24909.69,6573
2026-02-17T14:45:00+00:00,24909.69,24927.7,24828.19,24840.71,5831
2026-02-17T15:00:00+00:00,24840.71,24896.2,24837.2,24864.21,5585
2026-02-17T15:15:00+00:00,24864.21,24934.19,24858.19,24893.19,5240
2026-02-17T15:30:00+00:00,24893.19,24901.21,24857.19,24878.19,4229
2026-02-17T15:45:00+00:00,24878.19,24915.2,24876.2,24903.2,3898
2026-02-17T16:00:00+00:00,24903.2,24998.2,24888.7,24992.2,2701
2026-02-17T16:15:00+00:00,24992.2,25032.69,24983.2,25012.7,2349
2026-02-17T16:30:00+00:00,25012.7,25030.21,24989.71,25011.2,2406
2026-02-17T16:45:00+00:00,25011.2,25022.19,24992.69,25007.71,2119
2026-02-17T17:00:00+00:00,25007.71,25010.86,24955.36,24965.86,2047
2026-02-17T17:15:00+00:00,24965.86,24994.86,24965.35,24994.86,1754
2026-02-17T17:30:00+00:00,24994.86,25000.86,24948.84,24951.36,1856
2026-02-17T17:45:00+00:00,24951.36,24981.84,24937.85,24979.34,2436
2026-02-17T18:00:00+00:00,24979.34,24985.85,24962.84,24973.85,1381
2026-02-17T18:15:00+00:00,24973.85,25019.36,24969.34,25007.85,1564
2026-02-17T18:30:00+00:00,25007.85,25042.36,25003.34,25033.35,1099
2026-02-17T18:45:00+00:00,25033.35,25060.84,25031.36,25051.34,982
2026-02-17T19:00:00+00:00,25051.34,25054.86,25031.84,25044.85,985
2026-02-17T19:15:00+00:00,25044.85,25050.86,25034.35,25036.85,799
2026-02-17T19:30:00+00:00,25036.85,25055.36,25034.36,25054.86,710
2026-02-17T19:45:00+00:00,25054.86,25054.86,25032.86,25035.86,738
2026-02-17T20:00:00+00:00,25035.86,25048.86,25028.85,25037.86,672
2026-02-17T20:15:00+00:00,25037.86,25043.86,25029.35,25037.35,594
2026-02-17T20:30:00+00:00,25037.35,25047.86,25023.35,25042.34,686
2026-02-17T20:45:00+00:00,25042.34,25046.36,25027.86,25046.09,1042
2026-02-18T00:30:00+00:00,25046.09,25046.09,25029.36,25030.36,270
2026-02-18T00:45:00+00:00,25030.36,25031.37,25021.1,25027.35,81
2026-02-18T01:00:00+00:00,25027.35,25042.87,25024.1,25032.85,294
2026-02-18T01:15:00+00:00,25032.85,25045.36,25024.12,25031.85,160
2026-02-18T01:30:00+00:00,25031.85,25036.86,25024.12,25033.86,171
2026-02-18T01:45:00+00:00,25033.86,25035.36,25022.12,25030.87,110
2026-02-18T02:00:00+00:00,25030.87,25036.36,25025.11,25030.85,112.16529543754675
2026-02-18T02:15:00+00:00,25030.85,25030.85,25021.1,25024.35,72.15280058502633
2026-02-18T02:30:00+00:00,25024.35,25035.37,25024.35,25033.37,126.90554927658579
2026-02-18T02:45:00+00:00,25033.37,25034.36,25022.86,25026.36,72.78969342581784
2026-02-18T03:00:00+00:00,25026.36,25029.86,25010.35,25016.36,126.06557051648596
2026-02-18T03:15:00+00:00,25016.36,25024.37,25008.85,25022.86,129.60407617774808
2026-02-18T03:30:00+00:00,25022.86,25031.37,25019.1,25027.86,103
2026-02-18T03:45:00+00:00,25027.86,25041.37,25027.85,25037.86,118.72999779367206
2026-02-18T04:00:00+00:00,25037.86,25055.36,25033.85,25049.87,115
2026-02-18T04:15:00+00:00,25049.87,25056.36,25042.1,25052.85,96.40321500334896
2026-02-18T04:30:00+00:00,25052.85,25078.37,25052.35,25075.1,137.296239447429
2026-02-18T04:45:00+00:00,25075.1,25079.87,25069.1,25078.37,106
2026-02-18T05:00:00+00:00,25078.37,25080.86,25067.11,25080.36,98
2026-02-18T05:15:00+00:00,25080.36,25087.87,25075.87,25081.86,119
2026-02-18T05:30:00+00:00,25081.86,25089.37,25076.87,25077.37,113.57751277683136
2026-02-18T05:45:00+00:00,25077.37,25081.35,25072.35,25079.35,91
2026-02-18T06:00:00+00:00,25079.35,25087.86,25070.37,25073.87,154.8702479338843
2026-02-18T06:15:00+00:00,25073.87,25085.37,25073.37,25082.37,186
2026-02-18T06:30:00+00:00,25082.37,25089.37,25073.87,25083.36,177
2026-02-18T06:45:00+00:00,25083.36,25091.86,25069.35,25073.37,178.55131086142322
2026-02-18T07:00:00+00:00,25073.37,25084.37,25049.85,25056.86,637
2026-02-18T07:15:00+00:00,25056.86,25070.87,25051.86,25070.85,307
2026-02-18T07:30:00+00:00,25070.85,25081.85,25068.35,25075.36,360
2026-02-18T07:45:00+00:00,25075.36,25076.37,25048.35,25061.37,726
2026-02-18T08:00:00+00:00,25061.37,25164.21,25058.22,25120.2,3498
2026-02-18T08:15:00+00:00,25120.2,25183.22,25111.7,25122.7,2334
2026-02-18T08:30:00+00:00,25122.7,25162.2,25122.7,25149.72,1726
2026-02-18T08:45:00+00:00,25149.72,25185.22,25129.72,25174.22,1605
2026-02-18T09:00:00+00:00,25174.22,25187.21,25151.2,25162.2,1757
2026-02-18T09:15:00+00:00,25162.2,25174.21,25131.2,25166.7,1528
2026-02-18T09:30:00+00:00,25166.7,25203.7,25161.71,25197.72,1330
2026-02-18T09:45:00+00:00,25197.72,25211.22,25185.7,25200.2,1276
2026-02-18T10:00:00+00:00,25200.2,25225.2,25193.21,25212.7,1024
2026-02-18T10:15:00+00:00,25212.7,25218.72,25199.7,25213.7,799
2026-02-18T10:30:00+00:00,25213.7,25226.7,25202.2,25225.72,855
2026-02-18T10:45:00+00:00,25225.72,25255.72,25215.21,25254.71,849
2026-02-18T11:00:00+00:00,25254.71,25275.71,25232.71,25244.72,1196
2026-02-18T11:15:00+00:00,25244.72,25251.21,25225.7,25242.2,987
2026-02-18T11:30:00+00:00,25242.2,25242.72,25203.2,25212.2,1014
2026-02-18T11:45:00+00:00,25212.2,25225.21,25210.7,25215.7,864
2026-02-18T12:00:00+00:00,25215.7,25256.71,25213.7,25256.71,1541
2026-02-18T12:15:00+00:00,25256.71,25257.21,25217.22,25226.2,1070
2026-02-18T12:30:00+00:00,25226.2,25227.7,25182.7,25198.22,1521
2026-02-18T12:45:00+00:00,25198.22,25224.71,25196.22,25218.22,1095
2026-02-18T13:00:00+00:00,25218.22,25221.72,25189.71,25203.72,1174
2026-02-18T13:15:00+00:00,25203.72,25207.72,25169.2,25193.71,1129
2026-02-18T13:30:00+00:00,25193.71,25202.22,25177.21,25182.2,1248
2026-02-18T13:45:00+00:00,25182.2,25182.71,25118.71,25126.22,1362
2026-02-18T14:00:00+00:00,25126.22,25153.72,25104.71,25142.72,1211
2026-02-18T14:15:00+00:00,25142.72,25155.72,25129.7,25147.22,1251
2026-02-18T14:30:00+00:00,25147.22,25222.71,25121.72,25217.22,5654
2026-02-18T14:45:00+00:00,25217.22,25251.22,25195.7,25249.21,2705
2026-02-18T15:00:00+00:00,25249.21,25287.2,25249.21,25279.22,1635
2026-02-18T15:15:00+00:00,25279.22,25284.21,25250.71,25275.7,1404
2026-02-18T15:30:00+00:00,25275.7,25291.21,25265.72,25268.72,1479
2026-02-18T15:45:00+00:00,25268.72,25320.21,25262.21,25313.21,1136
2026-02-18T16:00:00+00:00,25313.21,25328.2,25293.72,25298.2,1282
2026-02-18T16:15:00+00:00,25298.2,25311.72,25289.22,25297.72,1404
2026-02-18T16:30:00+00:00,25297.72,25309.2,25276.22,25291.71,1513
2026-02-18T16:45:00+00:00,25291.71,25299.72,25273.2,25279.7,940
2026-02-18T17:00:00+00:00,25279.7,25302.35,25270.37,25294.36,896
2026-02-18T17:15:00+00:00,25294.36,25303.37,25292.86,25299.85,611
2026-02-18T17:30:00+00:00,25299.85,25308.37,25289.35,25301.85,574
2026-02-18T17:45:00+00:00,25301.85,25308.37,25296.35,25298.36,451
2026-02-18T18:00:00+00:00,25298.36,25312.37,25291.85,25295.86,483
2026-02-18T18:15:00+00:00,25295.86,25298.37,25237.37,25247.35,565
2026-02-18T18:30:00+00:00,25247.35,25278.87,25232.85,25263.85,951
2026-02-18T18:45:00+00:00,25263.85,25274.85,25240.36,25259.87,773
2026-02-18T19:00:00+00:00,25259.87,25269.85,25248.36,25249.87,1003
2026-02-18T19:15:00+00:00,25249.87,25260.87,25240.85,25255.35,967
2026-02-18T19:30:00+00:00,25255.35,25258.87,25220.85,25221.87,1451
2026-02-18T19:45:00+00:00,25221.87,25229.87,25187.35,25202.86,1432
2026-02-18T20:00:00+00:00,25202.86,25213.37,25185.37,25186.36,1179
2026-02-18T20:15:00+00:00,25186.36,25194.86,25178.35,25189.35,981
2026-02-18T20:30:00+00:00,25189.35,25230.37,25188.85,25224.37,653
2026-02-18T20:45:00+00:00,25224.37,25256.86,25217.85,25235.61,836
2026-02-19T00:30:00+00:00,25235.61,25242.76,25223.99,25237.76,111
2026-02-19T00:45:00+00:00,25237.76,25240.76,25228,25240.26,83.98628466930813
2026-02-19T01:00:00+00:00,25240.26,25274.75,25237.99,25273.75,289
2026-02-19T01:15:00+00:00,25273.75,25276.25,25254.01,25261.74,218
2026-02-19T01:30:00+00:00,25261.74,25268.26,25242.01,25250,277
2026-02-19T01:45:00+00:00,25250,25258.26,25234.01,25253,129.04935622317595
2026-02-19T02:00:00+00:00,25253,25264.74,25244.99,25259.25,119
2026-02-19T02:15:00+00:00,25259.25,25262.26,25251.99,25261.75,107.00921658986175
2026-02-19T02:30:00+00:00,25261.75,25266.75,25255.25,25259.25,99
2026-02-19T02:45:00+00:00,25259.25,25260.25,25249.01,25256.74,58.913521012771234
2026-02-19T03:00:00+00:00,25256.74,25260.26,25250.99,25257.76,87.93984334371889
2026-02-19T03:15:00+00:00,25257.76,25265.26,25254.24,25262.76,90
2026-02-19T03:30:00+00:00,25262.76,25267.76,25245.75,25253.25,126
2026-02-19T03:45:00+00:00,25253.25,25253.25,25241.99,25248.01,40.523282348033554
2026-02-19T04:00:00+00:00,25248.01,25258.26,25247.99,25253.74,69.85570222995457
2026-02-19T04:15:00+00:00,25253.74,25255.75,25240.01,25244.74,88.38392742009763
2026-02-19T04:30:00+00:00,25244.74,25250.25,25238.99,25241,53.50531158649956
2026-02-19T04:45:00+00:00,25241,25243.74,25234.99,25238,40.500584456770056
2026-02-19T05:00:00+00:00,25238,25241.75,25224,25233.75,99.27922744937216
2026-02-19T05:15:00+00:00,25233.75,25233.76,25225.24,25232.25,111
2026-02-19T05:30:00+00:00,25232.25,25237.26,25224.25,25224.25,146
2026-02-19T05:45:00+00:00,25224.25,25235.25,25220.74,25225.25,203
2026-02-19T06:00:00+00:00,25225.25,25234.26,25215.25,25222.74,247
2026-02-19T06:15:00+00:00,25222.74,25224.25,25204.99,25209.75,176
2026-02-19T06:30:00+00:00,25209.75,25219.25,25198.25,25198.25,223.2362435803375
2026-02-19T06:45:00+00:00,25198.25,25211.25,25196.25,25210.26,144
2026-02-19T07:00:00+00:00,25210.26,25226.26,25195.25,25209.76,427
2026-02-19T07:15:00+00:00,25209.76,25216.26,25200.75,25209.26,302
2026-02-19T07:30:00+00:00,25209.26,25217.25,25203.26,25212.25,380
2026-02-19T07:45:00+00:00,25212.25,25215.74,25175.25,25193.76,745
2026-02-19T08:00:00+00:00,25193.76,25233.11,25170.09,25195.61,3458
2026-02-19T08:15:00+00:00,25195.61,25225.1,25194.1,25202.59,2045
2026-02-19T08:30:00+00:00,25202.59,25220.09,25156.6,25176.6,2020
2026-02-19T08:45:00+00:00,25176.6,25182.61,25140.1,25146.1,1608
2026-02-19T09:00:00+00:00,25146.1,25162.11,25133.61,25159.59,1532
2026-02-19T09:15:00+00:00,25159.59,25167.61,25128.09,25128.09,1399
2026-02-19T09:30:00+00:00,25128.09,25135.61,25092.61,25095.59,1594
2026-02-19T09:45:00+00:00,25095.59,25096.59,25061.1,25065.61,1562
2026-02-19T10:00:00+00:00,25065.61,25067.11,25026.6,25052.09,2431
2026-02-19T10:15:00+00:00,25052.09,25085.6,25050.1,25056.6,1495
2026-02-19T10:30:00+00:00,25056.6,25071.1,25040.6,25066.09,1529
2026-02-19T10:45:00+00:00,25066.09,25082.61,25060.11,25075.61,1396
2026-02-19T11:00:00+00:00,25075.61,25106.6,25062.59,25096.11,1508
2026-02-19T11:15:00+00:00,25096.11,25118.11,25083.59,25106.1,1075
2026-02-19T11:30:00+00:00,25106.1,25108.11,25088.59,25099.11,849
2026-02-19T11:45:00+00:00,25099.11,25106.11,25058.09,25065.11,1155
2026-02-19T12:00:00+00:00,25065.11,25071.61,25034.11,25066.6,1525
2026-02-19T12:15:00+00:00,25066.6,25087.61,25054.59,25076.11,1033
2026-02-19T12:30:00+00:00,25076.11,25076.11,25050.11,25063.61,1003
2026-02-19T12:45:00+00:00,25063.61,25077.61,25057.11,25060.6,913
2026-02-19T13:00:00+00:00,25060.6,25073.61,25042.09,25049.11,1228
2026-02-19T13:15:00+00:00,25049.11,25053.61,24999.61,25009.01,1179
2026-02-19T13:30:00+00:00,25009.01,25061.11,25000.61,25046.1,1527
2026-02-19T13:45:00+00:00,25046.1,25062.61,25037.11,25048.59,1032
2026-02-19T14:00:00+00:00,25048.59,25057.61,25030.61,25042.09,1222
2026-02-19T14:15:00+00:00,25042.09,25053.11,25023.11,25026.59,1141
2026-02-19T14:30:00+00:00,25026.59,25035.61,24983.6,25027.61,4922
2026-02-19T14:45:00+00:00,25027.61,25037.11,24984.59,25025.11,3906
2026-02-19T15:00:00+00:00,25025.11,25049.11,25002.59,25013.1,3517
2026-02-19T15:15:00+00:00,25013.1,25040.11,25003.59,25022.1,3577
2026-02-19T15:30:00+00:00,25022.1,25066.1,25009.6,25051.09,2251
2026-02-19T15:45:00+00:00,25051.09,25057.1,25012.11,25041.11,2179
2026-02-19T16:00:00+00:00,25041.11,25042.61,25001.1,25012.59,1943
2026-02-19T16:15:00+00:00,25012.59,25047.61,25012.11,25021.1,1480
2026-02-19T16:30:00+00:00,25021.1,25058.61,25019.1,25020.6,1947
2026-02-19T16:45:00+00:00,25020.6,25032.61,25000.61,25013.61,1645
2026-02-19T17:00:00+00:00,25013.61,25016.76,24989.74,25009.26,1564
2026-02-19T17:15:00+00:00,25009.26,25032.26,25002.75,25010.25,1629
2026-02-19T17:30:00+00:00,25010.25,25021.75,25002.24,25012.75,1238
2026-02-19T17:45:00+00:00,25012.75,25013.76,24986.25,24992.24,1474
2026-02-19T18:00:00+00:00,24992.24,25008.74,24976.74,25004.75,1136
2026-02-19T18:15:00+00:00,25004.75,25006.75,24975.74,24992.74,1174
2026-02-19T18:30:00+00:00,24992.74,25005.75,24988.25,25001.75,1184
2026-02-19T18:45:00+00:00,25001.75,25028.25,24997.74,25022.76,959
2026-02-19T19:00:00+00:00,25022.76,25023.26,25006.25,25011.75,817
2026-02-19T19:15:00+00:00,25011.75,25020.25,25002.25,25008.74,688
2026-02-19T19:30:00+00:00,25008.74,25016.76,24984.74,24998.76,932
2026-02-19T19:45:00+00:00,24998.76,25011.24,24991.26,25006.76,829
2026-02-19T20:00:00+00:00,25006.76,25028.26,25006.24,25028.24,573
2026-02-19T20:15:00+00:00,25028.24,25031.75,25016.24,25018.75,648
2026-02-19T20:30:00+00:00,25018.75,25031.26,25017.25,25025.74,632
2026-02-19T20:45:00+00:00,25025.74,25035.24,25021.24,25030.99,709
2026-02-20T00:30:00+00:00,25030.99,25064.48,25030.99,25062.48,121
2026-02-20T00:45:00+00:00,25062.48,25070.49,25059.75,25060.5,86
2026-02-20T01:00:00+00:00,25060.5,25085.99,25059.73,25082.49,196
2026-02-20T01:15:00+00:00,25082.49,25082.98,25061.98,25068.48,201
2026-02-20T01:30:00+00:00,25068.48,25073,25056.73,25059.49,200
2026-02-20T01:45:00+00:00,25059.49,25070,25055.73,25061.49,142
2026-02-20T02:00:00+00:00,25061.49,25080.5,25056.73,25060.5,226
2026-02-20T02:15:00+00:00,25060.5,25062.5,25053.75,25058,139
2026-02-20T02:30:00+00:00,25058,25065.48,25052.74,25053.99,267
2026-02-20T02:45:00+00:00,25053.99,25062.5,25039.48,25057.49,224
2026-02-20T03:00:00+00:00,25057.49,25064.98,25054.75,25059.5,96
2026-02-20T03:15:00+00:00,25059.5,25063,25056.73,25056.73,70.58904457076636
2026-02-20T03:30:00+00:00,25056.73,25061.5,25050.74,25051.48,70.56902380431907
2026-02-20T03:45:00+00:00,25051.48,25060.49,25049.98,25052.49,117.0572472925414
2026-02-20T04:00:00+00:00,25052.49,25061.49,25048.73,25057.49,86
2026-02-20T04:15:00+00:00,25057.49,25058.48,25048.73,25054.48,117.53652288054838
2026-02-20T04:30:00+00:00,25054.48,25059.49,25049.73,25058.5,49
2026-02-20T04:45:00+00:00,25058.5,25069.48,25056.73,25064.74,132.35085324232082
2026-02-20T05:00:00+00:00,25064.74,25078.49,25064.5,25066.49,188.64184157075152
2026-02-20T05:15:00+00:00,25066.49,25078.49,25063.74,25073.5,94
2026-02-20T05:30:00+00:00,25073.5,25082.98,25070.75,25078.48,156
2026-02-20T05:45:00+00:00,25078.48,25095,25076.98,25092.98,141
2026-02-20T06:00:00+00:00,25092.98,25107.48,25087.75,25104.99,195
2026-02-20T06:15:00+00:00,25104.99,25107.5,25093.49,25094.49,149
2026-02-20T06:30:00+00:00,25094.49,25096.98,25085.99,25091.49,235
2026-02-20T06:45:00+00:00,25091.49,25095.98,25084.5,25088.5,143
2026-02-20T07:00:00+00:00,25088.5,25101.5,25076.98,25086.98,555
2026-02-20T07:15:00+00:00,25086.98,25096.49,25079,25080.48,403
2026-02-20T07:30:00+00:00,25080.48,25090,25073.49,25076.99,461
2026-02-20T07:45:00+00:00,25076.99,25079.99,25058.48,25072.49,823
2026-02-20T08:00:00+00:00,25072.49,25077.35,25034.34,25037.85,3467
2026-02-20T08:15:00+00:00,25037.85,25069.85,25002.84,25065.84,2357
2026-02-20T08:30:00+00:00,25065.84,25065.84,25026.84,25053.34,2121
2026-02-20T08:45:00+00:00,25053.34,25091.85,25045.85,25090.33,1428
2026-02-20T09:00:00+00:00,25090.33,25129.85,25080.83,25124.35,1604
2026-02-20T09:15:00+00:00,25124.35,25144.85,25117.83,25125.35,1183
2026-02-20T09:30:00+00:00,25125.35,25127.34,25095.33,25121.83,1402
2026-02-20T09:45:00+00:00,25121.83,25122.35,25099.83,25109.33,1307
2026-02-20T10:00:00+00:00,25109.33,25128.35,25099.34,25127.33,1445
2026-02-20T10:15:00+00:00,25127.33,25135.34,25108.33,25134.34,1031
2026-02-20T10:30:00+00:00,25134.34,25134.34,25111.35,25125.34,1098
2026-02-20T10:45:00+00:00,25125.34,25136.33,25094.33,25094.83,1922
2026-02-20T11:00:00+00:00,25094.83,25110.34,25064.33,25102.33,1655
2026-02-20T11:15:00+00:00,25102.33,25113.83,25096.33,25110.83,1159
2026-02-20T11:30:00+00:00,25110.83,25125.35,25109.83,25116.83,1130
2026-02-20T11:45:00+00:00,25116.83,25118.85,25092.83,25101.85,1372
2026-02-20T12:00:00+00:00,25101.85,25111.34,25088.33,25109.34,1627
2026-02-20T12:15:00+00:00,25109.34,25115.85,25090.33,25095.85,1130
2026-02-20T12:30:00+00:00,25095.85,25098.33,25073.34,25078.85,1353
2026-02-20T12:45:00+00:00,25078.85,25092.35,25066.85,25081.83,1232
2026-02-20T13:00:00+00:00,25081.83,25099.35,25075.35,25099.35,904
2026-02-20T13:15:00+00:00,25099.35,25123.85,25097.35,25118.33,859
2026-02-20T13:30:00+00:00,25118.33,25120.85,25081.84,25098.34,2176
2026-02-20T13:45:00+00:00,25098.34,25106.34,25081.83,25105.34,1288
2026-02-20T14:00:00+00:00,25105.34,25120.34,25100.35,25110.83,1140
2026-02-20T14:15:00+00:00,25110.83,25111.34,25090.85,25095.85,1295
2026-02-20T14:30:00+00:00,25095.85,25161.34,25090.85,25136.85,3971
2026-02-20T14:45:00+00:00,25136.85,25154.35,25121.33,25153.74,2999
2026-02-20T15:00:00+00:00,25153.74,25341.34,25149.83,25171.85,10309
2026-02-20T15:15:00+00:00,25171.85,25242.85,25154.83,25202.85,6338
2026-02-20T15:30:00+00:00,25202.85,25238.34,25183.33,25230.84,5962
2026-02-20T15:45:00+00:00,25230.84,25288.85,25215.84,25280.35,3133
2026-02-20T16:00:00+00:00,25280.35,25284.84,25240.34,25241.83,3009
2026-02-20T16:15:00+00:00,25241.83,25264.84,25233.34,25252.33,3573
2026-02-20T16:30:00+00:00,25252.33,25288.33,25242.34,25277.33,2687
2026-02-20T16:45:00+00:00,25277.33,25286.85,25251.73,25258.33,1733
2026-02-20T17:00:00+00:00,25258.33,25263.98,25204.99,25204.99,1850
2026-02-20T17:15:00+00:00,25204.99,25207.98,25182.49,25204.5,2549
2026-02-20T17:30:00+00:00,25204.5,25232.5,25202.49,25224.49,2424
2026-02-20T17:45:00+00:00,25224.49,25244,25205.73,25232.48,2060
2026-02-20T18:00:00+00:00,25232.48,25237.5,25215.48,25219.98,1345
2026-02-20T18:15:00+00:00,25219.98,25226.98,25185.74,25211,1792
2026-02-20T18:30:00+00:00,25211,25264,25179.75,25247.98,3108
2026-02-20T18:45:00+00:00,25247.98,25267.5,25233.74,25261,1445
2026-02-20T19:00:00+00:00,25261,25265.5,25236.48,25237.48,1199
2026-02-20T19:15:00+00:00,25237.48,25248.5,25223,25229.48,935
2026-02-20T19:30:00+00:00,25229.48,25237.5,25224.98,25224.99,915
2026-02-20T19:45:00+00:00,25224.99,25237.5,25222.48,25223.98,1006
2026-02-20T20:00:00+00:00,25223.98,25252,25223.98,25248.98,1039
2026-02-20T20:15:00+00:00,25248.98,25250,25238.48,25243.5,694
2026-02-20T20:30:00+00:00,25243.5,25248.5,25238.98,25247.98,848
2026-02-20T20:45:00+00:00,25247.98,25255.98,25233.49,25242.23,818
2026-02-23T00:30:00+00:00,25242.23,25242.23,25133.46,25136.46,153
2026-02-23T00:45:00+00:00,25136.46,25149.73,25121.23,25122.47,287
2026-02-23T01:00:00+00:00,25122.47,25124.22,25091.46,25106.48,330
2026-02-23T01:15:00+00:00,25106.48,25128.73,25102.46,25117.48,275
2026-02-23T01:30:00+00:00,25117.48,25135.21,25110.46,25131.71,197
2026-02-23T01:45:00+00:00,25131.71,25134.22,25098.46,25099.46,212
2026-02-23T02:00:00+00:00,25099.46,25118.23,25090.48,25094.23,289
2026-02-23T02:15:00+00:00,25094.23,25123.23,25088.46,25119.23,214
2026-02-23T02:30:00+00:00,25119.23,25124.72,25111.48,25116.48,126.72421643654219
2026-02-23T02:45:00+00:00,25116.48,25122.23,25107.46,25108.46,90
2026-02-23T03:00:00+00:00,25108.46,25117.23,25104.46,25105.48,94.41674909330696
2026-02-23T03:15:00+00:00,25105.48,25107.22,25088.47,25101.48,106
2026-02-23T03:30:00+00:00,25101.48,25104.22,25092.47,25096.47,111
2026-02-23T03:45:00+00:00,25096.47,25108.73,25096.46,25100.46,64.70475387427095
2026-02-23T04:00:00+00:00,25100.46,25108.72,25097.47,25101.47,43.42559523809524
2026-02-23T04:15:00+00:00,25101.47,25110.22,25098.48,25105.21,120.29037900874636
2026-02-23T04:30:00+00:00,25105.21,25109.73,25098.73,25100.23,116
2026-02-23T04:45:00+00:00,25100.23,25101.22,25089.47,25094.47,105.34982332155477
2026-02-23T05:00:00+00:00,25094.47,25096.23,25078.46,25080.23,90.38780297107115
2026-02-23T05:15:00+00:00,25080.23,25081.22,25054.46,25072.21,171
2026-02-23T05:30:00+00:00,25072.21,25085.73,25062.72,25071.73,143
2026-02-23T05:45:00+00:00,25071.73,25085.73,25068.21,25079.72,111
2026-02-23T06:00:00+00:00,25079.72,25083.22,25069.47,25079.22,123
2026-02-23T06:15:00+00:00,25079.22,25080.22,25073.23,25076.23,140
2026-02-23T06:30:00+00:00,25076.23,25109.23,25076.23,25103.73,206
2026-02-23T06:45:00+00:00,25103.73,25114.23,25103.22,25113.71,132
2026-02-23T07:00:00+00:00,25113.71,25143.73,25113.71,25134.72,694
2026-02-23T07:15:00+00:00,25134.72,25145.72,25125.71,25127.73,436
2026-02-23T07:30:00+00:00,25127.73,25139.73,25120.71,25129.72,453
2026-02-23T07:45:00+00:00,25129.72,25135.73,25117.21,25133.21,740
2026-02-23T08:00:00+00:00,25133.21,25141.57,25074.06,25097.58,4030
2026-02-23T08:15:00+00:00,25097.58,25136.08,25088.58,25136.06,2335
2026-02-23T08:30:00+00:00,25136.06,25156.58,25113.06,25115.08,2087
2026-02-23T08:45:00+00:00,25115.08,25180.57,25114.06,25178.56,1768
2026-02-23T09:00:00+00:00,25178.56,25201.08,25166.58,25189.07,1749
2026-02-23T09:15:00+00:00,25189.07,25200.56,25173.06,25180.56,1471
2026-02-23T09:30:00+00:00,25180.56,25182.07,25139.06,25139.06,1467
2026-02-23T09:45:00+00:00,25139.06,25154.08,25127.08,25127.08,1451
2026-02-23T10:00:00+00:00,25127.08,25137.57,25119.06,25122.08,1457
2026-02-23T10:15:00+00:00,25122.08,25129.57,25018.47,25105.58,2490
2026-02-23T10:30:00+00:00,25105.58,25159.08,25102.57,25152.06,1428
2026-02-23T10:45:00+00:00,25152.06,25157.57,25125.57,25146.07,1302
2026-02-23T11:00:00+00:00,25146.07,25167.58,25144.56,25153.56,1297
2026-02-23T11:15:00+00:00,25153.56,25163.57,25135.56,25143.57,1209
2026-02-23T11:30:00+00:00,25143.57,25158.07,25136.56,25156.56,1135
2026-02-23T11:45:00+00:00,25156.56,25160.58,25132.08,25152.08,1255
2026-02-23T12:00:00+00:00,25152.08,25166.57,25143.06,25143.06,1277
2026-02-23T12:15:00+00:00,25143.06,25143.06,25120.06,25124.08,1139
2026-02-23T12:30:00+00:00,25124.08,25128.57,25102.56,25116.56,1304
2026-02-23T12:45:00+00:00,25116.56,25116.56,25099.57,25114.07,1115
2026-02-23T13:00:00+00:00,25114.07,25139.58,25099.58,25133.58,1389
2026-02-23T13:15:00+00:00,25133.58,25144.56,25123.06,25142.08,1067
2026-02-23T13:30:00+00:00,25142.08,25180.58,25142.06,25178.57,1160
2026-02-23T13:45:00+00:00,25178.57,25183.08,25159.08,25163.08,1186
2026-02-23T14:00:00+00:00,25163.08,25177.57,25158.58,25169.06,1216
2026-02-23T14:15:00+00:00,25169.06,25179.58,25149.58,25158.57,1044
2026-02-23T14:30:00+00:00,25158.57,25164.58,25123.08,25134.57,4159
2026-02-23T14:45:00+00:00,25134.57,25141.57,25106.56,25122.56,3759
2026-02-23T15:00:00+00:00,25122.56,25142.07,25072.06,25081.07,3490
2026-02-23T15:15:00+00:00,25081.07,25090.58,25065.57,25078.08,3339
2026-02-23T15:30:00+00:00,25078.08,25081.58,25033.07,25036.06,2966
2026-02-23T15:45:00+00:00,25036.06,25039.08,24987.56,24994.58,2502
2026-02-23T16:00:00+00:00,24994.58,25000.06,24950.56,24959.06,3182
2026-02-23T16:15:00+00:00,24959.06,24995.08,24944.07,24993.58,2847
2026-02-23T16:30:00+00:00,24993.58,25024.08,24987.57,25019.06,2776
2026-02-23T16:45:00+00:00,25019.06,25023.57,25000.06,25000.56,2324
2026-02-23T17:00:00+00:00,25000.56,25009.23,24988.73,24992.22,1695
2026-02-23T17:15:00+00:00,24992.22,25005.23,24978.22,24979.21,1609
2026-02-23T17:30:00+00:00,24979.21,24981.23,24938.71,24954.23,1708
2026-02-23T17:45:00+00:00,24954.23,24991.72,24941.71,24989.71,1895
2026-02-23T18:00:00+00:00,24989.71,25009.73,24987.72,25007.73,1202
2026-02-23T18:15:00+00:00,25007.73,25026.22,25003.71,25024.71,1040
2026-02-23T18:30:00+00:00,25024.71,25031.73,25004.71,25009.72,902
2026-02-23T18:45:00+00:00,25009.72,25019.23,24980.22,24985.21,1031
2026-02-23T19:00:00+00:00,24985.21,24997.73,24985.21,24987.71,1231
2026-02-23T19:15:00+00:00,24987.71,24994.73,24980.21,24982.71,706
2026-02-23T19:30:00+00:00,24982.71,24989.22,24961.21,24969.72,934
2026-02-23T19:45:00+00:00,24969.72,25000.22,24969.71,24990.22,997
2026-02-23T20:00:00+00:00,24990.22,25002.72,24984.71,24984.71,835
2026-02-23T20:15:00+00:00,24984.71,24993.72,24983.21,24988.23,816
2026-02-23T20:30:00+00:00,24988.23,25003.73,24985.72,24994.73,845
2026-02-23T20:45:00+00:00,24994.73,25003.23,24969.72,24987.47,993
2026-02-24T00:30:00+00:00,24987.47,25004.45,24987.47,25002.94,166
2026-02-24T00:45:00+00:00,25002.94,25012.45,24998.18,25006.2,146
2026-02-24T01:00:00+00:00,25006.2,25008.95,24992.18,24997.19,277
2026-02-24T01:15:00+00:00,24997.19,25013.45,24995.18,25003.2,208
2026-02-24T01:30:00+00:00,25003.2,25011.93,24990.19,25004.2,284
2026-02-24T01:45:00+00:00,25004.2,25009.93,24991.18,24999.95,227
2026-02-24T02:00:00+00:00,24999.95,25007.94,24990.18,25003.19,510
2026-02-24T02:15:00+00:00,25003.19,25041.94,25001.2,25037.93,360
2026-02-24T02:30:00+00:00,25037.93,25045.94,25033.18,25033.95,276
2026-02-24T02:45:00+00:00,25033.95,25036.95,25032.18,25034.93,87.88296261349588
2026-02-24T03:00:00+00:00,25034.93,25036.44,25028.43,25031.43,88.73354919150901
2026-02-24T03:15:00+00:00,25031.43,25034.45,25025.95,25029.94,106.72992538005892
2026-02-24T03:30:00+00:00,25029.94,25039.93,25026.43,25036.43,197
2026-02-24T03:45:00+00:00,25036.43,25043.93,25033.18,25038.95,130.38825214899714
2026-02-24T04:00:00+00:00,25038.95,25040.95,25034.2,25038.95,133
2026-02-24T04:15:00+00:00,25038.95,25052.94,25036.18,25045.44,125.87734985473057
2026-02-24T04:30:00+00:00,25045.44,25049.45,25039.18,25044.19,112.5618746708794
2026-02-24T04:45:00+00:00,25044.19,25053.94,25044.19,25051.44,79.55453978892172
2026-02-24T05:00:00+00:00,25051.44,25057.95,25038.18,25054.94,201
2026-02-24T05:15:00+00:00,25054.94,25056.44,25038.18,25046.45,194
2026-02-24T05:30:00+00:00,25046.45,25046.45,25031.19,25036.2,144
2026-02-24T05:45:00+00:00,25036.2,25036.2,25025.18,25027.95,165.70806566738042
2026-02-24T06:00:00+00:00,25027.95,25032.45,25025.44,25025.44,122
2026-02-24T06:15:00+00:00,25025.44,25029.95,25017.95,25023.93,159
2026-02-24T06:30:00+00:00,25023.93,25026.45,25016.44,25021.43,121
2026-02-24T06:45:00+00:00,25021.43,25028.44,25013.93,25017.93,161
2026-02-24T07:00:00+00:00,25017.93,25037.93,25004.93,25012.43,578
2026-02-24T07:15:00+00:00,25012.43,25022.43,24999.44,25020.93,612
2026-02-24T07:30:00+00:00,25020.93,25028.43,24999.45,25007.94,746
2026-02-24T07:45:00+00:00,25007.94,25010.95,24971.45,24974.94,1213
2026-02-24T08:00:00+00:00,24974.94,24987.29,24885.78,24926.28,7523
2026-02-24T08:15:00+00:00,24926.28,24972.79,24899.28,24949.79,5218
2026-02-24T08:30:00+00:00,24949.79,24970.8,24889.3,24915.3,4237
2026-02-24T08:45:00+00:00,24915.3,24925.29,24884.29,24913.28,3801
2026-02-24T09:00:00+00:00,24913.28,24967.8,24909.28,24952.8,3357
2026-02-24T09:15:00+00:00,24952.8,24968.8,24923.78,24937.29,2952
2026-02-24T09:30:00+00:00,24937.29,24948.79,24905.29,24944.29,2626
2026-02-24T09:45:00+00:00,24944.29,24970.78,24930.3,24965.29,1940
2026-02-24T10:00:00+00:00,24965.29,24979.3,24952.8,24960.29,2102
2026-02-24T10:15:00+00:00,24960.29,24986.28,24957.28,24985.28,1705
2026-02-24T10:30:00+00:00,24985.28,24992.79,24962.29,24975.29,1866
2026-02-24T10:45:00+00:00,24975.29,24986.3,24958.78,24974.28,2232
2026-02-24T11:00:00+00:00,24974.28,25000.3,24964.79,24966.28,2269
2026-02-24T11:15:00+00:00,24966.28,24985.8,24960.78,24981.79,1693
2026-02-24T11:30:00+00:00,24981.79,24997.28,24980.29,24983.78,1585
2026-02-24T11:45:00+00:00,24983.78,25004.29,24978.78,25001.29,1240
2026-02-24T12:00:00+00:00,25001.29,25018.29,24989.78,25011.79,2312
2026-02-24T12:15:00+00:00,25011.79,25013.3,24969.78,24970.3,1940
2026-02-24T12:30:00+00:00,24970.3,24977.8,24933.3,24934.8,1978
2026-02-24T12:45:00+00:00,24934.8,24954.79,24920.28,24947.79,1778
2026-02-24T13:00:00+00:00,24947.79,24973.8,24935.79,24961.8,2138
2026-02-24T13:15:00+00:00,24961.8,24983.29,24961.29,24969.28,1568
2026-02-24T13:30:00+00:00,24969.28,24975.79,24954.79,24966.8,1837
2026-02-24T13:45:00+00:00,24966.8,24999.3,24964.29,24989.28,1680
2026-02-24T14:00:00+00:00,24989.28,24991.8,24955.79,24959.29,2006
2026-02-24T14:15:00+00:00,24959.29,24959.8,24925.78,24932.3,2309
2026-02-24T14:30:00+00:00,24932.3,25034.79,24899.28,25034.29,9537
2026-02-24T14:45:00+00:00,25034.29,25059.28,25011.3,25034.18,6745
2026-02-24T15:00:00+00:00,25034.18,25043.3,25007.8,25023.79,5785
2026-02-24T15:15:00+00:00,25023.79,25096.29,25018.78,25087.3,4729
2026-02-24T15:30:00+00:00,25087.3,25099.3,25058.78,25059.29,4010
2026-02-24T15:45:00+00:00,25059.29,25062.29,25017.78,25018.79,3253
2026-02-24T16:00:00+00:00,25018.79,25029.79,24997.78,25029.79,3178
2026-02-24T16:15:00+00:00,25029.79,25035.28,25007.78,25029.78,2410
2026-02-24T16:30:00+00:00,25029.78,25034.28,24997.29,25007.29,3132
2026-02-24T16:45:00+00:00,25007.29,25029.79,24987.28,25022.3,2056
2026-02-24T17:00:00+00:00,25022.3,25035.45,25005.43,25034.94,1924
2026-02-24T17:15:00+00:00,25034.94,25045.45,25031.93,25040.94,1146
2026-02-24T17:30:00+00:00,25040.94,25042.45,25030.04,25030.06,974.4686974285028
2026-02-24T17:45:00+00:00,25030.06,25049.06,25025.55,25043.06,1213
2026-02-24T18:00:00+00:00,25043.06,25058.56,25041.55,25048.06,959
2026-02-24T18:15:00+00:00,25048.06,25052.56,25033.04,25040.04,1134
2026-02-24T18:30:00+00:00,25040.04,25068.06,25036.54,25066.04,882
2026-02-24T18:45:00+00:00,25066.04,25067.56,25058.56,25059.54,894
2026-02-24T19:00:00+00:00,25059.54,25063.06,25048.54,25057.06,990
2026-02-24T19:15:00+00:00,25057.06,25058.56,25045.05,25049.54,1172
2026-02-24T19:30:00+00:00,25049.54,25063.06,25048.06,25061.06,978
2026-02-24T19:45:00+00:00,25061.06,25070.54,25057.54,25062.05,793
2026-02-24T20:00:00+00:00,25062.05,25066.55,25049.55,25050.54,779
2026-02-24T20:15:00+00:00,25050.54,25061.06,25048.55,25052.56,784
2026-02-24T20:30:00+00:00,25052.56,25064.56,25050.54,25062.06,751
2026-02-24T20:45:00+00:00,25062.06,25078.06,25042.8,25046.29,1068
2026-02-25T00:30:00+00:00,25046.29,25049.9,25032.14,25049.9,186
2026-02-25T00:45:00+00:00,25049.9,25059.39,25044.9,25055.54,149
2026-02-25T01:00:00+00:00,25055.54,25066.29,25049.53,25058.53,196
2026-02-25T01:15:00+00:00,25058.53,25063.55,25043.53,25049.53,210
2026-02-25T01:30:00+00:00,25049.53,25060.3,25044.53,25054.54,178.23113905325442
2026-02-25T01:45:00+00:00,25054.54,25065.28,25051.53,25053.54,366
2026-02-25T02:00:00+00:00,25053.54,25053.55,25042.53,25045.53,493
2026-02-25T02:15:00+00:00,25045.53,25056.28,25040.54,25049.53,486.6069255643893
2026-02-25T02:30:00+00:00,25049.53,25056.8,25046.55,25050.78,180.3824267782427
2026-02-25T02:45:00+00:00,25050.78,25060.78,25046.53,25052.54,188.09408003041727
2026-02-25T03:00:00+00:00,25052.54,25059.28,25038.53,25044.78,265
2026-02-25T03:15:00+00:00,25044.78,25045.3,25038.53,25042.8,346
2026-02-25T03:30:00+00:00,25042.8,25043.8,24997.55,25034.3,497
2026-02-25T03:45:00+00:00,25034.3,25057.29,25032.53,25045.55,422
2026-02-25T04:00:00+00:00,25045.55,25045.55,25026.29,25028.55,315
2026-02-25T04:15:00+00:00,25028.55,25045.78,25022.3,25041.55,231
2026-02-25T04:30:00+00:00,25041.55,25051.28,25041.53,25042.55,218
2026-02-25T04:45:00+00:00,25042.55,25043.54,25036.53,25036.53,80.41540189455769
2026-02-25T05:00:00+00:00,25036.53,25050.79,25036.53,25040.55,269
2026-02-25T05:15:00+00:00,25040.55,25049.29,25036.53,25042.55,260
2026-02-25T05:30:00+00:00,25042.55,25045.3,25035.53,25040.54,150
2026-02-25T05:45:00+00:00,25040.54,25048.79,25033.78,25038.3,334
2026-02-25T06:00:00+00:00,25038.3,25039.79,25022.53,25037.3,177
2026-02-25T06:15:00+00:00,25037.3,25042.29,25027.79,25029.3,228
2026-02-25T06:30:00+00:00,25029.3,25046.3,25026.28,25034.79,285
2026-02-25T06:45:00+00:00,25034.79,25034.79,25025.28,25027.78,113.53398058252426
2026-02-25T07:00:00+00:00,25027.78,25047.78,25023.8,25037.28,610
2026-02-25T07:15:00+00:00,25037.28,25058.8,25035.28,25057.8,410
2026-02-25T07:30:00+00:00,25057.8,25060.29,25042.78,25053.3,561
2026-02-25T07:45:00+00:00,25053.3,25076.3,25048.8,25050.78,1206
2026-02-25T08:00:00+00:00,25050.78,25102.64,25019.64,25020.13,5920
2026-02-25T08:15:00+00:00,25020.13,25080.14,24996.63,25056.65,4118
2026-02-25T08:30:00+00:00,25056.65,25067.15,25026.63,25060.64,3692
2026-02-25T08:45:00+00:00,25060.64,25066.63,25038.63,25054.64,2671
2026-02-25T09:00:00+00:00,25054.64,25061.14,25020.64,25053.65,2988
2026-02-25T09:15:00+00:00,25053.65,25066.14,25044.14,25052.65,2497
2026-02-25T09:30:00+00:00,25052.65,25065.15,25040.63,25062.63,2136
2026-02-25T09:45:00+00:00,25062.63,25075.64,25054.14,25074.63,1805
2026-02-25T10:00:00+00:00,25074.63,25082.65,25055.63,25076.64,2118
2026-02-25T10:15:00+00:00,25076.64,25107.15,25076.13,25084.13,1671
2026-02-25T10:30:00+00:00,25084.13,25101.15,25075.63,25099.64,1552
2026-02-25T10:45:00+00:00,25099.64,25113.15,25078.64,25085.64,1652
2026-02-25T11:00:00+00:00,25085.64,25103.65,25077.63,25100.15,1909
2026-02-25T11:15:00+00:00,25100.15,25105.14,25075.13,25086.64,1711
2026-02-25T11:30:00+00:00,25086.64,25111.14,25086.14,25109.15,1505
2026-02-25T11:45:00+00:00,25109.15,25110.14,25094.65,25100.14,1467
2026-02-25T12:00:00+00:00,25100.14,25109.15,25089.14,25107.64,1671
2026-02-25T12:15:00+00:00,25107.64,25128.65,25102.65,25107.13,1263
2026-02-25T12:30:00+00:00,25107.13,25116.14,25087.63,25089.14,1531
2026-02-25T12:45:00+00:00,25089.14,25099.65,25082.64,25087.14,1991
2026-02-25T13:00:00+00:00,25087.14,25105.15,25083.13,25104.15,1862
2026-02-25T13:15:00+00:00,25104.15,25117.65,25096.63,25114.63,1736
2026-02-25T13:30:00+00:00,25114.63,25144.65,25097.13,25138.63,1904
2026-02-25T13:45:00+00:00,25138.63,25165.64,25134.63,25154.15,1463
2026-02-25T14:00:00+00:00,25154.15,25163.160000000003,25135.140000000003,25144.160000000003,1481
2026-02-25T14:15:00+00:00,25144.160000000003,25175.140000000003,25140.65,25174.65,1527
2026-02-25T14:30:00+00:00,25174.65,25181.640000000003,25148.640000000003,25159.640000000003,5765
2026-02-25T14:45:00+00:00,25159.640000000003,25194.160000000003,25159.140000000003,25171.660000000003,3235
2026-02-25T15:00:00+00:00,25171.660000000003,25186.65,25130.160000000003,25130.160000000003,3538
2026-02-25T15:15:00+00:00,25130.160000000003,25151.15,25123.65,25134.140000000003,4213
2026-02-25T15:30:00+00:00,25134.140000000003,25144.65,25125.660000000003,25137.140000000003,3392
2026-02-25T15:45:00+00:00,25137.140000000003,25159.660000000003,25130.640000000003,25146.640000000003,2702
2026-02-25T16:00:00+00:00,25146.640000000003,25164.160000000003,25132.140000000003,25160.140000000003,2799
2026-02-25T16:15:00+00:00,25160.140000000003,25184.65,25157.640000000003,25177.65,2376
2026-02-25T16:30:00+00:00,25177.65,25189.640000000003,25174.140000000003,25182.660000000003,1478
2026-02-25T16:45:00+00:00,25182.660000000003,25195.660000000003,25179.65,25181.140000000003,972
2026-02-25T17:00:00+00:00,25181.140000000003,25197.81,25178.300000000003,25196.31,1303
2026-02-25T17:15:00+00:00,25196.31,25205.81,25193.31,25193.31,921
2026-02-25T17:30:00+00:00,25193.31,25205.81,25188.79,25202.79,666
2026-02-25T17:45:00+00:00,25202.79,25213.81,25196.79,25206.79,735
2026-02-25T18:00:00+00:00,25206.79,25210.31,25202.29,25205.81,540
2026-02-25T18:15:00+00:00,25205.81,25209.81,25202.79,25205.79,489
2026-02-25T18:30:00+00:00,25205.79,25209.81,25197.29,25201.79,453
2026-02-25T18:45:00+00:00,25201.79,25212.300000000003,25201.79,25207.300000000003,410
2026-02-25T19:00:00+00:00,25207.300000000003,25210.81,25203.79,25208.79,484
2026-02-25T19:15:00+00:00,25208.79,25212.81,25205.79,25209.79,500
2026-02-25T19:30:00+00:00,25209.79,25215.81,25208.31,25208.31,468
2026-02-25T19:45:00+00:00,25208.31,25210.300000000003,25203.300000000003,25205.31,360
2026-02-25T20:00:00+00:00,25205.31,25211.300000000003,25205.29,25209.79,443
2026-02-25T20:15:00+00:00,25209.79,25219.31,25208.800000000003,25208.800000000003,452
2026-02-25T20:30:00+00:00,25208.800000000003,25218.31,25205.79,25210.29,723
2026-02-25T20:45:00+00:00,25210.29,25224.800000000003,25208.29,25218.050000000003,1256
2026-02-26T00:30:00+00:00,25218.050000000003,25218.050000000003,25182.170000000002,25185.18,266
2026-02-26T00:45:00+00:00,25185.18,25190.410000000003,25182.160000000003,25183.910000000003,275
2026-02-26T01:00:00+00:00,25183.910000000003,25184.43,25164.18,25178.92,261
2026-02-26T01:15:00+00:00,25178.92,25181.41,25159.91,25160.41,404
2026-02-26T01:30:00+00:00,25160.41,25178.67,25157.41,25178.67,416.5672937771346
2026-02-26T01:45:00+00:00,25178.67,25178.91,25166.65,25174.41,307
2026-02-26T02:00:00+00:00,25174.41,25174.41,25153.65,25156.92,475
2026-02-26T02:15:00+00:00,25156.92,25166.42,25153.65,25155.9,311
2026-02-26T02:30:00+00:00,25155.9,25161.42,25148.67,25153.9,258
2026-02-26T02:45:00+00:00,25153.9,25158.42,25150.92,25157.91,246
2026-02-26T03:00:00+00:00,25157.91,25159.42,25154.65,25158.92,253.3344694387639
2026-02-26T03:15:00+00:00,25158.92,25164.42,25156.67,25158.91,209.5902939804013
2026-02-26T03:30:00+00:00,25158.91,25173.42,25157.66,25168.42,187.25795141497622
2026-02-26T03:45:00+00:00,25168.42,25170.42,25154.65,25155.91,229.65198536315108
2026-02-26T04:00:00+00:00,25155.91,25159.9,25150.65,25154.91,218
2026-02-26T04:15:00+00:00,25154.91,25154.92,25149.65,25154.4,140
2026-02-26T04:30:00+00:00,25154.4,25154.92,25136.91,25139.91,226
2026-02-26T04:45:00+00:00,25139.91,25150.42,25136.9,25143.9,199
2026-02-26T05:00:00+00:00,25143.9,25145.9,25134.66,25135.91,287
2026-02-26T05:15:00+00:00,25135.91,25144.9,25134.92,25140.92,248
2026-02-26T05:30:00+00:00,25140.92,25141.41,25129.92,25133.92,230
2026-02-26T05:45:00+00:00,25133.92,25140.4,25130.66,25134.65,225
2026-02-26T06:00:00+00:00,25134.65,25142.91,25118.4,25124.4,281
2026-02-26T06:15:00+00:00,25124.4,25125.9,25117.41,25117.9,226
2026-02-26T06:30:00+00:00,25117.9,25128.4,25097.65,25123.9,282
2026-02-26T06:45:00+00:00,25123.9,25143.41,25123.4,25139.41,335
2026-02-26T07:00:00+00:00,25139.41,25174.92,25139.41,25171.4,881
2026-02-26T07:15:00+00:00,25171.4,25174.42,25155.9,25174.42,552
2026-02-26T07:30:00+00:00,25174.42,25182.42,25165.4,25178.9,561
2026-02-26T07:45:00+00:00,25178.9,25184.4,25154.9,25162.41,969
2026-02-26T08:00:00+00:00,25162.41,25178.760000000002,25105.75,25108.25,8031
2026-02-26T08:15:00+00:00,25108.25,25173.760000000002,25095.74,25160.24,4804
2026-02-26T08:30:00+00:00,25160.24,25166.260000000002,25121.25,25129.25,4378
2026-02-26T08:45:00+00:00,25129.25,25156.260000000002,25108.24,25151.75,3136
2026-02-26T09:00:00+00:00,25151.75,25162.260000000002,25119.25,25134.74,3554
2026-02-26T09:15:00+00:00,25134.74,25156.760000000002,25128.24,25153.25,3118
2026-02-26T09:30:00+00:00,25153.25,25210.75,25150.24,25208.760000000002,2635
2026-02-26T09:45:00+00:00,25208.760000000002,25222.260000000002,25192.25,25199.75,1993
2026-02-26T10:00:00+00:00,25199.75,25211.24,25182.24,25201.75,2396
2026-02-26T10:15:00+00:00,25201.75,25221.260000000002,25182.24,25219.760000000002,2362
2026-02-26T10:30:00+00:00,25219.760000000002,25271.260000000002,25218.75,25264.74,1853
2026-02-26T10:45:00+00:00,25264.74,25267.24,25233.24,25243.260000000002,1833
2026-02-26T11:00:00+00:00,25243.260000000002,25261.24,25232.760000000002,25252.24,1906
2026-02-26T11:15:00+00:00,25252.24,25274.760000000002,25241.260000000002,25264.75,2007
2026-02-26T11:30:00+00:00,25264.75,25298.25,25264.74,25294.760000000002,1741
2026-02-26T11:45:00+00:00,25294.760000000002,25301.25,25278.24,25293.25,1663
2026-02-26T12:00:00+00:00,25293.25,25311.25,25293.25,25298.739999999998,1866
2026-02-26T12:15:00+00:00,25298.739999999998,25311.73,25289.23,25309.25,1754
2026-02-26T12:30:00+00:00,25309.25,25311.239999999998,25278.239999999998,25284.23,1639
2026-02-26T12:45:00+00:00,25284.23,25299.739999999998,25281.73,25283.25,1807
2026-02-26T13:00:00+00:00,25283.25,25305.25,25278.23,25300.239999999998,2192
2026-02-26T13:15:00+00:00,25300.239999999998,25318.239999999998,25284.73,25285.73,2149
2026-02-26T13:30:00+00:00,25285.73,25306.25,25284.63,25306.23,2171
2026-02-26T13:45:00+00:00,25306.23,25309.25,25277.73,25277.73,2491
2026-02-26T14:00:00+00:00,25277.73,25305.25,25276.23,25294.75,2093
2026-02-26T14:15:00+00:00,25294.75,25303.739999999998,25271.73,25283.75,2780
2026-02-26T14:30:00+00:00,25283.75,25322.73,25273.23,25303.73,8428
2026-02-26T14:45:00+00:00,25303.73,25303.73,25253.739999999998,25262.23,8317
2026-02-26T15:00:00+00:00,25262.23,25275.739999999998,25224.739999999998,25236.239999999998,6838
2026-02-26T15:15:00+00:00,25236.239999999998,25236.239999999998,25163.239999999998,25203.23,8980
2026-02-26T15:30:00+00:00,25203.23,25272.739999999998,25197.23,25260.75,9068
2026-02-26T15:45:00+00:00,25260.75,25315.239999999998,25257.73,25304.25,5037
2026-02-26T16:00:00+00:00,25304.25,25319.739999999998,25265.739999999998,25273.739999999998,6282
2026-02-26T16:15:00+00:00,25273.739999999998,25307.75,25272.239999999998,25284.23,4790
2026-02-26T16:30:00+00:00,25284.23,25301.75,25251.73,25251.75,4482
2026-02-26T16:45:00+00:00,25251.75,25271.25,25231.23,25233.75,4202
2026-02-26T17:00:00+00:00,25233.75,25262.399999999998,25232.88,25242.399999999998,3226
2026-02-26T17:15:00+00:00,25242.399999999998,25254.899999999998,25239.399999999998,25252.899999999998,2500
2026-02-26T17:30:00+00:00,25252.899999999998,25272.870000000003,25236.370000000003,25239.360000000004,2622
2026-02-26T17:45:00+00:00,25239.360000000004,25251.370000000003,25228.860000000004,25243.38,2250
2026-02-26T18:00:00+00:00,25243.38,25249.88,25224.360000000004,25247.870000000003,2765
2026-02-26T18:15:00+00:00,25247.870000000003,25275.38,25240.370000000003,25265.88,2846
2026-02-26T18:30:00+00:00,25265.88,25313.860000000004,25253.370000000003,25309.360000000004,2734
2026-02-26T18:45:00+00:00,25309.360000000004,25318.88,25283.360000000004,25288.870000000003,1199
2026-02-26T19:00:00+00:00,25288.870000000003,25317.88,25285.360000000004,25313.360000000004,1530
2026-02-26T19:15:00+00:00,25313.360000000004,25333.870000000003,25312.870000000003,25316.870000000003,576
2026-02-26T19:30:00+00:00,25316.870000000003,25328.88,25313.870000000003,25324.38,538
2026-02-26T19:45:00+00:00,25324.38,25342.460000000003,25322.360000000004,25342.460000000003,479.70217391304345
2026-02-26T20:00:00+00:00,25342.460000000003,25360.960000000003,25335.48,25336.960000000003,949
2026-02-26T20:15:00+00:00,25336.960000000003,25340.48,25329.97,25335.47,610
2026-02-26T20:30:00+00:00,25335.47,25354.98,25331.48,25354.98,1020
2026-02-26T20:45:00+00:00,25354.98,25355.48,25339.48,25348.73,1659
2026-02-27T00:30:00+00:00,25348.73,25348.73,25252.93,25259.68,272
2026-02-27T00:45:00+00:00,25259.68,25266.93,25257.920000000002,25263.170000000002,221
2026-02-27T01:00:00+00:00,25263.170000000002,25270.68,25251.170000000002,25263.920000000002,388
2026-02-27T01:15:00+00:00,25263.920000000002,25276.670000000002,25261.93,25262.91,378
2026-02-27T01:30:00+00:00,25262.91,25273.93,25254.93,25268.920000000002,447
2026-02-27T01:45:00+00:00,25268.920000000002,25275.93,25258.18,25269.18,401
2026-02-27T02:00:00+00:00,25269.18,25282.420000000002,25258.91,25263.18,375
2026-02-27T02:15:00+00:00,25263.18,25272.93,25261.16,25270.93,260
2026-02-27T02:30:00+00:00,25270.93,25277.420000000002,25265.43,25271.920000000002,303
2026-02-27T02:45:00+00:00,25271.920000000002,25291.43,25269.170000000002,25289.41,284
2026-02-27T03:00:00+00:00,25289.41,25297.920000000002,25286.920000000002,25296.41,236.5336512983572
2026-02-27T03:15:00+00:00,25296.41,25298.43,25281.16,25284.170000000002,304
2026-02-27T03:30:00+00:00,25284.170000000002,25292.91,25282.170000000002,25287.16,317
2026-02-27T03:45:00+00:00,25287.16,25291.93,25281.16,25291.91,294.421104214309
2026-02-27T04:00:00+00:00,25291.91,25293.91,25279.91,25280.920000000002,215
2026-02-27T04:15:00+00:00,25280.920000000002,25293.920000000002,25272.91,25292.920000000002,143.8635269852183
2026-02-27T04:30:00+00:00,25292.920000000002,25299.43,25286.170000000002,25295.18,170
2026-02-27T04:45:00+00:00,25295.18,25295.91,25288.170000000002,25291.170000000002,169
2026-02-27T05:00:00+00:00,25291.170000000002,25302.91,25289.18,25302.91,272
2026-02-27T05:15:00+00:00,25302.91,25309.420000000002,25300.170000000002,25305.170000000002,267
2026-02-27T05:30:00+00:00,25305.170000000002,25316.41,25302.16,25309.420000000002,248
2026-02-27T05:45:00+00:00,25309.420000000002,25313.920000000002,25294.920000000002,25294.920000000002,216
2026-02-27T06:00:00+00:00,25294.920000000002,25298.920000000002,25268.41,25276.420000000002,243
2026-02-27T06:15:00+00:00,25276.420000000002,25277.420000000002,25262.170000000002,25276.920000000002,253
2026-02-27T06:30:00+00:00,25276.920000000002,25296.43,25276.920000000002,25278.91,233
2026-02-27T06:45:00+00:00,25278.91,25290.420000000002,25278.91,25281.91,175
2026-02-27T07:00:00+00:00,25281.91,25313.91,25281.91,25306.93,659
2026-02-27T07:15:00+00:00,25306.93,25317.45,25302.420000000002,25316.440000000002,465
2026-02-27T07:30:00+00:00,25316.440000000002,25322.45,25310.43,25315.93,509
2026-02-27T07:45:00+00:00,25315.93,25327.93,25308.940000000002,25321.440000000002,1102
2026-02-27T08:00:00+00:00,25321.440000000002,25340.280000000002,25259.280000000002,25260.29,6708
2026-02-27T08:15:00+00:00,25260.29,25320.29,25246.280000000002,25311.29,5755
2026-02-27T08:30:00+00:00,25311.29,25352.29,25305.800000000003,25342.800000000003,4754
2026-02-27T08:45:00+00:00,25342.800000000003,25398.780000000002,25342.79,25380.780000000002,2417
2026-02-27T09:00:00+00:00,25380.780000000002,25408.800000000003,25378.280000000002,25391.280000000002,2926
2026-02-27T09:15:00+00:00,25391.280000000002,25419.79,25377.300000000003,25387.800000000003,3975
2026-02-27T09:30:00+00:00,25387.800000000003,25404.300000000003,25361.280000000002,25362.79,3828
2026-02-27T09:45:00+00:00,25362.79,25384.780000000002,25349.780000000002,25368.79,3366
2026-02-27T10:00:00+00:00,25368.79,25377.29,25340.29,25353.780000000002,3596
2026-02-27T10:15:00+00:00,25353.780000000002,25366.300000000003,25315.780000000002,25320.300000000003,3099
2026-02-27T10:30:00+00:00,25320.300000000003,25335.800000000003,25314.29,25331.280000000002,2772
2026-02-27T10:45:00+00:00,25331.280000000002,25333.300000000003,25295.300000000003,25308.79,3533
2026-02-27T11:00:00+00:00,25308.79,25325.800000000003,25303.29,25310.280000000002,3339
2026-02-27T11:15:00+00:00,25310.280000000002,25323.29,25295.29,25322.780000000002,2523
2026-02-27T11:30:00+00:00,25322.780000000002,25338.29,25297.300000000003,25309.800000000003,3391
2026-02-27T11:45:00+00:00,25309.800000000003,25331.800000000003,25303.780000000002,25327.800000000003,3143
2026-02-27T12:00:00+00:00,25327.800000000003,25365.780000000002,25318.780000000002,25362.29,3652
2026-02-27T12:15:00+00:00,25362.29,25368.800000000003,25340.800000000003,25348.79,2298
2026-02-27T12:30:00+00:00,25348.79,25353.800000000003,25324.300000000003,25328.280000000002,2745
2026-02-27T12:45:00+00:00,25328.280000000002,25336.79,25307.300000000003,25323.780000000002,2904
2026-02-27T13:00:00+00:00,25323.780000000002,25331.800000000003,25307.280000000002,25310.280000000002,3072
2026-02-27T13:15:00+00:00,25310.280000000002,25315.29,25250.68,25250.68,3059
2026-02-27T13:30:00+00:00,25250.68,25262.29,25214.68,25254.780000000002,6014
2026-02-27T13:45:00+00:00,25254.780000000002,25291.300000000003,25249.280000000002,25290.300000000003,4981
2026-02-27T14:00:00+00:00,25290.300000000003,25292.780000000002,25260.280000000002,25270.280000000002,4446
2026-02-27T14:15:00+00:00,25270.280000000002,25271.79,25238.79,25252.280000000002,4985
2026-02-27T14:30:00+00:00,25252.280000000002,25289.780000000002,25198.79,25220.800000000003,15514
2026-02-27T14:45:00+00:00,25220.800000000003,25247.300000000003,25207.280000000002,25231.780000000002,12179
2026-02-27T15:00:00+00:00,25231.780000000002,25309.800000000003,25227.29,25280.79,11972
2026-02-27T15:15:00+00:00,25280.79,25302.300000000003,25271.780000000002,25285.780000000002,10362
2026-02-27T15:30:00+00:00,25285.780000000002,25307.800000000003,25269.79,25300.800000000003,6585
2026-02-27T15:45:00+00:00,25300.800000000003,25307.300000000003,25284.29,25297.29,5765
2026-02-27T16:00:00+00:00,25297.29,25339.300000000003,25295.29,25337.280000000002,5489
2026-02-27T16:15:00+00:00,25337.280000000002,25348.79,25319.780000000002,25322.280000000002,4669
2026-02-27T16:30:00+00:00,25322.280000000002,25337.300000000003,25259.29,25260.300000000003,5889
2026-02-27T16:45:00+00:00,25260.300000000003,25267.300000000003,25248.29,25251.800000000003,4022
2026-02-27T17:00:00+00:00,25251.800000000003,25287.45,25250.43,25259.45,3306
2026-02-27T17:15:00+00:00,25259.45,25261.95,25209.95,25222.440000000002,3558
2026-02-27T17:30:00+00:00,25222.440000000002,25256.440000000002,25205.93,25232.95,4084
2026-02-27T17:45:00+00:00,25232.95,25237.45,25208.940000000002,25232.940000000002,3219
2026-02-27T18:00:00+00:00,25232.940000000002,25239.940000000002,25218.93,25221.440000000002,2465
2026-02-27T18:15:00+00:00,25221.440000000002,25227.93,25205.43,25222.45,2019
2026-02-27T18:30:00+00:00,25222.45,25236.45,25215.43,25231.95,1814
2026-02-27T18:45:00+00:00,25231.95,25233.45,25220.940000000002,25223.940000000002,1704
2026-02-27T19:00:00+00:00,25223.940000000002,25244.95,25216.940000000002,25217.45,1612
2026-02-27T19:15:00+00:00,25217.45,25222.95,25207.93,25210.940000000002,1542
2026-02-27T19:30:00+00:00,25210.940000000002,25211.95,25177.43,25182.440000000002,1750
2026-02-27T19:45:00+00:00,25182.440000000002,25189.95,25166.940000000002,25173.93,1690
2026-02-27T20:00:00+00:00,25173.93,25204.440000000002,25171.940000000002,25203.43,1629
2026-02-27T20:15:00+00:00,25203.43,25218.440000000002,25196.93,25209.440000000002,1749
2026-02-27T20:30:00+00:00,25209.440000000002,25218.43,25189.95,25196.43,1933
2026-02-27T20:45:00+00:00,25196.43,25201.690000000002,25164.93,25197.68,2388
2026-03-02T00:30:00+00:00,25197.68,25197.68,24852.780000000002,24912.77,303.56085965483555
2026-03-02T00:45:00+00:00,24912.77,24951.530000000002,24911.77,24943.780000000002,1161
2026-03-02T01:00:00+00:00,24943.780000000002,25032.02,24938.780000000002,25014.79,2803
2026-03-02T01:15:00+00:00,25014.79,25021.54,24978.780000000002,24994.780000000002,2485
2026-03-02T01:30:00+00:00,24994.780000000002,25023.030000000002,24982.77,24999.77,2237
2026-03-02T01:45:00+00:00,24999.77,25004.54,24971.77,24977.530000000002,1427
2026-03-02T02:00:00+00:00,24977.530000000002,24982.54,24885.77,24900.04,2027
2026-03-02T02:15:00+00:00,24900.04,24928.780000000002,24883.79,24905.79,1442
2026-03-02T02:30:00+00:00,24905.79,24947.530000000002,24896.77,24939.77,1274
2026-03-02T02:45:00+00:00,24939.77,24951.52,24918.77,24950.52,1285
2026-03-02T03:00:00+00:00,24950.52,24953.77,24921.780000000002,24936.79,1537
2026-03-02T03:15:00+00:00,24936.79,24958.52,24931.79,24958.52,1107
2026-03-02T03:30:00+00:00,24958.52,24961.52,24935.77,24954.77,1352
2026-03-02T03:45:00+00:00,24954.77,24977.54,24946.780000000002,24967.02,999
2026-03-02T04:00:00+00:00,24967.02,24988.54,24957.79,24977.030000000002,1407.009215302988
2026-03-02T04:15:00+00:00,24977.030000000002,24985.02,24930.79,24968.780000000002,1749
2026-03-02T04:30:00+00:00,24968.780000000002,24991.030000000002,24953.77,24958.780000000002,1430
2026-03-02T04:45:00+00:00,24958.780000000002,24961.530000000002,24924.780000000002,24933.79,1417
2026-03-02T05:00:00+00:00,24933.79,24951.79,24916.77,24929.780000000002,1692
2026-03-02T05:15:00+00:00,24929.780000000002,24959.77,24926.77,24943.780000000002,1295
2026-03-02T05:30:00+00:00,24943.780000000002,24956.79,24912.77,24927.530000000002,862
2026-03-02T05:45:00+00:00,24927.530000000002,24932.04,24860.030000000002,24862.530000000002,1001
2026-03-02T06:00:00+00:00,24862.530000000002,24886.54,24859.77,24879.780000000002,957
2026-03-02T06:15:00+00:00,24879.780000000002,24897.02,24813.79,24846.780000000002,1625
2026-03-02T06:30:00+00:00,24846.780000000002,24851.79,24787.530000000002,24790.04,1497
2026-03-02T06:45:00+00:00,24790.04,24812.04,24744.02,24798.77,2349
2026-03-02T07:00:00+00:00,24798.77,24808.02,24687.780000000002,24739.530000000002,2885
2026-03-02T07:15:00+00:00,24739.530000000002,24810.54,24726.030000000002,24758.030000000002,2612
2026-03-02T07:30:00+00:00,24758.030000000002,24785.54,24733.79,24760.54,2494
2026-03-02T07:45:00+00:00,24760.54,24761.030000000002,24693.02,24722.030000000002,3357
2026-03-02T08:00:00+00:00,24722.030000000002,24799.88,24662.390000000003,24744.370000000003,13068
2026-03-02T08:15:00+00:00,24744.370000000003,24773.390000000003,24682.370000000003,24721.870000000003,10486
2026-03-02T08:30:00+00:00,24721.870000000003,24802.390000000003,24708.38,24793.870000000003,9453
2026-03-02T08:45:00+00:00,24793.870000000003,24835.890000000003,24767.88,24775.38,6537
2026-03-02T09:00:00+00:00,24775.38,24834.38,24734.890000000003,24831.890000000003,9157
2026-03-02T09:15:00+00:00,24831.890000000003,24909.88,24830.88,24870.890000000003,5868
2026-03-02T09:30:00+00:00,24870.890000000003,24901.38,24828.890000000003,24860.88,6017
2026-03-02T09:45:00+00:00,24860.88,24872.390000000003,24832.88,24861.890000000003,5763
2026-03-02T10:00:00+00:00,24861.890000000003,24899.38,24843.390000000003,24885.890000000003,6354
2026-03-02T10:15:00+00:00,24885.890000000003,24913.38,24838.390000000003,24859.390000000003,5020
2026-03-02T10:30:00+00:00,24859.390000000003,24885.870000000003,24843.890000000003,24880.38,4677
2026-03-02T10:45:00+00:00,24880.38,24888.870000000003,24811.88,24846.370000000003,3948
2026-03-02T11:00:00+00:00,24846.370000000003,24859.390000000003,24800.370000000003,24808.38,4976
2026-03-02T11:15:00+00:00,24808.38,24842.890000000003,24791.390000000003,24814.870000000003,3942
2026-03-02T11:30:00+00:00,24814.870000000003,24853.38,24812.890000000003,24851.890000000003,3595
2026-03-02T11:45:00+00:00,24851.890000000003,24886.370000000003,24784.390000000003,24805.870000000003,5247
2026-03-02T12:00:00+00:00,24805.870000000003,24817.370000000003,24740.370000000003,24757.870000000003,5704
2026-03-02T12:15:00+00:00,24757.870000000003,24757.870000000003,24712.38,24747.370000000003,5063
2026-03-02T12:30:00+00:00,24747.370000000003,24754.390000000003,24690.370000000003,24690.370000000003,4957
2026-03-02T12:45:00+00:00,24690.370000000003,24720.390000000003,24677.870000000003,24699.870000000003,5469
2026-03-02T13:00:00+00:00,24699.870000000003,24718.390000000003,24671.870000000003,24684.370000000003,5721
2026-03-02T13:15:00+00:00,24684.370000000003,24704.390000000003,24660.370000000003,24669.38,4883
2026-03-02T13:30:00+00:00,24669.38,24669.890000000003,24614.390000000003,24622.890000000003,5129
2026-03-02T13:45:00+00:00,24622.890000000003,24640.870000000003,24601.370000000003,24618.890000000003,4208
2026-03-02T14:00:00+00:00,24618.890000000003,24635.890000000003,24587.370000000003,24626.88,4643
2026-03-02T14:15:00+00:00,24626.88,24630.890000000003,24594.370000000003,24613.370000000003,4916
2026-03-02T14:30:00+00:00,24613.370000000003,24714.390000000003,24602.88,24698.890000000003,13122
2026-03-02T14:45:00+00:00,24698.890000000003,24733.370000000003,24640.390000000003,24671.780000000002,11190
2026-03-02T15:00:00+00:00,24671.780000000002,24731.38,24671.780000000002,24708.870000000003,8910
2026-03-02T15:15:00+00:00,24708.870000000003,24728.370000000003,24662.390000000003,24681.870000000003,9382
2026-03-02T15:30:00+00:00,24681.870000000003,24702.38,24650.88,24679.870000000003,9607
2026-03-02T15:45:00+00:00,24679.870000000003,24689.890000000003,24632.890000000003,24637.890000000003,7784
2026-03-02T16:00:00+00:00,24637.890000000003,24728.390000000003,24625.370000000003,24707.370000000003,6330
2026-03-02T16:15:00+00:00,24707.370000000003,24713.88,24654.890000000003,24684.370000000003,5039
2026-03-02T16:30:00+00:00,24684.370000000003,24710.890000000003,24614.88,24707.88,5316
2026-03-02T16:45:00+00:00,24707.88,24735.870000000003,24699.38,24714.38,4042
2026-03-02T17:00:00+00:00,24714.38,24733.04,24694.030000000002,24717.030000000002,2631
2026-03-02T17:15:00+00:00,24717.030000000002,24748.54,24711.02,24712.030000000002,2372
2026-03-02T17:30:00+00:00,24712.030000000002,24726.030000000002,24705.52,24719.52,2173
2026-03-02T17:45:00+00:00,24719.52,24734.52,24714.52,24730.52,1681
2026-03-02T18:00:00+00:00,24730.52,24735.02,24721.02,24729.02,1381
2026-03-02T18:15:00+00:00,24729.02,24739.030000000002,24721.02,24739.030000000002,1761
2026-03-02T18:30:00+00:00,24739.030000000002,24741.52,24715.030000000002,24723.04,1837
2026-03-02T18:45:00+00:00,24723.04,24724.030000000002,24693.02,24695.030000000002,1653
2026-03-02T19:00:00+00:00,24695.030000000002,24716.530000000002,24691.04,24712.02,1994
2026-03-02T19:15:00+00:00,24712.02,24733.54,24712.02,24727.04,1917
2026-03-02T19:30:00+00:00,24727.04,24736.02,24702.54,24710.54,832
2026-03-02T19:45:00+00:00,24710.54,24718.030000000002,24707.02,24710.02,892
2026-03-02T20:00:00+00:00,24710.02,24718.530000000002,24599.530000000002,24612.52,3589
2026-03-02T20:15:00+00:00,24612.52,24662.04,24602.79,24632.04,4177
2026-03-02T20:30:00+00:00,24632.04,24661.04,24629.02,24654.030000000002,2835
2026-03-02T20:45:00+00:00,24654.030000000002,24670.030000000002,24620.79,24626.77,2617
2026-03-03T00:30:00+00:00,24626.77,24654.510000000002,24626.77,24645.760000000002,389
2026-03-03T00:45:00+00:00,24645.760000000002,24648.49,24623.66,24624.91,804
2026-03-03T01:00:00+00:00,24624.91,24656.92,24617.92,24643.18,1642
2026-03-03T01:15:00+00:00,24643.18,24645.68,24588.91,24589.66,1642
2026-03-03T01:30:00+00:00,24589.66,24598.67,24558.92,24564.92,1906
2026-03-03T01:45:00+00:00,24564.92,24572.67,24525.91,24526.66,1365
2026-03-03T02:00:00+00:00,24526.66,24533.68,24496.91,24509.93,3721
2026-03-03T02:15:00+00:00,24509.93,24516.17,24454.91,24484.91,2744
2026-03-03T02:30:00+00:00,24484.91,24546.67,24475.92,24521.91,1930
2026-03-03T02:45:00+00:00,24521.91,24526.93,24509.92,24514.93,662
2026-03-03T03:00:00+00:00,24514.93,24532.93,24485.91,24502.93,1374
2026-03-03T03:15:00+00:00,24502.93,24513.68,24487.91,24496.68,1010
2026-03-03T03:30:00+00:00,24496.68,24522.92,24474.92,24507.91,1586
2026-03-03T03:45:00+00:00,24507.91,24524.18,24488.91,24502.66,1409
2026-03-03T04:00:00+00:00,24502.66,24509.91,24471.93,24480.91,1146
2026-03-03T04:15:00+00:00,24480.91,24495.66,24428.66,24432.92,813
2026-03-03T04:30:00+00:00,24432.92,24443.68,24417.92,24429.92,1789
2026-03-03T04:45:00+00:00,24429.92,24434.66,24407.91,24418.67,1738
2026-03-03T05:00:00+00:00,24418.67,24444.67,24408.92,24428.93,1803
2026-03-03T05:15:00+00:00,24428.93,24437.68,24418.93,24435.67,1450
2026-03-03T05:30:00+00:00,24435.67,24435.67,24375.91,24388.93,698
2026-03-03T05:45:00+00:00,24388.93,24390.18,24362.91,24380.16,643
2026-03-03T06:00:00+00:00,24380.16,24410.18,24377.92,24402.92,1458
2026-03-03T06:15:00+00:00,24402.92,24421.68,24377.66,24420.16,1194
2026-03-03T06:30:00+00:00,24420.16,24430.18,24375.92,24386.68,1272
2026-03-03T06:45:00+00:00,24386.68,24390.67,24357.93,24380.18,1044
2026-03-03T07:00:00+00:00,24380.18,24390.17,24321.68,24322.16,2180
2026-03-03T07:15:00+00:00,24322.16,24339.17,24277.66,24291.16,2405
2026-03-03T07:30:00+00:00,24291.16,24298.17,24244.16,24268.66,2270
2026-03-03T07:45:00+00:00,24268.66,24291.67,24218.66,24255.17,3225
2026-03-03T08:00:00+00:00,24255.17,24272.52,24114.01,24126.53,13589
2026-03-03T08:15:00+00:00,24126.53,24143.03,24059.51,24061.51,10908
2026-03-03T08:30:00+00:00,24061.51,24080.02,23931.52,23939.03,10449
2026-03-03T08:45:00+00:00,23939.03,23977.02,23872.52,23887.51,11695
2026-03-03T09:00:00+00:00,23887.51,23974.03,23884.51,23915.01,10945
2026-03-03T09:15:00+00:00,23915.01,23935.03,23855.01,23906.51,8923
2026-03-03T09:30:00+00:00,23906.51,23920.03,23833.01,23839.51,8141
2026-03-03T09:45:00+00:00,23839.51,23864.03,23803.02,23844.52,7280
2026-03-03T10:00:00+00:00,23844.52,23887.03,23763.53,23774.51,7603
2026-03-03T10:15:00+00:00,23774.51,23775.03,23710.01,23711.02,7830
2026-03-03T10:30:00+00:00,23711.02,23711.02,23594.01,23692.52,9430
2026-03-03T10:45:00+00:00,23692.52,23741.03,23671.01,23727.51,8864
2026-03-03T11:00:00+00:00,23727.51,23742.53,23681.53,23700.02,8306
2026-03-03T11:15:00+00:00,23700.02,23718.03,23609.01,23692.03,7796
2026-03-03T11:30:00+00:00,23692.03,23740.53,23691.53,23715.51,7990
2026-03-03T11:45:00+00:00,23715.51,23760.03,23694.53,23738.51,6802
2026-03-03T12:00:00+00:00,23738.51,23833.53,23694.02,23818.01,5587
2026-03-03T12:15:00+00:00,23818.01,23855.52,23809.01,23834.53,5288
2026-03-03T12:30:00+00:00,23834.53,23849.03,23788.03,23834.01,4895
2026-03-03T12:45:00+00:00,23834.01,23856.03,23791.51,23831.52,5535
2026-03-03T13:00:00+00:00,23831.52,23847.01,23742.01,23753.53,5861
2026-03-03T13:15:00+00:00,23753.53,23786.53,23738.53,23763.52,5793
2026-03-03T13:30:00+00:00,23763.52,23763.52,23706.03,23723.53,6274
2026-03-03T13:45:00+00:00,23723.53,23743.01,23700.51,23723.52,6249
2026-03-03T14:00:00+00:00,23723.52,23726.02,23649.02,23652.03,6138
2026-03-03T14:15:00+00:00,23652.03,23706.53,23619.01,23693.02,5976
2026-03-03T14:30:00+00:00,23693.02,23776.53,23684.51,23698.52,11252
2026-03-03T14:45:00+00:00,23698.52,23728.52,23641.53,23657.01,11353
2026-03-03T15:00:00+00:00,23657.01,23705.53,23625.02,23684.53,11747
2026-03-03T15:15:00+00:00,23684.53,23692.52,23596.02,23615.02,8611
2026-03-03T15:30:00+00:00,23615.02,23676.03,23612.01,23647.02,10956
2026-03-03T15:45:00+00:00,23647.02,23711.03,23637.01,23698.02,9842
2026-03-03T16:00:00+00:00,23698.02,23773.52,23668.52,23741.52,9105
2026-03-03T16:15:00+00:00,23741.52,23771.52,23698.51,23748.52,7597
2026-03-03T16:30:00+00:00,23748.52,23883.51,23714.03,23861.53,7083
2026-03-03T16:45:00+00:00,23861.53,23941.52,23857.52,23887.51,6734
2026-03-03T17:00:00+00:00,23887.51,23893.67,23834.92,23866.67,2167
2026-03-03T17:15:00+00:00,23866.67,23916.68,23854.91,23909.68,1548
2026-03-03T17:30:00+00:00,23909.68,23910.17,23856.93,23898.17,1536
2026-03-03T17:45:00+00:00,23898.17,23902.18,23853.66,23872.67,1166
2026-03-03T18:00:00+00:00,23872.67,23917.68,23872.67,23882.93,1071
2026-03-03T18:15:00+00:00,23882.93,23952.17,23882.93,23938.68,1110
2026-03-03T18:30:00+00:00,23938.68,24019.16,23936.17,23995.68,1275
2026-03-03T18:45:00+00:00,23995.68,24018.66,23981.91,23990.18,1432
2026-03-03T19:00:00+00:00,23990.18,24009.67,23948.16,23968.18,982
2026-03-03T19:15:00+00:00,23968.18,24005.67,23968.18,23982.18,776
2026-03-03T19:30:00+00:00,23982.18,24108.66,23976.16,24103.92,1287
2026-03-03T19:45:00+00:00,24103.92,24118.17,24055.91,24076.68,1347
2026-03-03T20:00:00+00:00,24076.68,24095.17,24057.91,24065.67,1314
2026-03-03T20:15:00+00:00,24065.67,24075.17,24043.67,24047.67,1064
2026-03-03T20:30:00+00:00,24047.67,24077.16,24018.67,24029.66,923
2026-03-03T20:45:00+00:00,24029.66,24036.17,23986.67,24027.42,934
2026-03-04T00:30:00+00:00,24027.42,24028.99,23959,23961.01,322
2026-03-04T00:45:00+00:00,23961.01,24017.25,23961,24000,637.2660860291503
2026-03-04T01:00:00+00:00,24000,24030.01,23948,23954,1695
2026-03-04T01:15:00+00:00,23954,23960.74,23882.25,23896.74,3175
2026-03-04T01:30:00+00:00,23896.74,23940,23864.01,23940,1971
2026-03-04T01:45:00+00:00,23940,23942.26,23878.01,23898.75,1924
2026-03-04T02:00:00+00:00,23898.75,23915,23848.99,23867.74,2306
2026-03-04T02:15:00+00:00,23867.74,23893.99,23820.01,23825.99,1623
2026-03-04T02:30:00+00:00,23825.99,23850.01,23799.99,23837.01,1769
2026-03-04T02:45:00+00:00,23837.01,23887.76,23820.99,23823,1521
2026-03-04T03:00:00+00:00,23823,23830.99,23784.74,23806.01,1828
2026-03-04T03:15:00+00:00,23806.01,23827.24,23788.99,23803.24,1488
2026-03-04T03:30:00+00:00,23803.24,23811.25,23752,23769.01,2666
2026-03-04T03:45:00+00:00,23769.01,23833.75,23762,23827.01,2574
2026-03-04T04:00:00+00:00,23827.01,23843.25,23802.99,23826.99,1843
2026-03-04T04:15:00+00:00,23826.99,23834.99,23795.99,23805.01,1498
2026-03-04T04:30:00+00:00,23805.01,23813.01,23777.01,23805.01,883.9386539606909
2026-03-04T04:45:00+00:00,23805.01,23820,23773.99,23792.99,1692
2026-03-04T05:00:00+00:00,23792.99,23815,23766,23772,1821
2026-03-04T05:15:00+00:00,23772,23796.01,23731.99,23758.24,1349
2026-03-04T05:30:00+00:00,23758.24,23811.24,23744.01,23783.01,1326
2026-03-04T05:45:00+00:00,23783.01,23798.99,23750.01,23759.99,803
2026-03-04T06:00:00+00:00,23759.99,23764.74,23721.01,23734.01,1374
2026-03-04T06:15:00+00:00,23734.01,23786,23705.01,23782.01,1789
2026-03-04T06:30:00+00:00,23782.01,23883.74,23782,23843.01,1477
2026-03-04T06:45:00+00:00,23843.01,23850.76,23806.01,23825.24,1060
2026-03-04T07:00:00+00:00,23825.24,23850.74,23776.26,23790.24,2754
2026-03-04T07:15:00+00:00,23790.24,23876.75,23785.24,23867.25,2282
2026-03-04T07:30:00+00:00,23867.25,23909.75,23861.24,23898.76,2654
2026-03-04T07:45:00+00:00,23898.76,23922.76,23856.24,23874.75,4383
2026-03-04T08:00:00+00:00,23874.75,23939.1,23847.59,23938.6,11972
2026-03-04T08:15:00+00:00,23938.6,23948.6,23847.09,23870.1,11417
2026-03-04T08:30:00+00:00,23870.1,23890.11,23812.61,23862.11,10146
2026-03-04T08:45:00+00:00,23862.11,23881.59,23819.61,23846.59,8591
2026-03-04T09:00:00+00:00,23846.59,23946.59,23806.59,23933.11,7999
2026-03-04T09:15:00+00:00,23933.11,23958.11,23904.6,23947.09,6813
2026-03-04T09:30:00+00:00,23947.09,23970.6,23923.09,23957.59,5059
2026-03-04T09:45:00+00:00,23957.59,24026.11,23950.61,24023.11,4288
2026-03-04T10:00:00+00:00,24023.11,24133.11,23996.1,24124.59,9787
2026-03-04T10:15:00+00:00,24124.59,24139.1,24076.59,24090.59,8938
2026-03-04T10:30:00+00:00,24090.59,24152.6,24090.09,24141.6,6106
2026-03-04T10:45:00+00:00,24141.6,24176.6,24119.1,24165.61,5816
2026-03-04T11:00:00+00:00,24165.61,24199.6,24165.1,24189.61,5799
2026-03-04T11:15:00+00:00,24189.61,24219.09,24168.09,24170.11,5182
2026-03-04T11:30:00+00:00,24170.11,24194.61,24129.61,24138.61,4842
2026-03-04T11:45:00+00:00,24138.61,24163.11,24129.6,24136.09,4344
2026-03-04T12:00:00+00:00,24136.09,24169.61,24128.59,24156.09,4995
2026-03-04T12:15:00+00:00,24156.09,24156.61,24040.6,24045.1,5975
2026-03-04T12:30:00+00:00,24045.1,24083.1,24013.59,24079.11,5234
2026-03-04T12:45:00+00:00,24079.11,24109.61,24066.09,24109.1,3570
2026-03-04T13:00:00+00:00,24109.1,24221.59,24105.61,24212.6,4698
2026-03-04T13:15:00+00:00,24212.6,24215.61,24167.59,24192.6,4710
2026-03-04T13:30:00+00:00,24192.6,24222.61,24187.61,24216.11,5198
2026-03-04T13:45:00+00:00,24216.11,24220.59,24142.11,24178.6,5403
2026-03-04T14:00:00+00:00,24178.6,24180.11,24119.59,24149.1,4958
2026-03-04T14:15:00+00:00,24149.1,24176.61,24141.11,24148.59,5739
2026-03-04T14:30:00+00:00,24148.59,24170.1,24069.11,24129.59,13952
2026-03-04T14:45:00+00:00,24129.59,24167.61,24096.6,24156.99,8567
2026-03-04T15:00:00+00:00,24156.99,24207.11,24151.1,24181.61,7393
2026-03-04T15:15:00+00:00,24181.61,24242.1,24179.6,24218.61,4513
2026-03-04T15:30:00+00:00,24218.61,24235.6,24166.09,24172.6,4680
2026-03-04T15:45:00+00:00,24172.6,24227.59,24168.09,24209.1,5295
2026-03-04T16:00:00+00:00,24209.1,24229.61,24187.09,24198.1,4792
2026-03-04T16:15:00+00:00,24198.1,24237.59,24181.11,24209.09,5213
2026-03-04T16:30:00+00:00,24209.09,24230.11,24172.11,24223.11,4333
2026-03-04T16:45:00+00:00,24223.11,24233.11,24208.11,24214.09,3416
2026-03-04T17:00:00+00:00,24214.09,24229.24,24206.25,24219.76,2699
2026-03-04T17:15:00+00:00,24219.76,24228.76,24183.75,24188.74,3108
2026-03-04T17:30:00+00:00,24188.74,24211.76,24164.76,24196.26,3349
2026-03-04T17:45:00+00:00,24196.26,24219.25,24195.76,24213.26,2412
2026-03-04T18:00:00+00:00,24213.26,24228.25,24202.75,24223.76,1864
2026-03-04T18:15:00+00:00,24223.76,24234.26,24216.24,24226.25,1939
2026-03-04T18:30:00+00:00,24226.25,24275.24,24226.25,24266.74,2026
2026-03-04T18:45:00+00:00,24266.74,24273.26,24254.24,24261.76,1595
2026-03-04T19:00:00+00:00,24261.76,24277.75,24254.74,24271.75,1418
2026-03-04T19:15:00+00:00,24271.75,24274.76,24255.74,24257.74,1650
2026-03-04T19:30:00+00:00,24257.74,24279.26,24257.74,24277.25,1561
2026-03-04T19:45:00+00:00,24277.25,24294.26,24272.74,24278.24,1446
2026-03-04T20:00:00+00:00,24278.24,24281.26,24258.25,24259.25,1541
2026-03-04T20:15:00+00:00,24259.25,24267.26,24247.75,24265.75,1911
2026-03-04T20:30:00+00:00,24265.75,24278.76,24257.74,24272.74,1549
2026-03-04T20:45:00+00:00,24272.74,24284.25,24255.26,24262.5,2134
2026-03-05T00:30:00+00:00,24262.5,24315.68,24262.5,24297.92,329
2026-03-05T00:45:00+00:00,24297.92,24313.67,24295.91,24312.68,688
2026-03-05T01:00:00+00:00,24312.68,24314.17,24274.91,24287.18,1317
2026-03-05T01:15:00+00:00,24287.18,24291.18,24222.91,24222.93,2054
2026-03-05T01:30:00+00:00,24222.93,24233.18,24171.93,24181.91,1767
2026-03-05T01:45:00+00:00,24181.91,24210.18,24150.68,24180.68,2280
2026-03-05T02:00:00+00:00,24180.68,24192.67,24166.91,24176.91,1691
2026-03-05T02:15:00+00:00,24176.91,24189.18,24142.93,24154.92,1821
2026-03-05T02:30:00+00:00,24154.92,24183.68,24129.91,24178.67,1940
2026-03-05T02:45:00+00:00,24178.67,24206.67,24151.93,24173.92,1784
2026-03-05T03:00:00+00:00,24173.92,24187.67,24143.91,24148.92,1771
2026-03-05T03:15:00+00:00,24148.92,24156.18,24103.91,24106.68,1353
2026-03-05T03:30:00+00:00,24106.68,24106.68,24059.68,24081.93,1768
2026-03-05T03:45:00+00:00,24081.93,24094.91,24068.91,24070.93,1349
2026-03-05T04:00:00+00:00,24070.93,24100.66,24061.91,24084.93,1431
2026-03-05T04:15:00+00:00,24084.93,24107.68,24083.93,24098.93,800
2026-03-05T04:30:00+00:00,24098.93,24132.67,24090.91,24128.67,917
2026-03-05T04:45:00+00:00,24128.67,24155.92,24125.92,24147.91,885
2026-03-05T05:00:00+00:00,24147.91,24158.67,24139.92,24143.91,1064
2026-03-05T05:15:00+00:00,24143.91,24143.92,24102.92,24107.92,1347
2026-03-05T05:30:00+00:00,24107.92,24109.92,24050.91,24050.91,807
2026-03-05T05:45:00+00:00,24050.91,24068.17,24046.91,24051.67,678
2026-03-05T06:00:00+00:00,24051.67,24056.67,24004.91,24004.91,1414
2026-03-05T06:15:00+00:00,24004.91,24038.18,23998.91,24026.17,1488
2026-03-05T06:30:00+00:00,24026.17,24032.68,24000.91,24030.16,1232
2026-03-05T06:45:00+00:00,24030.16,24115.68,24019.16,24113.91,1221
2026-03-05T07:00:00+00:00,24113.91,24150.68,24106.68,24131.16,2052
2026-03-05T07:15:00+00:00,24131.16,24196.68,24123.68,24165.66,1770
2026-03-05T07:30:00+00:00,24165.66,24165.66,24111.17,24114.17,1515
2026-03-05T07:45:00+00:00,24114.17,24147.17,24095.17,24133.66,2647
2026-03-05T08:00:00+00:00,24133.66,24163.03,24038.51,24049.53,12432
2026-03-05T08:15:00+00:00,24049.53,24105.53,24041.51,24047.03,8974
2026-03-05T08:30:00+00:00,24047.03,24109.53,24026.52,24074.52,8657
2026-03-05T08:45:00+00:00,24074.52,24170.52,24067.52,24170.01,6073
2026-03-05T09:00:00+00:00,24170.01,24365.52,24166.51,24314.52,9811
2026-03-05T09:15:00+00:00,24314.52,24342.52,24249.03,24261.02,8799
2026-03-05T09:30:00+00:00,24261.02,24269.01,24192.03,24226.53,5830
2026-03-05T09:45:00+00:00,24226.53,24280.03,24212.01,24271.02,4987
2026-03-05T10:00:00+00:00,24271.02,24297.53,24249.03,24272.52,3820
2026-03-05T10:15:00+00:00,24272.52,24298.52,24263.53,24296.51,3736
2026-03-05T10:30:00+00:00,24296.51,24304.52,24242.52,24256.01,3704
2026-03-05T10:45:00+00:00,24256.01,24278.53,24236.02,24262.03,3474
2026-03-05T11:00:00+00:00,24262.03,24310.53,24239.51,24309.03,3172
2026-03-05T11:15:00+00:00,24309.03,24322.02,24278.01,24292.03,2795
2026-03-05T11:30:00+00:00,24292.03,24298.52,24220.01,24251.52,3522
2026-03-05T11:45:00+00:00,24251.52,24270.53,24226.51,24231.03,3145
2026-03-05T12:00:00+00:00,24231.03,24237.52,24186.01,24196.51,3690
2026-03-05T12:15:00+00:00,24196.51,24262.53,24184.52,24246.52,3399
2026-03-05T12:30:00+00:00,24246.52,24257.02,24188.53,24194.53,2855
2026-03-05T12:45:00+00:00,24194.53,24225.02,24152.51,24162.01,4086
2026-03-05T13:00:00+00:00,24162.01,24165.53,24134.01,24155.53,4077
2026-03-05T13:15:00+00:00,24155.53,24172.02,24131.92,24131.92,3321
2026-03-05T13:30:00+00:00,24131.92,24141.02,24059.51,24089.02,3620
2026-03-05T13:45:00+00:00,24089.02,24096.03,23991.01,24007.02,4358
2026-03-05T14:00:00+00:00,24007.02,24015.53,23969.03,23984.02,4979
2026-03-05T14:15:00+00:00,23984.02,23998.01,23945.02,23973.51,4626
2026-03-05T14:30:00+00:00,23973.51,24060.52,23972.51,23989.03,9500
2026-03-05T14:45:00+00:00,23989.03,24077.53,23972.01,24075.53,9054
2026-03-05T15:00:00+00:00,24075.53,24105.51,24018.02,24053.02,7954
2026-03-05T15:15:00+00:00,24053.02,24063.02,23921.53,23935.03,8085
2026-03-05T15:30:00+00:00,23935.03,23953.03,23891.01,23910.53,8887
2026-03-05T15:45:00+00:00,23910.53,23935.51,23879.53,23929.01,7429
2026-03-05T16:00:00+00:00,23929.01,23939.52,23789.51,23829.02,8589
2026-03-05T16:15:00+00:00,23829.02,23838.52,23743.51,23767.02,9340
2026-03-05T16:30:00+00:00,23767.02,23848.53,23764.53,23840.51,8687
2026-03-05T16:45:00+00:00,23840.51,23891.53,23840.03,23888.52,7827
2026-03-05T17:00:00+00:00,23888.52,23936.68,23856.66,23857.67,5681
2026-03-05T17:15:00+00:00,23857.67,23860.17,23794.16,23794.17,6041
2026-03-05T17:30:00+00:00,23794.17,23809.18,23751.16,23756.17,5421
2026-03-05T17:45:00+00:00,23756.17,23772.18,23678.67,23688.16,5064
2026-03-05T18:00:00+00:00,23688.16,23761.68,23682.18,23752.66,4777
2026-03-05T18:15:00+00:00,23752.66,23760.68,23669.66,23699.18,4202
2026-03-05T18:30:00+00:00,23699.18,23770.67,23688.66,23770.16,4010
2026-03-05T18:45:00+00:00,23770.16,23776.16,23698.18,23731.67,3917
2026-03-05T19:00:00+00:00,23731.67,23747.68,23716.67,23741.18,3613
2026-03-05T19:15:00+00:00,23741.18,23763.16,23721.18,23731.67,2917
2026-03-05T19:30:00+00:00,23731.67,23736.67,23691.66,23726.16,3542
2026-03-05T19:45:00+00:00,23726.16,23753.18,23710.18,23729.68,3200
2026-03-05T20:00:00+00:00,23729.68,23800.66,23704.67,23790.16,3994
2026-03-05T20:15:00+00:00,23790.16,23867.17,23782.66,23835.18,4316
2026-03-05T20:30:00+00:00,23835.18,23851.18,23811.17,23822.16,3032
2026-03-05T20:45:00+00:00,23822.16,23851.68,23801.17,23843.93,3670
2026-03-06T00:30:00+00:00,23843.93,23878.29,23843.93,23875.55,582
2026-03-06T00:45:00+00:00,23875.55,23881.78,23861.54,23875.55,971
2026-03-06T01:00:00+00:00,23875.55,23901.8,23863.54,23893.55,970
2026-03-06T01:15:00+00:00,23893.55,23901.78,23839.54,23858.54,1416
2026-03-06T01:30:00+00:00,23858.54,23891.79,23854.53,23877.29,2520
2026-03-06T01:45:00+00:00,23877.29,23913.28,23864.53,23889.53,1343
2026-03-06T02:00:00+00:00,23889.53,23959.79,23889.53,23940.54,1329
2026-03-06T02:15:00+00:00,23940.54,23971.8,23934.54,23959.53,1735
2026-03-06T02:30:00+00:00,23959.53,23969.28,23937.53,23938.54,1184
2026-03-06T02:45:00+00:00,23938.54,23940.53,23912.55,23912.55,976
2026-03-06T03:00:00+00:00,23912.55,23954.29,23912.55,23944.78,876
2026-03-06T03:15:00+00:00,23944.78,23944.78,23927.54,23934.55,796
2026-03-06T03:30:00+00:00,23934.55,23939.78,23913.53,23935.54,1438
2026-03-06T03:45:00+00:00,23935.54,23964.8,23933.53,23960.54,1019
2026-03-06T04:00:00+00:00,23960.54,23965.28,23955.53,23957.79,824
2026-03-06T04:15:00+00:00,23957.79,23959.29,23924.53,23926.53,454
2026-03-06T04:30:00+00:00,23926.53,23957.55,23922.55,23951.53,603
2026-03-06T04:45:00+00:00,23951.53,23960.55,23936.53,23940.54,672
2026-03-06T05:00:00+00:00,23940.54,23981.29,23935.55,23967.53,1022
2026-03-06T05:15:00+00:00,23967.53,23973.8,23959.53,23964.54,625
2026-03-06T05:30:00+00:00,23964.54,23992.3,23953.54,23975.54,827
2026-03-06T05:45:00+00:00,23975.54,23982.28,23947.55,23953.54,1411
2026-03-06T06:00:00+00:00,23953.54,23986.29,23951.54,23973.3,787.9911705348134
2026-03-06T06:15:00+00:00,23973.3,23984.29,23954.54,23968.53,782
2026-03-06T06:30:00+00:00,23968.53,23977.8,23956.53,23977.3,757
2026-03-06T06:45:00+00:00,23977.3,23977.3,23948.28,23955.29,569
2026-03-06T07:00:00+00:00,23955.29,23958.8,23898.28,23917.78,1619
2026-03-06T07:15:00+00:00,23917.78,23964.8,23914.78,23941.3,1401
2026-03-06T07:30:00+00:00,23941.3,23947.78,23929.28,23938.3,1355
2026-03-06T07:45:00+00:00,23938.3,23938.3,23900.79,23935.29,2176
2026-03-06T08:00:00+00:00,23935.29,23984.14,23900.65,23977.63,10796
2026-03-06T08:15:00+00:00,23977.63,24007.63,23904.15,23914.65,8630
2026-03-06T08:30:00+00:00,23914.65,23996.13,23914.64,23982.65,7246
2026-03-06T08:45:00+00:00,23982.65,24025.14,23965.14,23977.13,4519
2026-03-06T09:00:00+00:00,23977.13,23987.65,23871.63,23902.65,8439
2026-03-06T09:15:00+00:00,23902.65,23913.65,23796.13,23806.13,9203
2026-03-06T09:30:00+00:00,23806.13,23841.15,23751.64,23775.15,10016
2026-03-06T09:45:00+00:00,23775.15,23806.63,23729.13,23777.15,7537
2026-03-06T10:00:00+00:00,23777.15,23876.64,23776.15,23838.64,5818
2026-03-06T10:15:00+00:00,23838.64,23867.14,23775.13,23844.13,6362
2026-03-06T10:30:00+00:00,23844.13,23847.64,23796.15,23811.15,4800
2026-03-06T10:45:00+00:00,23811.15,23816.65,23770.65,23783.15,6406
2026-03-06T11:00:00+00:00,23783.15,23794.15,23704.14,23768.15,7040
2026-03-06T11:15:00+00:00,23768.15,23788.65,23732.63,23738.63,4654
2026-03-06T11:30:00+00:00,23738.63,23745.15,23574.64,23602.64,6846
2026-03-06T11:45:00+00:00,23602.64,23638.14,23535.63,23556.14,7397
2026-03-06T12:00:00+00:00,23556.14,23593.15,23527.65,23588.14,6942
2026-03-06T12:15:00+00:00,23588.14,23653.14,23588.14,23627.64,6275
2026-03-06T12:30:00+00:00,23627.64,23631.14,23571.63,23582.15,5519
2026-03-06T12:45:00+00:00,23582.15,23603.65,23552.63,23602.15,5715
2026-03-06T13:00:00+00:00,23602.15,23673.14,23597.65,23665.63,5225
2026-03-06T13:15:00+00:00,23665.63,23684.14,23639.13,23665.53,3768
2026-03-06T13:30:00+00:00,23665.53,23665.55,23556.13,23563.13,7574
2026-03-06T13:45:00+00:00,23563.13,23568.13,23380.64,23404.63,9204
2026-03-06T14:00:00+00:00,23404.63,23446.15,23376.64,23396.14,8424
2026-03-06T14:15:00+00:00,23396.14,23421.63,23364.13,23421.63,6486
2026-03-06T14:30:00+00:00,23421.63,23453.65,23332.63,23393.65,12711
2026-03-06T14:45:00+00:00,23393.65,23490.64,23370.15,23439.63,12275
2026-03-06T15:00:00+00:00,23439.63,23536.64,23438.65,23517.13,11761
2026-03-06T15:15:00+00:00,23517.13,23606.65,23510.63,23581.65,9367
2026-03-06T15:30:00+00:00,23581.65,23615.65,23525.64,23533.14,7437
2026-03-06T15:45:00+00:00,23533.14,23560.63,23468.63,23542.63,7555
2026-03-06T16:00:00+00:00,23542.63,23590.63,23529.14,23531.63,6981
2026-03-06T16:15:00+00:00,23531.63,23553.65,23504.64,23540.65,8177
2026-03-06T16:30:00+00:00,23540.65,23634.64,23518.14,23603.14,8152
2026-03-06T16:45:00+00:00,23603.14,23649.14,23587.63,23615.64,6625
2026-03-06T17:00:00+00:00,23615.64,23630.3,23563.78,23581.8,5234
2026-03-06T17:15:00+00:00,23581.8,23632.3,23570.28,23580.78,5149
2026-03-06T17:30:00+00:00,23580.78,23604.3,23537.28,23545.8,4495
2026-03-06T17:45:00+00:00,23545.8,23581.8,23544.78,23564.79,4376
2026-03-06T18:00:00+00:00,23564.79,23667.3,23562.79,23657.8,4031
2026-03-06T18:15:00+00:00,23657.8,23673.79,23626.79,23628.54,3045
2026-03-06T18:30:00+00:00,23628.54,23664.3,23623.78,23641.54,2083
2026-03-06T18:45:00+00:00,23641.54,23652.8,23606.78,23619.28,3162
2026-03-06T19:00:00+00:00,23619.28,23657.8,23619.28,23649.79,2778
2026-03-06T19:15:00+00:00,23649.79,23652.28,23602.79,23648.29,2791
2026-03-06T19:30:00+00:00,23648.29,23666.3,23630.55,23645.78,2695
2026-03-06T19:45:00+00:00,23645.78,23654.29,23631.53,23649.8,2551
2026-03-06T20:00:00+00:00,23649.8,23679.8,23647.3,23666.3,2552
2026-03-06T20:15:00+00:00,23666.3,23693.29,23608.78,23629.28,2902
2026-03-06T20:30:00+00:00,23629.28,23653.29,23604.3,23629.79,4358
2026-03-06T20:45:00+00:00,23629.79,23649.3,23612.78,23640.29,3055
2026-03-09T00:30:00+00:00,23640.29,23640.29,22940.01,22946.76,370.70960208822834
2026-03-09T00:45:00+00:00,22946.76,22949.02,22895.01,22932.01,657
2026-03-09T01:00:00+00:00,22932.01,22955.02,22863.01,22891.01,1914
2026-03-09T01:15:00+00:00,22891.01,22907.28,22824.02,22826.03,1873
2026-03-09T01:30:00+00:00,22826.03,22889.03,22809.01,22813.77,1534
2026-03-09T01:45:00+00:00,22813.77,22820.27,22741.01,22763.02,1053
2026-03-09T02:00:00+00:00,22763.02,22813.27,22734.02,22779.02,1248.2693984306889
2026-03-09T02:15:00+00:00,22779.02,22785.02,22695.52,22720.52,2243.700995161143
2026-03-09T02:30:00+00:00,22720.52,22771.53,22678.53,22770.52,2114
2026-03-09T02:45:00+00:00,22770.52,22811.53,22735.52,22745.53,1622
2026-03-09T03:00:00+00:00,22745.53,22781.52,22711.53,22737.51,1290
2026-03-09T03:15:00+00:00,22737.51,22754.53,22700.51,22717.53,898
2026-03-09T03:30:00+00:00,22717.53,22749.76,22686.51,22689.52,988.1939594956646
2026-03-09T03:45:00+00:00,22689.52,22730.76,22686.51,22714.53,596
2026-03-09T04:00:00+00:00,22714.53,22774.52,22711.51,22729.53,655
2026-03-09T04:15:00+00:00,22729.53,22760.53,22715.51,22755.53,765.7849700579803
2026-03-09T04:30:00+00:00,22755.53,22761.51,22721.51,22723.51,584
2026-03-09T04:45:00+00:00,22723.51,22733.53,22713.51,22721.53,356.19819426241446
2026-03-09T05:00:00+00:00,22721.53,22786.53,22699.51,22767.53,251
2026-03-09T05:15:00+00:00,22767.53,22930.53,22755.52,22928.53,1867
2026-03-09T05:30:00+00:00,22928.53,22938.53,22830.53,22893.53,2010
2026-03-09T05:45:00+00:00,22893.53,22952.27,22882.51,22942.53,986
2026-03-09T06:00:00+00:00,22942.53,23043.27,22934.51,23019.51,1933
2026-03-09T06:15:00+00:00,23019.51,23024.52,22943.52,22972.77,1465
2026-03-09T06:30:00+00:00,22972.77,22988.28,22931.52,22949.52,1838
2026-03-09T06:45:00+00:00,22949.52,22949.53,22876.53,22887.52,1726
2026-03-09T07:00:00+00:00,22887.52,22944.78,22831.26,22931.77,4010
2026-03-09T07:15:00+00:00,22931.77,23050.77,22925.27,23028.77,3932
2026-03-09T07:30:00+00:00,23028.77,23042.76,22971.78,23008.27,3537
2026-03-09T07:45:00+00:00,23008.27,23009.28,22940.27,22948.28,5169
2026-03-09T08:00:00+00:00,22948.28,23077.63,22905.63,22948.61,15928
2026-03-09T08:15:00+00:00,22948.61,23009.63,22897.61,22945.11,11363
2026-03-09T08:30:00+00:00,22945.11,23037.12,22911.13,22930.11,11729
2026-03-09T08:45:00+00:00,22930.11,23042.13,22920.62,23013.62,9692
2026-03-09T09:00:00+00:00,23013.62,23035.13,22933.12,23021.12,9351
2026-03-09T09:15:00+00:00,23021.12,23128.63,23008.13,23123.11,7937
2026-03-09T09:30:00+00:00,23123.11,23263.13,23083.13,23227.13,12328
2026-03-09T09:45:00+00:00,23227.13,23253.62,23170.13,23203.11,9594
2026-03-09T10:00:00+00:00,23203.11,23232.13,23150.13,23163.61,8444
2026-03-09T10:15:00+00:00,23163.61,23174.63,23138.11,23148.62,6690
2026-03-09T10:30:00+00:00,23148.62,23195.63,23111.53,23185.11,6563
2026-03-09T10:45:00+00:00,23185.11,23196.13,23123.11,23181.12,6190
2026-03-09T11:00:00+00:00,23181.12,23217.12,23177.12,23181.11,6676
2026-03-09T11:15:00+00:00,23181.11,23189.61,23149.63,23153.12,4873
2026-03-09T11:30:00+00:00,23153.12,23221.13,23129.13,23178.62,5788
2026-03-09T11:45:00+00:00,23178.62,23216.13,23171.62,23186.11,4737
2026-03-09T12:00:00+00:00,23186.11,23249.62,23185.11,23235.11,5065
2026-03-09T12:15:00+00:00,23235.11,23274.13,23224.12,23268.63,4470
2026-03-09T12:30:00+00:00,23268.63,23291.13,23183.11,23185.11,4600
2026-03-09T12:45:00+00:00,23185.11,23194.63,23151.63,23190.13,5008
2026-03-09T13:00:00+00:00,23190.13,23306.63,23189.13,23301.61,6359
2026-03-09T13:15:00+00:00,23301.61,23310.12,23265.11,23291.62,5972
2026-03-09T13:30:00+00:00,23291.62,23329.13,23215.62,23251.62,13119
2026-03-09T13:45:00+00:00,23251.62,23276.61,23142.63,23215.12,13107
2026-03-09T14:00:00+00:00,23215.12,23249.13,23097.11,23155.63,14528
2026-03-09T14:15:00+00:00,23155.63,23249.63,23154.11,23207.11,11503
2026-03-09T14:30:00+00:00,23207.11,23305.13,23204.13,23303.13,10115
2026-03-09T14:45:00+00:00,23303.13,23329.12,23261.11,23301.13,8153
2026-03-09T15:00:00+00:00,23301.13,23356.63,23298.62,23356.63,6513
2026-03-09T15:15:00+00:00,23356.63,23435.13,23356.63,23430.13,5719
2026-03-09T15:30:00+00:00,23430.13,23447.63,23377.61,23380.12,6413
2026-03-09T15:45:00+00:00,23380.12,23414.63,23353.62,23392.61,4997
2026-03-09T16:00:00+00:00,23392.61,23433.61,23371.12,23394.13,5156
2026-03-09T16:15:00+00:00,23394.13,23413.63,23321.61,23374.12,5711
2026-03-09T16:30:00+00:00,23374.12,23434.12,23343.63,23431.11,5582
2026-03-09T16:45:00+00:00,23431.11,23444.62,23417.61,23430.12,3326
2026-03-09T17:00:00+00:00,23430.12,23433.26,23362.76,23371.28,3362
2026-03-09T17:15:00+00:00,23371.28,23372.77,23317.77,23326.28,3749
2026-03-09T17:30:00+00:00,23326.28,23335.77,23283.28,23295.28,3533
2026-03-09T17:45:00+00:00,23295.28,23347.77,23293.77,23327.78,3247
2026-03-09T18:00:00+00:00,23327.78,23374.28,23325.76,23369.28,3279
2026-03-09T18:15:00+00:00,23369.28,23423.27,23364.76,23368.27,3008
2026-03-09T18:30:00+00:00,23368.27,23397.27,23363.76,23370.26,2491
2026-03-09T18:45:00+00:00,23370.26,23378.78,23336.27,23340.78,1915
2026-03-09T19:00:00+00:00,23340.78,23367.28,23339.78,23359.26,2150
2026-03-09T19:15:00+00:00,23359.26,23688.27,23355.76,23683.27,5796
2026-03-09T19:30:00+00:00,23683.27,23920.51,23623.77,23788.77,6545
2026-03-09T19:45:00+00:00,23788.77,23794.26,23719.78,23759.27,4373
2026-03-09T20:00:00+00:00,23759.27,23786.78,23681.78,23725.26,2754
2026-03-09T20:15:00+00:00,23725.26,23730.28,23682.51,23728.77,1411
2026-03-09T20:30:00+00:00,23728.77,23762.77,23702.53,23746.28,1426
2026-03-09T20:45:00+00:00,23746.28,23787.76,23728.26,23776.03,1738
2026-03-10T00:30:00+00:00,23776.03,23776.03,23665.89,23732.91,612
2026-03-10T00:45:00+00:00,23732.91,23734.91,23683.89,23683.89,750.6216583597644
2026-03-10T01:00:00+00:00,23683.89,23726.66,23674.89,23716.91,1607
2026-03-10T01:15:00+00:00,23716.91,23724.91,23685.91,23703.91,2196
2026-03-10T01:30:00+00:00,23703.91,23703.91,23652.89,23666.65,2320
2026-03-10T01:45:00+00:00,23666.65,23716.91,23659.89,23709.89,1842
2026-03-10T02:00:00+00:00,23709.89,23721.89,23680.15,23701.9,1696
2026-03-10T02:15:00+00:00,23701.9,23701.9,23677.9,23679.89,1097
2026-03-10T02:30:00+00:00,23679.89,23681.91,23623.9,23628.91,1285
2026-03-10T02:45:00+00:00,23628.91,23634.65,23565.89,23575.91,1868
2026-03-10T03:00:00+00:00,23575.91,23599.91,23564.9,23579.91,1398
2026-03-10T03:15:00+00:00,23579.91,23610.66,23564.89,23577.65,1227
2026-03-10T03:30:00+00:00,23577.65,23578.66,23538.89,23538.9,1390
2026-03-10T03:45:00+00:00,23538.9,23540.66,23497.89,23502.89,1879
2026-03-10T04:00:00+00:00,23502.89,23534.91,23491.89,23531.89,1535
2026-03-10T04:15:00+00:00,23531.89,23548.65,23520.9,23527.91,984
2026-03-10T04:30:00+00:00,23527.91,23564.9,23524.89,23546.89,1218
2026-03-10T04:45:00+00:00,23546.89,23551.91,23507.9,23540.89,1524
2026-03-10T05:00:00+00:00,23540.89,23620.91,23536.9,23603.91,2142
2026-03-10T05:15:00+00:00,23603.91,23611.89,23584.89,23594.91,1175
2026-03-10T05:30:00+00:00,23594.91,23600.89,23585.9,23598.89,595
2026-03-10T05:45:00+00:00,23598.89,23649.65,23596.89,23639.66,792
2026-03-10T06:00:00+00:00,23639.66,23666.14,23639.66,23650.91,807
2026-03-10T06:15:00+00:00,23650.91,23672.66,23636.91,23670.66,1172
2026-03-10T06:30:00+00:00,23670.66,23691.15,23647.89,23664.14,1207
2026-03-10T06:45:00+00:00,23664.14,23669.16,23643.64,23662.91,846
2026-03-10T07:00:00+00:00,23662.91,23731.16,23614.64,23695.16,2511
2026-03-10T07:15:00+00:00,23695.16,23795.66,23678.64,23792.16,2624
2026-03-10T07:30:00+00:00,23792.16,23815.64,23748.66,23775.65,3005
2026-03-10T07:45:00+00:00,23775.65,23851.14,23770.15,23851.14,4194
2026-03-10T08:00:00+00:00,23851.14,23908.49,23837.5,23853.01,11647
2026-03-10T08:15:00+00:00,23853.01,23928.51,23814.99,23911.01,8249
2026-03-10T08:30:00+00:00,23911.01,23948.99,23896.49,23941.01,6612
2026-03-10T08:45:00+00:00,23941.01,23974.51,23870.99,23872.49,6802
2026-03-10T09:00:00+00:00,23872.49,23982.01,23860,23977,5092
2026-03-10T09:15:00+00:00,23977,23991.01,23948.99,23986,5223
2026-03-10T09:30:00+00:00,23986,24024,23984.49,24015,4202
2026-03-10T09:45:00+00:00,24015,24015,23924.01,23932,4621
2026-03-10T10:00:00+00:00,23932,23937.5,23895,23904.51,5250
2026-03-10T10:15:00+00:00,23904.51,23969.99,23876.99,23956.99,4412
2026-03-10T10:30:00+00:00,23956.99,23978.5,23909.5,23958.5,5793
2026-03-10T10:45:00+00:00,23958.5,23982.5,23936.51,23978.99,4372
2026-03-10T11:00:00+00:00,23978.99,24045,23952.51,23958.99,6764
2026-03-10T11:15:00+00:00,23958.99,23963.99,23917.49,23937.01,4067
2026-03-10T11:30:00+00:00,23937.01,23943.51,23885.5,23894.51,4095
2026-03-10T11:45:00+00:00,23894.51,23897.01,23867.49,23885.01,4467
2026-03-10T12:00:00+00:00,23885.01,23885.5,23772.99,23819.99,5907
2026-03-10T12:15:00+00:00,23819.99,23843.51,23797,23800.51,4773
2026-03-10T12:30:00+00:00,23800.51,23869.99,23772.51,23857.5,4467
2026-03-10T12:45:00+00:00,23857.5,23907,23856.01,23893.49,3458
2026-03-10T13:00:00+00:00,23893.49,23924.01,23891.99,23906.5,3654
2026-03-10T13:15:00+00:00,23906.5,23937.5,23888.51,23932.99,3598
2026-03-10T13:30:00+00:00,23932.99,23949.51,23824.49,23853.5,12426
2026-03-10T13:45:00+00:00,23853.5,23861.51,23793.49,23809.5,10970
2026-03-10T14:00:00+00:00,23809.5,23829.99,23743.99,23767.49,9932
2026-03-10T14:15:00+00:00,23767.49,23889.51,23763.51,23874.01,7902
2026-03-10T14:30:00+00:00,23874.01,23969.49,23872.5,23966,5651
2026-03-10T14:45:00+00:00,23966,24032.51,23952.5,24017.01,5473
2026-03-10T15:00:00+00:00,24017.01,24044.01,23977.49,23983.99,5251
2026-03-10T15:15:00+00:00,23983.99,24037.01,23977.49,24010,4115
2026-03-10T15:30:00+00:00,24010,24018.01,23965.99,24011.49,4235
2026-03-10T15:45:00+00:00,24011.49,24013.01,23940,23948,3575
2026-03-10T16:00:00+00:00,23948,23948,23873.99,23916.5,4830
2026-03-10T16:15:00+00:00,23916.5,23940.49,23889.49,23907.49,4744
2026-03-10T16:30:00+00:00,23907.49,23976,23907.49,23969.49,4874
2026-03-10T16:45:00+00:00,23969.49,24008.5,23936.49,24007.5,4102
2026-03-10T17:00:00+00:00,24007.5,24070.65,24001.16,24042.15,3950
2026-03-10T17:15:00+00:00,24042.15,24085.16,24038.64,24072.65,3450
2026-03-10T17:30:00+00:00,24072.65,24072.65,23958.15,23984.16,5545
2026-03-10T17:45:00+00:00,23984.16,24026.16,23976.64,24007.64,3203
2026-03-10T18:00:00+00:00,24007.64,24014.16,23845.91,23848.15,3747
2026-03-10T18:15:00+00:00,23848.15,23878.65,23722.89,23850.15,8403
2026-03-10T18:30:00+00:00,23850.15,23870.15,23789.9,23802.15,6210
2026-03-10T18:45:00+00:00,23802.15,23843.16,23784.16,23795.65,4576
2026-03-10T19:00:00+00:00,23795.65,23835.66,23791.91,23833.66,3724
2026-03-10T19:15:00+00:00,23833.66,23854.65,23770.15,23781.15,3985
2026-03-10T19:30:00+00:00,23781.15,23833.64,23738.65,23784.66,4232
2026-03-10T19:45:00+00:00,23784.66,23792.16,23736.64,23769.15,3174
2026-03-10T20:00:00+00:00,23769.15,23780.14,23751.16,23778.16,1205
2026-03-10T20:15:00+00:00,23778.16,23790.15,23760.15,23785.66,870
2026-03-10T20:30:00+00:00,23785.66,23789.16,23765.66,23781.15,693
2026-03-10T20:45:00+00:00,23781.15,23793.65,23769.65,23789.91,809
2026-03-11T00:30:00+00:00,23789.91,23893.1,23789.91,23879.87,692
2026-03-11T00:45:00+00:00,23879.87,23885.87,23868.61,23872.12,424
2026-03-11T01:00:00+00:00,23872.12,23903.62,23863.85,23901.85,1291
2026-03-11T01:15:00+00:00,23901.85,23920.6,23897.85,23909.11,987
2026-03-11T01:30:00+00:00,23909.11,23933.6,23907.61,23930.12,970
2026-03-11T01:45:00+00:00,23930.12,23932.1,23908.87,23911.62,748
2026-03-11T02:00:00+00:00,23911.62,23924.1,23910.86,23912.86,550
2026-03-11T02:15:00+00:00,23912.86,23935.1,23912.86,23930.12,432
2026-03-11T02:30:00+00:00,23930.12,23930.12,23910.86,23929.1,557
2026-03-11T02:45:00+00:00,23929.1,23937.12,23918.85,23921.86,358
2026-03-11T03:00:00+00:00,23921.86,23936.12,23918.86,23932.87,343.68471953578336
2026-03-11T03:15:00+00:00,23932.87,23945.11,23931.86,23932.87,513
2026-03-11T03:30:00+00:00,23932.87,23966.61,23932.85,23965.1,492
2026-03-11T03:45:00+00:00,23965.1,23970.6,23957.6,23963.87,439
2026-03-11T04:00:00+00:00,23963.87,23963.87,23936.12,23943.1,391
2026-03-11T04:15:00+00:00,23943.1,23948.11,23941.86,23943.61,300.5408667032364
2026-03-11T04:30:00+00:00,23943.61,23944.61,23936.1,23940.61,430
2026-03-11T04:45:00+00:00,23940.61,23945.12,23934.85,23938.61,364
2026-03-11T05:00:00+00:00,23938.61,23941.12,23912.12,23915.12,691
2026-03-11T05:15:00+00:00,23915.12,23924.6,23907.87,23911.11,788
2026-03-11T05:30:00+00:00,23911.11,23913.11,23880.12,23880.12,497
2026-03-11T05:45:00+00:00,23880.12,23880.12,23828.86,23828.86,900
2026-03-11T06:00:00+00:00,23828.86,23832.11,23810.85,23822.86,952
2026-03-11T06:15:00+00:00,23822.86,23825.6,23797.61,23812.61,706
2026-03-11T06:30:00+00:00,23812.61,23847.12,23810.6,23846.1,968
2026-03-11T06:45:00+00:00,23846.1,23846.12,23816.62,23828.61,452
2026-03-11T07:00:00+00:00,23828.61,23861.61,23798.1,23861.6,1325
2026-03-11T07:15:00+00:00,23861.6,23861.6,23790.1,23793.12,2031
2026-03-11T07:30:00+00:00,23793.12,23807.6,23703.61,23725.6,2833
2026-03-11T07:45:00+00:00,23725.6,23759.1,23695.12,23698.1,2550
2026-03-11T08:00:00+00:00,23698.1,23702.96,23636.45,23682.46,8732
2026-03-11T08:15:00+00:00,23682.46,23689.96,23628.95,23633.440000000002,5758
2026-03-11T08:30:00+00:00,23633.440000000002,23657.960000000003,23570.960000000003,23616.960000000003,6843
2026-03-11T08:45:00+00:00,23616.960000000003,23628.45,23530.940000000002,23564.460000000003,6243
2026-03-11T09:00:00+00:00,23564.460000000003,23565.440000000002,23501.460000000003,23511.460000000003,5748
2026-03-11T09:15:00+00:00,23511.460000000003,23576.960000000003,23511.45,23523.440000000002,4814
2026-03-11T09:30:00+00:00,23523.440000000002,23556.460000000003,23512.940000000002,23539.45,4705
2026-03-11T09:45:00+00:00,23539.45,23569.960000000003,23512.440000000002,23515.440000000002,3950
2026-03-11T10:00:00+00:00,23515.440000000002,23603.460000000003,23506.940000000002,23599.940000000002,4807
2026-03-11T10:15:00+00:00,23599.940000000002,23626.460000000003,23594.45,23620.460000000003,3406
2026-03-11T10:30:00+00:00,23620.460000000003,23752.960000000003,23617.440000000002,23742.460000000003,3877
2026-03-11T10:45:00+00:00,23742.460000000003,23767.960000000003,23728.460000000003,23759.95,3699
2026-03-11T11:00:00+00:00,23759.95,23777.460000000003,23721.460000000003,23740.45,3854
2026-03-11T11:15:00+00:00,23740.45,23742.95,23614.940000000002,23632.960000000003,3508
2026-03-11T11:30:00+00:00,23632.960000000003,23651.960000000003,23587.440000000002,23602.45,3970
2026-03-11T11:45:00+00:00,23602.45,23642.940000000002,23555.940000000002,23601.45,5205
2026-03-11T12:00:00+00:00,23601.45,23617.95,23557.940000000002,23578.440000000002,3960
2026-03-11T12:15:00+00:00,23578.440000000002,23640.460000000003,23567.45,23624.84,3410
2026-03-11T12:30:00+00:00,23624.84,23662.960000000003,23513.940000000002,23524.45,4255
2026-03-11T12:45:00+00:00,23524.45,23544.460000000003,23489.440000000002,23539.95,5213
2026-03-11T13:00:00+00:00,23539.95,23615.960000000003,23537.440000000002,23546.940000000002,4354
2026-03-11T13:15:00+00:00,23546.940000000002,23624.460000000003,23542.940000000002,23621.960000000003,3717
2026-03-11T13:30:00+00:00,23621.960000000003,23659.940000000002,23611.440000000002,23625.45,7332
2026-03-11T13:45:00+00:00,23625.45,23680.95,23601.95,23667.45,7363
2026-03-11T14:00:00+00:00,23667.45,23786.850000000002,23652.95,23694.95,10203
2026-03-11T14:15:00+00:00,23694.95,23703.960000000003,23552.940000000002,23585.440000000002,5775
2026-03-11T14:30:00+00:00,23585.440000000002,23656.940000000002,23567.940000000002,23652.45,6303
2026-03-11T14:45:00+00:00,23652.45,23703.460000000003,23638.940000000002,23697.45,4120
2026-03-11T15:00:00+00:00,23697.45,23703.960000000003,23579.960000000003,23605.95,4937
2026-03-11T15:15:00+00:00,23605.95,23627.45,23575.440000000002,23575.940000000002,4357
2026-03-11T15:30:00+00:00,23575.940000000002,23598.95,23541.460000000003,23541.460000000003,4285
2026-03-11T15:45:00+00:00,23541.460000000003,23601.460000000003,23525.45,23562.45,4185
2026-03-11T16:00:00+00:00,23562.45,23568.940000000002,23524.850000000002,23566.940000000002,3977
2026-03-11T16:15:00+00:00,23566.940000000002,23573.960000000003,23519.940000000002,23549.940000000002,4069
2026-03-11T16:30:00+00:00,23549.940000000002,23651.95,23549.940000000002,23628.45,3990
2026-03-11T16:45:00+00:00,23628.45,23651.460000000003,23617.440000000002,23646.440000000002,2511
2026-03-11T17:00:00+00:00,23646.440000000002,23658.11,23625.09,23640.100000000002,1848
2026-03-11T17:15:00+00:00,23640.100000000002,23663.100000000002,23623.61,23652.61,2108
2026-03-11T17:30:00+00:00,23652.61,23658.61,23554.59,23590.59,4057
2026-03-11T17:45:00+00:00,23590.59,23636.11,23578.61,23614.61,3673
2026-03-11T18:00:00+00:00,23614.61,23622.61,23576.86,23600.61,2467
2026-03-11T18:15:00+00:00,23600.61,23644.11,23590.86,23634.59,2243
2026-03-11T18:30:00+00:00,23634.59,23642.09,23623.09,23638.59,1723
2026-03-11T18:45:00+00:00,23638.59,23653.600000000002,23622.09,23640.11,1918
2026-03-11T19:00:00+00:00,23640.11,23643.61,23613.59,23613.600000000002,1517
2026-03-11T19:15:00+00:00,23613.600000000002,23637.09,23611.600000000002,23624.61,1730
2026-03-11T19:30:00+00:00,23624.61,23660.61,23617.61,23659.61,1309
2026-03-11T19:45:00+00:00,23659.61,23670.100000000002,23641.600000000002,23661.09,1341
2026-03-11T20:00:00+00:00,23661.09,23664.600000000002,23633.59,23633.59,732
2026-03-11T20:15:00+00:00,23633.59,23634.61,23622.100000000002,23626.100000000002,345
2026-03-11T20:30:00+00:00,23626.100000000002,23626.100000000002,23599.59,23601.59,380
2026-03-11T20:45:00+00:00,23601.59,23603.11,23586.59,23586.850000000002,447
2026-03-12T00:30:00+00:00,23586.850000000002,23586.850000000002,23343.29,23380.54,535
2026-03-12T00:45:00+00:00,23380.54,23388.06,23370.29,23377.300000000003,655
2026-03-12T01:00:00+00:00,23377.300000000003,23394.050000000003,23370.29,23379.050000000003,1908
2026-03-12T01:15:00+00:00,23379.050000000003,23404.31,23370.29,23404.31,1662
2026-03-12T01:30:00+00:00,23404.31,23453.050000000003,23404.29,23442.29,1047
2026-03-12T01:45:00+00:00,23442.29,23445.31,23357.300000000003,23381.300000000003,1479
2026-03-12T02:00:00+00:00,23381.300000000003,23387.04,23348.29,23350.29,1368
2026-03-12T02:15:00+00:00,23350.29,23363.06,23312.56,23316.29,1105
2026-03-12T02:30:00+00:00,23316.29,23320.06,23250.050000000003,23269.300000000003,1231
2026-03-12T02:45:00+00:00,23269.300000000003,23276.050000000003,23244.300000000003,23251.29,1258
2026-03-12T03:00:00+00:00,23251.29,23272.31,23236.300000000003,23239.31,1020
2026-03-12T03:15:00+00:00,23239.31,23246.04,23222.300000000003,23227.29,947
2026-03-12T03:30:00+00:00,23227.29,23232.56,23205.31,23219.31,1080
2026-03-12T03:45:00+00:00,23219.31,23246.06,23217.300000000003,23245.550000000003,840
2026-03-12T04:00:00+00:00,23245.550000000003,23267.06,23234.300000000003,23266.300000000003,634
2026-03-12T04:15:00+00:00,23266.300000000003,23283.050000000003,23266.300000000003,23275.29,380
2026-03-12T04:30:00+00:00,23275.29,23276.31,23247.29,23250.29,413
2026-03-12T04:45:00+00:00,23250.29,23266.06,23250.29,23259.050000000003,474
2026-03-12T05:00:00+00:00,23259.050000000003,23322.06,23255.29,23309.06,1099
2026-03-12T05:15:00+00:00,23309.06,23316.300000000003,23292.29,23302.300000000003,1130
2026-03-12T05:30:00+00:00,23302.300000000003,23321.550000000003,23298.29,23321.550000000003,676
2026-03-12T05:45:00+00:00,23321.550000000003,23324.04,23283.300000000003,23315.550000000003,771
2026-03-12T06:00:00+00:00,23315.550000000003,23315.550000000003,23295.29,23308.31,687
2026-03-12T06:15:00+00:00,23308.31,23342.06,23305.31,23340.050000000003,813
2026-03-12T06:30:00+00:00,23340.050000000003,23370.04,23335.29,23354.550000000003,545
2026-03-12T06:45:00+00:00,23354.550000000003,23364.04,23344.550000000003,23353.550000000003,404
2026-03-12T07:00:00+00:00,23353.550000000003,23393.050000000003,23344.550000000003,23391.550000000003,1606
2026-03-12T07:15:00+00:00,23391.550000000003,23424.54,23385.06,23418.050000000003,1634
2026-03-12T07:30:00+00:00,23418.050000000003,23438.54,23383.550000000003,23430.54,1968
2026-03-12T07:45:00+00:00,23430.54,23454.550000000003,23397.050000000003,23445.54,2529
2026-03-12T08:00:00+00:00,23445.54,23530.41,23442.41,23490.41,8659
2026-03-12T08:15:00+00:00,23490.41,23518.890000000003,23461.9,23461.9,6172
2026-03-12T08:30:00+00:00,23461.9,23508.390000000003,23450.41,23501.4,6096
2026-03-12T08:45:00+00:00,23501.4,23575.91,23484.4,23560.9,4786
2026-03-12T09:00:00+00:00,23560.9,23566.4,23458.91,23473.9,5096
2026-03-12T09:15:00+00:00,23473.9,23525.390000000003,23437.4,23522.390000000003,5030
2026-03-12T09:30:00+00:00,23522.390000000003,23592.91,23519.9,23583.91,4995
2026-03-12T09:45:00+00:00,23583.91,23597.41,23564.390000000003,23589.41,3665
2026-03-12T10:00:00+00:00,23589.41,23594.91,23529.9,23558.390000000003,3588
2026-03-12T10:15:00+00:00,23558.390000000003,23558.390000000003,23522.4,23543.390000000003,3507
2026-03-12T10:30:00+00:00,23543.390000000003,23615.9,23543.390000000003,23570.41,4196
2026-03-12T10:45:00+00:00,23570.41,23622.41,23569.4,23574.41,3834
2026-03-12T11:00:00+00:00,23574.41,23586.41,23539.4,23571.390000000003,3826
2026-03-12T11:15:00+00:00,23571.390000000003,23618.9,23570.4,23611.9,3019
2026-03-12T11:30:00+00:00,23611.9,23661.4,23611.9,23647.9,2952
2026-03-12T11:45:00+00:00,23647.9,23658.890000000003,23574.4,23575.390000000003,3205
2026-03-12T12:00:00+00:00,23575.390000000003,23582.41,23493.390000000003,23521.41,4585
2026-03-12T12:15:00+00:00,23521.41,23539.91,23488.4,23516.31,3825
2026-03-12T12:30:00+00:00,23516.31,23536.9,23493.300000000003,23528.9,3535
2026-03-12T12:45:00+00:00,23528.9,23556.9,23504.41,23556.390000000003,3795
2026-03-12T13:00:00+00:00,23556.390000000003,23590.41,23542.9,23543.390000000003,3752
2026-03-12T13:15:00+00:00,23543.390000000003,23547.4,23412.9,23511.41,8287
2026-03-12T13:30:00+00:00,23511.41,23556.9,23465.9,23496.41,10893
2026-03-12T13:45:00+00:00,23496.41,23536.390000000003,23417.41,23456.41,8932
2026-03-12T14:00:00+00:00,23456.41,23527.41,23455.41,23499.390000000003,8806
2026-03-12T14:15:00+00:00,23499.390000000003,23507.41,23357.41,23357.41,7307
2026-03-12T14:30:00+00:00,23357.41,23438.890000000003,23348.390000000003,23438.41,7173
2026-03-12T14:45:00+00:00,23438.41,23519.890000000003,23412.9,23467.4,9240
2026-03-12T15:00:00+00:00,23467.4,23472.9,23322.41,23355.390000000003,6709
2026-03-12T15:15:00+00:00,23355.390000000003,23433.41,23345.9,23415.41,5532
2026-03-12T15:30:00+00:00,23415.41,23496.9,23366.91,23482.890000000003,7884
2026-03-12T15:45:00+00:00,23482.890000000003,23511.890000000003,23447.9,23498.390000000003,6710
2026-03-12T16:00:00+00:00,23498.390000000003,23544.41,23444.9,23490.41,5754
2026-03-12T16:15:00+00:00,23490.41,23585.4,23482.9,23530.91,6809
2026-03-12T16:30:00+00:00,23530.91,23586.41,23512.9,23548.4,6290
2026-03-12T16:45:00+00:00,23548.4,23549.890000000003,23491.91,23525.890000000003,4414
2026-03-12T17:00:00+00:00,23525.890000000003,23576.06,23515.04,23531.54,3907
2026-03-12T17:15:00+00:00,23531.54,23577.06,23523.54,23558.04,4078
2026-03-12T17:30:00+00:00,23558.04,23594.56,23541.06,23543.050000000003,3913
2026-03-12T17:45:00+00:00,23543.050000000003,23564.550000000003,23522.550000000003,23542.54,3675
2026-03-12T18:00:00+00:00,23542.54,23567.550000000003,23539.04,23555.04,2588
2026-03-12T18:15:00+00:00,23555.04,23568.04,23520.06,23542.56,2229
2026-03-12T18:30:00+00:00,23542.56,23550.04,23520.550000000003,23541.050000000003,2176
2026-03-12T18:45:00+00:00,23541.050000000003,23557.04,23519.550000000003,23522.56,1914
2026-03-12T19:00:00+00:00,23522.56,23546.300000000003,23506.050000000003,23533.050000000003,2198
2026-03-12T19:15:00+00:00,23533.050000000003,23551.56,23525.04,23531.56,1655
2026-03-12T19:30:00+00:00,23531.56,23550.06,23523.54,23535.04,1710
2026-03-12T19:45:00+00:00,23535.04,23535.04,23483.06,23492.54,2325
2026-03-12T20:00:00+00:00,23492.54,23508.04,23477.550000000003,23482.56,855
2026-03-12T20:15:00+00:00,23482.56,23485.550000000003,23470.54,23477.54,516
2026-03-12T20:30:00+00:00,23477.54,23479.06,23465.550000000003,23478.54,345
2026-03-12T20:45:00+00:00,23478.54,23488.06,23467.54,23470.29,452
2026-03-13T00:30:00+00:00,23470.29,23567.320000000003,23470.29,23546.58,509
2026-03-13T00:45:00+00:00,23546.58,23557.58,23538.570000000003,23557.58,551
2026-03-13T01:00:00+00:00,23557.58,23616.59,23556.58,23608.59,1366
2026-03-13T01:15:00+00:00,23608.59,23628.34,23601.570000000003,23614.59,741
2026-03-13T01:30:00+00:00,23614.59,23624.83,23581.58,23582.570000000003,945
2026-03-13T01:45:00+00:00,23582.570000000003,23588.83,23572.570000000003,23583.33,667
2026-03-13T02:00:00+00:00,23583.33,23607.84,23575.59,23588.58,1006
2026-03-13T02:15:00+00:00,23588.58,23590.33,23565.570000000003,23570.570000000003,938
2026-03-13T02:30:00+00:00,23570.570000000003,23584.59,23562.570000000003,23567.58,872
2026-03-13T02:45:00+00:00,23567.58,23576.59,23563.570000000003,23565.58,703
2026-03-13T03:00:00+00:00,23565.58,23573.59,23556.570000000003,23559.58,563
2026-03-13T03:15:00+00:00,23559.58,23567.58,23549.59,23560.59,585
2026-03-13T03:30:00+00:00,23560.59,23567.59,23544.570000000003,23565.59,787
2026-03-13T03:45:00+00:00,23565.59,23588.34,23565.570000000003,23586.320000000003,557
2026-03-13T04:00:00+00:00,23586.320000000003,23595.570000000003,23575.58,23575.58,662
2026-03-13T04:15:00+00:00,23575.58,23584.83,23552.58,23561.570000000003,786
2026-03-13T04:30:00+00:00,23561.570000000003,23565.59,23545.570000000003,23565.59,494
2026-03-13T04:45:00+00:00,23565.59,23565.59,23550.59,23558.58,605
2026-03-13T05:00:00+00:00,23558.58,23566.34,23537.570000000003,23542.58,1074
2026-03-13T05:15:00+00:00,23542.58,23560.59,23535.570000000003,23550.59,928
2026-03-13T05:30:00+00:00,23550.59,23570.59,23550.59,23555.58,712
2026-03-13T05:45:00+00:00,23555.58,23574.320000000003,23553.59,23566.59,601
2026-03-13T06:00:00+00:00,23566.59,23568.34,23544.58,23559.59,687
2026-03-13T06:15:00+00:00,23559.59,23561.34,23528.570000000003,23530.570000000003,727
2026-03-13T06:30:00+00:00,23530.570000000003,23533.34,23484.33,23491.570000000003,906
2026-03-13T06:45:00+00:00,23491.570000000003,23492.320000000003,23449.33,23458.320000000003,1173
2026-03-13T07:00:00+00:00,23458.320000000003,23466.34,23370.34,23377.820000000003,2329
2026-03-13T07:15:00+00:00,23377.820000000003,23398.820000000003,23342.820000000003,23394.33,2011
2026-03-13T07:30:00+00:00,23394.33,23430.83,23388.83,23413.84,1927
2026-03-13T07:45:00+00:00,23413.84,23417.83,23342.33,23362.84,2365
2026-03-13T08:00:00+00:00,23362.84,23374.690000000002,23278.690000000002,23291.68,8176
2026-03-13T08:15:00+00:00,23291.68,23318.690000000002,23243.190000000002,23273.670000000002,6696
2026-03-13T08:30:00+00:00,23273.670000000002,23352.190000000002,23272.190000000002,23311.690000000002,6774
2026-03-13T08:45:00+00:00,23311.690000000002,23379.690000000002,23289.18,23367.690000000002,4539
2026-03-13T09:00:00+00:00,23367.690000000002,23418.68,23334.670000000002,23340.670000000002,5209
2026-03-13T09:15:00+00:00,23340.670000000002,23396.690000000002,23322.190000000002,23389.68,4423
2026-03-13T09:30:00+00:00,23389.68,23395.170000000002,23339.690000000002,23361.190000000002,4117
2026-03-13T09:45:00+00:00,23361.190000000002,23394.190000000002,23346.690000000002,23381.18,3015
2026-03-13T10:00:00+00:00,23381.18,23453.190000000002,23365.68,23452.170000000002,3576
2026-03-13T10:15:00+00:00,23452.170000000002,23484.170000000002,23445.690000000002,23461.190000000002,2830
2026-03-13T10:30:00+00:00,23461.190000000002,23464.670000000002,23421.190000000002,23429.670000000002,2839
2026-03-13T10:45:00+00:00,23429.670000000002,23518.670000000002,23423.18,23513.68,4680
2026-03-13T11:00:00+00:00,23513.68,23550.690000000002,23491.18,23494.170000000002,4569
2026-03-13T11:15:00+00:00,23494.170000000002,23542.670000000002,23488.670000000002,23518.690000000002,3710
2026-03-13T11:30:00+00:00,23518.690000000002,23546.18,23505.170000000002,23546.18,2898
2026-03-13T11:45:00+00:00,23546.18,23564.690000000002,23534.670000000002,23563.68,2910
2026-03-13T12:00:00+00:00,23563.68,23580.190000000002,23538.670000000002,23552.190000000002,2601
2026-03-13T12:15:00+00:00,23552.190000000002,23565.190000000002,23542.170000000002,23556.170000000002,2789
2026-03-13T12:30:00+00:00,23556.170000000002,23584.690000000002,23548.670000000002,23572.190000000002,3397
2026-03-13T12:45:00+00:00,23572.190000000002,23663.68,23571.170000000002,23605.670000000002,6963
2026-03-13T13:00:00+00:00,23605.670000000002,23623.190000000002,23577.690000000002,23601.190000000002,4530
2026-03-13T13:15:00+00:00,23601.190000000002,23632.670000000002,23582.170000000002,23631.690000000002,3376
2026-03-13T13:30:00+00:00,23631.690000000002,23723.18,23625.670000000002,23713.18,8053
2026-03-13T13:45:00+00:00,23713.18,23713.670000000002,23628.690000000002,23634.690000000002,6311
2026-03-13T14:00:00+00:00,23634.690000000002,23654.670000000002,23566.18,23584.190000000002,7076
2026-03-13T14:15:00+00:00,23584.190000000002,23597.190000000002,23552.68,23585.690000000002,6621
2026-03-13T14:30:00+00:00,23585.690000000002,23627.18,23519.18,23520.670000000002,6945
2026-03-13T14:45:00+00:00,23520.670000000002,23537.670000000002,23449.170000000002,23452.690000000002,8013
2026-03-13T15:00:00+00:00,23452.690000000002,23515.690000000002,23449.18,23514.670000000002,7893
2026-03-13T15:15:00+00:00,23514.670000000002,23516.670000000002,23427.170000000002,23444.190000000002,6815
2026-03-13T15:30:00+00:00,23444.190000000002,23459.68,23391.190000000002,23408.170000000002,6155
2026-03-13T15:45:00+00:00,23408.170000000002,23461.68,23368.170000000002,23373.190000000002,7090
2026-03-13T16:00:00+00:00,23373.190000000002,23390.690000000002,23348.68,23362.690000000002,6526
2026-03-13T16:15:00+00:00,23362.690000000002,23400.68,23338.68,23393.170000000002,6654
2026-03-13T16:30:00+00:00,23393.170000000002,23424.690000000002,23384.690000000002,23386.690000000002,7287
2026-03-13T16:45:00+00:00,23386.690000000002,23419.190000000002,23365.670000000002,23374.690000000002,4369
2026-03-13T17:00:00+00:00,23374.690000000002,23399.33,23357.33,23399.33,3501
2026-03-13T17:15:00+00:00,23399.33,23414.84,23363.84,23379.83,3893
2026-03-13T17:30:00+00:00,23379.83,23388.34,23361.820000000003,23374.83,4212
2026-03-13T17:45:00+00:00,23374.83,23384.84,23332.34,23341.320000000003,3396
2026-03-13T18:00:00+00:00,23341.320000000003,23354.34,23338.320000000003,23352.820000000003,2540
2026-03-13T18:15:00+00:00,23352.820000000003,23358.84,23325.33,23356.34,2135
2026-03-13T18:30:00+00:00,23356.34,23399.34,23349.820000000003,23395.320000000003,2209
2026-03-13T18:45:00+00:00,23395.320000000003,23401.84,23377.820000000003,23390.33,1954
2026-03-13T19:00:00+00:00,23390.33,23390.33,23361.820000000003,23371.33,1930
2026-03-13T19:15:00+00:00,23371.33,23380.34,23332.320000000003,23338.83,1802
2026-03-13T19:30:00+00:00,23338.83,23356.34,23317.33,23325.320000000003,1968
2026-03-13T19:45:00+00:00,23325.320000000003,23352.34,23313.83,23352.34,1631
2026-03-13T20:00:00+00:00,23352.34,23359.320000000003,23332.320000000003,23334.84,848
2026-03-13T20:15:00+00:00,23334.84,23345.320000000003,23331.33,23334.320000000003,412
2026-03-13T20:30:00+00:00,23334.320000000003,23340.33,23329.83,23330.83,232
2026-03-13T20:45:00+00:00,23330.83,23338.33,23295.320000000003,23298.33,527
2026-03-16T00:30:00+00:00,23298.33,23490.210000000003,23298.33,23478.440000000002,219
2026-03-16T00:45:00+00:00,23478.440000000002,23510.7,23474.45,23503.7,657
2026-03-16T01:00:00+00:00,23503.7,23521.2,23476.45,23482.2,1182
2026-03-16T01:15:00+00:00,23482.2,23502.210000000003,23448.710000000003,23448.710000000003,987
2026-03-16T01:30:00+00:00,23448.710000000003,23449.710000000003,23413.440000000002,23435.45,1425
2026-03-16T01:45:00+00:00,23435.45,23462.210000000003,23434.460000000003,23456.190000000002,938
2026-03-16T02:00:00+00:00,23456.190000000002,23457.710000000003,23423.45,23429.460000000003,970
2026-03-16T02:15:00+00:00,23429.460000000003,23443.7,23407.440000000002,23414.45,788
2026-03-16T02:30:00+00:00,23414.45,23418.45,23405.210000000003,23406.45,703
2026-03-16T02:45:00+00:00,23406.45,23420.460000000003,23402.440000000002,23415.440000000002,472
2026-03-16T03:00:00+00:00,23415.440000000002,23423.460000000003,23410.45,23410.460000000003,540
2026-03-16T03:15:00+00:00,23410.460000000003,23439.210000000003,23407.440000000002,23438.460000000003,353
2026-03-16T03:30:00+00:00,23438.460000000003,23481.710000000003,23438.460000000003,23478.190000000002,558
2026-03-16T03:45:00+00:00,23478.190000000002,23499.2,23478.190000000002,23496.210000000003,604
2026-03-16T04:00:00+00:00,23496.210000000003,23496.210000000003,23477.460000000003,23477.460000000003,357
2026-03-16T04:15:00+00:00,23477.460000000003,23491.2,23474.45,23478.460000000003,392
2026-03-16T04:30:00+00:00,23478.460000000003,23478.460000000003,23457.45,23458.45,246.0151858567543
2026-03-16T04:45:00+00:00,23458.45,23464.460000000003,23436.7,23437.210000000003,419
2026-03-16T05:00:00+00:00,23437.210000000003,23461.190000000002,23428.7,23460.710000000003,833
2026-03-16T05:15:00+00:00,23460.710000000003,23464.210000000003,23438.440000000002,23443.710000000003,429
2026-03-16T05:30:00+00:00,23443.710000000003,23465.190000000002,23425.460000000003,23464.210000000003,619
2026-03-16T05:45:00+00:00,23464.210000000003,23498.690000000002,23464.210000000003,23490.210000000003,557
2026-03-16T06:00:00+00:00,23490.210000000003,23506.7,23489.7,23502.210000000003,806
2026-03-16T06:15:00+00:00,23502.210000000003,23503.210000000003,23475.690000000002,23479.710000000003,410
2026-03-16T06:30:00+00:00,23479.710000000003,23494.7,23479.690000000002,23489.210000000003,460
2026-03-16T06:45:00+00:00,23489.210000000003,23527.7,23484.690000000002,23521.7,544
2026-03-16T07:00:00+00:00,23521.7,23523.210000000003,23487.710000000003,23488.210000000003,1739
2026-03-16T07:15:00+00:00,23488.210000000003,23488.210000000003,23452.190000000002,23457.190000000002,1455
2026-03-16T07:30:00+00:00,23457.190000000002,23462.210000000003,23416.710000000003,23442.2,1932
2026-03-16T07:45:00+00:00,23442.2,23454.7,23411.190000000002,23417.190000000002,2084
2026-03-16T08:00:00+00:00,23417.190000000002,23468.06,23398.54,23403.56,8207
2026-03-16T08:15:00+00:00,23403.56,23428.550000000003,23372.06,23398.550000000003,6810
2026-03-16T08:30:00+00:00,23398.550000000003,23423.56,23359.54,23365.56,5781
2026-03-16T08:45:00+00:00,23365.56,23423.06,23351.550000000003,23392.56,5035
2026-03-16T09:00:00+00:00,23392.56,23419.56,23335.550000000003,23408.550000000003,5667
2026-03-16T09:15:00+00:00,23408.550000000003,23409.56,23325.04,23351.56,4988
2026-03-16T09:30:00+00:00,23351.56,23351.56,23296.06,23312.04,4876
2026-03-16T09:45:00+00:00,23312.04,23362.06,23292.56,23303.06,4671
2026-03-16T10:00:00+00:00,23303.06,23344.54,23295.050000000003,23334.54,4861
2026-03-16T10:15:00+00:00,23334.54,23412.050000000003,23323.550000000003,23396.550000000003,4250
2026-03-16T10:30:00+00:00,23396.550000000003,23429.56,23385.550000000003,23412.54,4075
2026-03-16T10:45:00+00:00,23412.54,23459.56,23406.54,23459.050000000003,3127
2026-03-16T11:00:00+00:00,23459.050000000003,23478.050000000003,23446.54,23463.550000000003,2974
2026-03-16T11:15:00+00:00,23463.550000000003,23482.06,23452.06,23454.06,3214
2026-03-16T11:30:00+00:00,23454.06,23491.06,23432.06,23485.54,3016
2026-03-16T11:45:00+00:00,23485.54,23503.050000000003,23474.06,23500.050000000003,2624
2026-03-16T12:00:00+00:00,23500.050000000003,23555.050000000003,23496.54,23543.54,2782
2026-03-16T12:15:00+00:00,23543.54,23548.06,23519.54,23526.45,2336
2026-03-16T12:30:00+00:00,23526.45,23571.56,23526.45,23568.050000000003,2796
2026-03-16T12:45:00+00:00,23568.050000000003,23583.56,23529.050000000003,23535.04,3171
2026-03-16T13:00:00+00:00,23535.04,23569.06,23535.04,23554.550000000003,3232
2026-03-16T13:15:00+00:00,23554.550000000003,23577.54,23546.550000000003,23565.56,3117
2026-03-16T13:30:00+00:00,23565.56,23611.56,23551.54,23609.06,4380
2026-03-16T13:45:00+00:00,23609.06,23640.54,23590.06,23638.56,4474
2026-03-16T14:00:00+00:00,23638.56,23663.54,23617.54,23632.06,4964
2026-03-16T14:15:00+00:00,23632.06,23636.56,23592.54,23592.56,4557
2026-03-16T14:30:00+00:00,23592.56,23596.050000000003,23526.54,23549.050000000003,5420
2026-03-16T14:45:00+00:00,23549.050000000003,23614.550000000003,23542.050000000003,23613.550000000003,4526
2026-03-16T15:00:00+00:00,23613.550000000003,23618.050000000003,23582.550000000003,23607.54,5006
2026-03-16T15:15:00+00:00,23607.54,23634.06,23596.06,23629.04,3572
2026-03-16T15:30:00+00:00,23629.04,23656.050000000003,23626.54,23638.04,2979
2026-03-16T15:45:00+00:00,23638.04,23648.56,23577.04,23577.050000000003,3798
2026-03-16T16:00:00+00:00,23577.050000000003,23584.06,23546.06,23573.050000000003,4255
2026-03-16T16:15:00+00:00,23573.050000000003,23600.06,23523.04,23525.050000000003,4658
2026-03-16T16:30:00+00:00,23525.050000000003,23579.550000000003,23520.54,23561.06,4486
2026-03-16T16:45:00+00:00,23561.06,23565.04,23531.550000000003,23533.050000000003,3442
2026-03-16T17:00:00+00:00,23533.050000000003,23577.210000000003,23532.190000000002,23564.7,3399
2026-03-16T17:15:00+00:00,23564.7,23581.7,23547.690000000002,23568.690000000002,2612
2026-03-16T17:30:00+00:00,23568.690000000002,23584.210000000003,23540.690000000002,23541.710000000003,2187
2026-03-16T17:45:00+00:00,23541.710000000003,23560.7,23520.690000000002,23543.2,2443
2026-03-16T18:00:00+00:00,23543.2,23586.190000000002,23541.7,23569.190000000002,1978
2026-03-16T18:15:00+00:00,23569.190000000002,23594.2,23566.710000000003,23583.190000000002,1871
2026-03-16T18:30:00+00:00,23583.190000000002,23586.210000000003,23570.7,23583.2,1391
2026-03-16T18:45:00+00:00,23583.2,23591.210000000003,23577.210000000003,23583.210000000003,1047
2026-03-16T19:00:00+00:00,23583.210000000003,23633.2,23571.7,23589.690000000002,2337
2026-03-16T19:15:00+00:00,23589.690000000002,23603.690000000002,23569.190000000002,23582.710000000003,2570
2026-03-16T19:30:00+00:00,23582.710000000003,23597.190000000002,23559.190000000002,23563.690000000002,1751
2026-03-16T19:45:00+00:00,23563.690000000002,23605.7,23556.190000000002,23599.190000000002,2049
2026-03-16T20:00:00+00:00,23599.190000000002,23603.210000000003,23586.690000000002,23591.7,681
2026-03-16T20:15:00+00:00,23591.7,23591.7,23573.190000000002,23574.190000000002,417
2026-03-16T20:30:00+00:00,23574.190000000002,23586.2,23570.2,23576.210000000003,368
2026-03-16T20:45:00+00:00,23576.210000000003,23587.210000000003,23571.190000000002,23576.440000000002,553
2026-03-17T00:30:00+00:00,23576.440000000002,23576.440000000002,23508.670000000002,23511.920000000002,264
2026-03-17T00:45:00+00:00,23511.920000000002,23515.940000000002,23487.670000000002,23501.940000000002,532
2026-03-17T01:00:00+00:00,23501.940000000002,23518.940000000002,23498.440000000002,23513.93,640
2026-03-17T01:15:00+00:00,23513.93,23527.93,23510.670000000002,23527.93,472
2026-03-17T01:30:00+00:00,23527.93,23550.920000000002,23505.690000000002,23513.920000000002,681
2026-03-17T01:45:00+00:00,23513.920000000002,23540.920000000002,23502.690000000002,23533.940000000002,428
2026-03-17T02:00:00+00:00,23533.940000000002,23536.93,23522.68,23532.420000000002,351
2026-03-17T02:15:00+00:00,23532.420000000002,23534.940000000002,23519.920000000002,23528.440000000002,385
2026-03-17T02:30:00+00:00,23528.440000000002,23539.940000000002,23526.420000000002,23533.43,387
2026-03-17T02:45:00+00:00,23533.43,23535.440000000002,23509.68,23511.420000000002,440
2026-03-17T03:00:00+00:00,23511.420000000002,23521.420000000002,23499.690000000002,23521.420000000002,343
2026-03-17T03:15:00+00:00,23521.420000000002,23537.43,23521.420000000002,23526.420000000002,393
2026-03-17T03:30:00+00:00,23526.420000000002,23532.940000000002,23508.43,23512.93,591
2026-03-17T03:45:00+00:00,23512.93,23518.940000000002,23500.43,23504.940000000002,326
2026-03-17T04:00:00+00:00,23504.940000000002,23505.940000000002,23488.940000000002,23499.420000000002,349
2026-03-17T04:15:00+00:00,23499.420000000002,23507.420000000002,23492.68,23505.93,268
2026-03-17T04:30:00+00:00,23505.93,23519.690000000002,23504.68,23516.440000000002,267
2026-03-17T04:45:00+00:00,23516.440000000002,23530.920000000002,23516.440000000002,23520.420000000002,213
2026-03-17T05:00:00+00:00,23520.420000000002,23522.420000000002,23506.420000000002,23518.440000000002,294
2026-03-17T05:15:00+00:00,23518.440000000002,23521.93,23507.68,23512.440000000002,304
2026-03-17T05:30:00+00:00,23512.440000000002,23514.93,23483.690000000002,23487.440000000002,364
2026-03-17T05:45:00+00:00,23487.440000000002,23487.940000000002,23401.920000000002,23402.920000000002,616
2026-03-17T06:00:00+00:00,23402.920000000002,23407.43,23370.420000000002,23385.940000000002,1521
2026-03-17T06:15:00+00:00,23385.940000000002,23409.43,23370.440000000002,23402.420000000002,1043
2026-03-17T06:30:00+00:00,23402.420000000002,23424.420000000002,23385.940000000002,23420.920000000002,875
2026-03-17T06:45:00+00:00,23420.920000000002,23420.920000000002,23395.420000000002,23414.420000000002,634
2026-03-17T07:00:00+00:00,23414.420000000002,23454.440000000002,23397.440000000002,23429.920000000002,1937
2026-03-17T07:15:00+00:00,23429.920000000002,23495.440000000002,23425.43,23465.420000000002,1384
2026-03-17T07:30:00+00:00,23465.420000000002,23495.43,23463.93,23474.440000000002,1088
2026-03-17T07:45:00+00:00,23474.440000000002,23475.940000000002,23444.440000000002,23461.920000000002,1490
2026-03-17T08:00:00+00:00,23461.920000000002,23494.780000000002,23440.280000000002,23450.29,6984
2026-03-17T08:15:00+00:00,23450.29,23492.79,23438.27,23441.27,5947
2026-03-17T08:30:00+00:00,23441.27,23511.280000000002,23427.27,23502.280000000002,4964
2026-03-17T08:45:00+00:00,23502.280000000002,23511.79,23419.280000000002,23464.780000000002,4224
2026-03-17T09:00:00+00:00,23464.780000000002,23520.280000000002,23464.780000000002,23488.77,4301
2026-03-17T09:15:00+00:00,23488.77,23576.780000000002,23486.77,23575.77,4078
2026-03-17T09:30:00+00:00,23575.77,23611.780000000002,23569.77,23606.780000000002,4413
2026-03-17T09:45:00+00:00,23606.780000000002,23615.780000000002,23575.280000000002,23598.29,2982
2026-03-17T10:00:00+00:00,23598.29,23598.79,23530.77,23546.780000000002,3272
2026-03-17T10:15:00+00:00,23546.780000000002,23552.29,23492.780000000002,23511.780000000002,4130
2026-03-17T10:30:00+00:00,23511.780000000002,23556.77,23509.77,23544.29,4192
2026-03-17T10:45:00+00:00,23544.29,23559.77,23515.77,23556.280000000002,3946
2026-03-17T11:00:00+00:00,23556.280000000002,23580.79,23554.77,23566.79,3434
2026-03-17T11:15:00+00:00,23566.79,23601.29,23566.77,23583.27,2962
2026-03-17T11:30:00+00:00,23583.27,23593.29,23553.280000000002,23588.77,3142
2026-03-17T11:45:00+00:00,23588.77,23594.79,23557.27,23557.280000000002,2867
2026-03-17T12:00:00+00:00,23557.280000000002,23637.79,23556.280000000002,23630.79,3100
2026-03-17T12:15:00+00:00,23630.79,23651.79,23626.780000000002,23650.280000000002,2881
2026-03-17T12:30:00+00:00,23650.280000000002,23667.29,23613.27,23621.77,2977
2026-03-17T12:45:00+00:00,23621.77,23644.79,23613.27,23644.77,2878
2026-03-17T13:00:00+00:00,23644.77,23693.29,23641.77,23687.29,3071
2026-03-17T13:15:00+00:00,23687.29,23712.79,23680.27,23705.780000000002,2912
2026-03-17T13:30:00+00:00,23705.780000000002,23756.31,23702.79,23728.29,5320
2026-03-17T13:45:00+00:00,23728.29,23748.800000000003,23713.79,23720.300000000003,4374
2026-03-17T14:00:00+00:00,23720.300000000003,23749.31,23701.79,23701.79,4475
2026-03-17T14:15:00+00:00,23701.79,23727.81,23685.800000000003,23697.81,4787
2026-03-17T14:30:00+00:00,23697.81,23749.300000000003,23688.79,23745.800000000003,3923
2026-03-17T14:45:00+00:00,23745.800000000003,23782.31,23744.800000000003,23779.31,3588
2026-03-17T15:00:00+00:00,23779.31,23787.800000000003,23712.29,23724.31,5322
2026-03-17T15:15:00+00:00,23724.31,23751.31,23707.79,23713.81,4729
2026-03-17T15:30:00+00:00,23713.81,23719.31,23663.79,23703.800000000003,5500
2026-03-17T15:45:00+00:00,23703.800000000003,23724.800000000003,23692.79,23705.79,4354
2026-03-17T16:00:00+00:00,23705.79,23707.81,23645.800000000003,23673.31,4928
2026-03-17T16:15:00+00:00,23673.31,23700.81,23665.79,23684.81,5050
2026-03-17T16:30:00+00:00,23684.81,23707.81,23661.31,23707.300000000003,5227
2026-03-17T16:45:00+00:00,23707.300000000003,23707.81,23664.300000000003,23665.81,3247
2026-03-17T17:00:00+00:00,23665.81,23712.460000000003,23664.45,23697.45,2276
2026-03-17T17:15:00+00:00,23697.45,23702.460000000003,23686.440000000002,23691.45,2164
2026-03-17T17:30:00+00:00,23691.45,23700.440000000002,23674.45,23677.440000000002,2112
2026-03-17T17:45:00+00:00,23677.440000000002,23702.45,23672.45,23691.440000000002,1735
2026-03-17T18:00:00+00:00,23691.440000000002,23698.460000000003,23673.95,23685.45,1306
2026-03-17T18:15:00+00:00,23685.45,23686.460000000003,23638.940000000002,23638.940000000002,1711
2026-03-17T18:30:00+00:00,23638.940000000002,23654.440000000002,23636.460000000003,23647.940000000002,1463
2026-03-17T18:45:00+00:00,23647.940000000002,23667.95,23647.940000000002,23664.940000000002,1252
2026-03-17T19:00:00+00:00,23664.940000000002,23666.460000000003,23647.940000000002,23660.960000000003,1201
2026-03-17T19:15:00+00:00,23660.960000000003,23671.460000000003,23651.440000000002,23654.45,1071
2026-03-17T19:30:00+00:00,23654.45,23661.440000000002,23641.940000000002,23645.95,1302
2026-03-17T19:45:00+00:00,23645.95,23670.45,23645.95,23664.95,1657
2026-03-17T20:00:00+00:00,23664.95,23676.45,23664.440000000002,23672.45,551
2026-03-17T20:15:00+00:00,23672.45,23673.460000000003,23666.940000000002,23667.45,274
2026-03-17T20:30:00+00:00,23667.45,23673.95,23667.440000000002,23668.940000000002,155.53167185877467
2026-03-17T20:45:00+00:00,23668.940000000002,23668.940000000002,23648.460000000003,23668.190000000002,711
2026-03-18T00:30:00+00:00,23668.190000000002,23674.940000000002,23662.68,23674.200000000004,201
2026-03-18T00:45:00+00:00,23674.200000000004,23706.210000000003,23674.200000000004,23703.190000000002,454
2026-03-18T01:00:00+00:00,23703.190000000002,23731.690000000002,23703.190000000002,23729.700000000004,504
2026-03-18T01:15:00+00:00,23729.700000000004,23733.710000000003,23721.210000000003,23722.210000000003,295
2026-03-18T01:30:00+00:00,23722.210000000003,23730.700000000004,23717.190000000002,23729.690000000002,294
2026-03-18T01:45:00+00:00,23729.690000000002,23729.710000000003,23710.200000000004,23718.710000000003,309
2026-03-18T02:00:00+00:00,23718.710000000003,23731.690000000002,23712.690000000002,23730.700000000004,442
2026-03-18T02:15:00+00:00,23730.700000000004,23742.210000000003,23726.950000000004,23740.190000000002,323
2026-03-18T02:30:00+00:00,23740.190000000002,23744.700000000004,23736.190000000002,23736.700000000004,307
2026-03-18T02:45:00+00:00,23736.700000000004,23746.190000000002,23736.190000000002,23737.200000000004,282
2026-03-18T03:00:00+00:00,23737.200000000004,23747.200000000004,23737.190000000002,23746.210000000003,189
2026-03-18T03:15:00+00:00,23746.210000000003,23753.700000000004,23739.950000000004,23749.210000000003,197
2026-03-18T03:30:00+00:00,23749.210000000003,23751.700000000004,23745.690000000002,23749.700000000004,276
2026-03-18T03:45:00+00:00,23749.700000000004,23780.210000000003,23749.700000000004,23770.710000000003,347
2026-03-18T04:00:00+00:00,23770.710000000003,23791.700000000004,23770.710000000003,23790.210000000003,284
2026-03-18T04:15:00+00:00,23790.210000000003,23793.710000000003,23781.690000000002,23782.200000000004,255
2026-03-18T04:30:00+00:00,23782.200000000004,23787.210000000003,23781.200000000004,23785.700000000004,172.21111571961842
2026-03-18T04:45:00+00:00,23785.700000000004,23805.690000000002,23785.210000000003,23796.210000000003,242
2026-03-18T05:00:00+00:00,23796.210000000003,23802.200000000004,23789.690000000002,23795.200000000004,337
2026-03-18T05:15:00+00:00,23795.200000000004,23814.190000000002,23793.700000000004,23809.200000000004,303
2026-03-18T05:30:00+00:00,23809.200000000004,23832.210000000003,23808.690000000002,23827.190000000002,338
2026-03-18T05:45:00+00:00,23827.190000000002,23849.190000000002,23825.710000000003,23845.210000000003,266
2026-03-18T06:00:00+00:00,23845.210000000003,23867.690000000002,23841.190000000002,23847.690000000002,441
2026-03-18T06:15:00+00:00,23847.690000000002,23876.190000000002,23839.700000000004,23869.690000000002,605
2026-03-18T06:30:00+00:00,23869.690000000002,23877.210000000003,23849.710000000003,23871.210000000003,791
2026-03-18T06:45:00+00:00,23871.210000000003,23879.200000000004,23861.210000000003,23873.690000000002,563
2026-03-18T07:00:00+00:00,23873.690000000002,23890.710000000003,23840.690000000002,23845.710000000003,1349
2026-03-18T07:15:00+00:00,23845.710000000003,23855.690000000002,23828.200000000004,23845.200000000004,940
2026-03-18T07:30:00+00:00,23845.200000000004,23849.710000000003,23813.700000000004,23818.700000000004,1164
2026-03-18T07:45:00+00:00,23818.700000000004,23818.700000000004,23784.200000000004,23804.190000000002,1776
2026-03-18T08:00:00+00:00,23804.190000000002,23844.050000000003,23763.540000000005,23838.040000000005,6152
2026-03-18T08:15:00+00:00,23838.040000000005,23852.060000000005,23787.060000000005,23787.550000000003,4670
2026-03-18T08:30:00+00:00,23787.550000000003,23810.550000000003,23773.040000000005,23801.040000000005,5286
2026-03-18T08:45:00+00:00,23801.040000000005,23839.060000000005,23783.550000000003,23836.060000000005,4205
2026-03-18T09:00:00+00:00,23836.060000000005,23858.560000000005,23814.060000000005,23819.540000000005,4381
2026-03-18T09:15:00+00:00,23819.540000000005,23863.550000000003,23815.540000000005,23858.060000000005,3743
2026-03-18T09:30:00+00:00,23858.060000000005,23894.060000000005,23848.040000000005,23893.060000000005,2503
2026-03-18T09:45:00+00:00,23893.060000000005,23900.050000000003,23861.060000000005,23867.540000000005,2601
2026-03-18T10:00:00+00:00,23867.540000000005,23905.060000000005,23866.550000000003,23887.040000000005,2852
2026-03-18T10:15:00+00:00,23887.040000000005,23917.560000000005,23876.540000000005,23889.050000000003,2496
2026-03-18T10:30:00+00:00,23889.050000000003,23906.060000000005,23873.550000000003,23874.540000000005,2574
2026-03-18T10:45:00+00:00,23874.540000000005,23879.060000000005,23854.560000000005,23857.060000000005,2923
2026-03-18T11:00:00+00:00,23857.060000000005,23892.560000000005,23848.560000000005,23890.050000000003,2741
2026-03-18T11:15:00+00:00,23890.050000000003,23911.560000000005,23799.560000000005,23802.040000000005,4590
2026-03-18T11:30:00+00:00,23802.040000000005,23848.060000000005,23793.050000000003,23833.060000000005,4789
2026-03-18T11:45:00+00:00,23833.060000000005,23837.040000000005,23803.050000000003,23804.560000000005,4070
2026-03-18T12:00:00+00:00,23804.560000000005,23813.040000000005,23724.540000000005,23755.540000000005,5174
2026-03-18T12:15:00+00:00,23755.540000000005,23756.060000000005,23655.050000000003,23703.950000000004,4661
2026-03-18T12:30:00+00:00,23703.950000000004,23704.560000000005,23595.050000000003,23615.050000000003,6243
2026-03-18T12:45:00+00:00,23615.050000000003,23621.050000000003,23553.540000000005,23567.060000000005,8743
2026-03-18T13:00:00+00:00,23567.060000000005,23599.040000000005,23539.550000000003,23542.540000000005,8607
2026-03-18T13:15:00+00:00,23542.540000000005,23618.550000000003,23514.060000000005,23593.560000000005,5882
2026-03-18T13:30:00+00:00,23593.560000000005,23630.040000000005,23572.060000000005,23589.550000000003,8011
2026-03-18T13:45:00+00:00,23589.550000000003,23614.040000000005,23536.040000000005,23562.060000000005,6921
2026-03-18T14:00:00+00:00,23562.060000000005,23609.050000000003,23517.540000000005,23522.560000000005,8076
2026-03-18T14:15:00+00:00,23522.560000000005,23537.060000000005,23480.040000000005,23497.060000000005,6965
2026-03-18T14:30:00+00:00,23497.060000000005,23523.050000000003,23434.040000000005,23446.060000000005,6624
2026-03-18T14:45:00+00:00,23446.060000000005,23470.050000000003,23408.040000000005,23469.060000000005,6720
2026-03-18T15:00:00+00:00,23469.060000000005,23536.560000000005,23464.540000000005,23514.560000000005,6239
2026-03-18T15:15:00+00:00,23514.560000000005,23523.550000000003,23452.050000000003,23492.560000000005,5914
2026-03-18T15:30:00+00:00,23492.560000000005,23510.050000000003,23447.040000000005,23469.060000000005,5645
2026-03-18T15:45:00+00:00,23469.060000000005,23485.060000000005,23440.540000000005,23467.560000000005,5535
2026-03-18T16:00:00+00:00,23467.560000000005,23488.040000000005,23440.550000000003,23480.060000000005,5084
2026-03-18T16:15:00+00:00,23480.060000000005,23505.060000000005,23456.550000000003,23486.040000000005,4509
2026-03-18T16:30:00+00:00,23486.040000000005,23494.050000000003,23448.040000000005,23452.550000000003,5073
2026-03-18T16:45:00+00:00,23452.550000000003,23482.060000000005,23447.050000000003,23462.550000000003,2891
2026-03-18T17:00:00+00:00,23462.550000000003,23467.190000000002,23428.690000000002,23438.710000000003,3245
2026-03-18T17:15:00+00:00,23438.710000000003,23475.210000000003,23436.690000000002,23455.210000000003,2585
2026-03-18T17:30:00+00:00,23455.210000000003,23477.710000000003,23442.690000000002,23470.690000000002,2813
2026-03-18T17:45:00+00:00,23470.690000000002,23498.210000000003,23469.700000000004,23478.940000000002,2278
2026-03-18T18:00:00+00:00,23478.940000000002,23507.210000000003,23472.200000000004,23479.700000000004,3016
2026-03-18T18:15:00+00:00,23479.700000000004,23479.700000000004,23422.700000000004,23441.190000000002,4042
2026-03-18T18:30:00+00:00,23441.190000000002,23453.690000000002,23362.210000000003,23407.200000000004,5159
2026-03-18T18:45:00+00:00,23407.200000000004,23414.210000000003,23344.700000000004,23346.210000000003,3660
2026-03-18T19:00:00+00:00,23346.210000000003,23365.710000000003,23322.700000000004,23350.190000000002,3700
2026-03-18T19:15:00+00:00,23350.190000000002,23353.190000000002,23274.200000000004,23290.710000000003,3063
2026-03-18T19:30:00+00:00,23290.710000000003,23296.200000000004,23220.700000000004,23234.200000000004,3559
2026-03-18T19:45:00+00:00,23234.200000000004,23246.700000000004,23196.700000000004,23215.700000000004,3556
2026-03-18T20:00:00+00:00,23215.700000000004,23225.190000000002,23174.690000000002,23176.210000000003,1539
2026-03-18T20:15:00+00:00,23176.210000000003,23176.210000000003,23085.200000000004,23103.710000000003,1807
2026-03-18T20:30:00+00:00,23103.710000000003,23131.210000000003,23076.710000000003,23127.210000000003,1167
2026-03-18T20:45:00+00:00,23127.210000000003,23132.710000000003,23093.690000000002,23104.950000000004,1254
2026-03-19T00:30:00+00:00,23104.950000000004,23116.240000000005,23048.000000000004,23048.010000000006,416
2026-03-19T00:45:00+00:00,23048.010000000006,23095.000000000004,23044.240000000005,23089.510000000006,427
2026-03-19T01:00:00+00:00,23089.510000000006,23100.500000000004,23075.240000000005,23083.260000000006,390
2026-03-19T01:15:00+00:00,23083.260000000006,23150.990000000005,23083.260000000006,23149.260000000006,353
2026-03-19T01:30:00+00:00,23149.260000000006,23168.010000000006,23139.250000000004,23150.240000000005,651
2026-03-19T01:45:00+00:00,23150.240000000005,23170.990000000005,23137.250000000004,23138.260000000006,476
2026-03-19T02:00:00+00:00,23138.260000000006,23208.990000000005,23114.240000000005,23197.240000000005,684
2026-03-19T02:15:00+00:00,23197.240000000005,23214.250000000004,23181.240000000005,23207.240000000005,436
2026-03-19T02:30:00+00:00,23207.240000000005,23228.260000000006,23206.250000000004,23207.250000000004,348
2026-03-19T02:45:00+00:00,23207.250000000004,23209.990000000005,23188.240000000005,23193.260000000006,235
2026-03-19T03:00:00+00:00,23193.260000000006,23207.250000000004,23188.240000000005,23205.240000000005,228
2026-03-19T03:15:00+00:00,23205.240000000005,23205.260000000006,23186.260000000006,23198.500000000004,221
2026-03-19T03:30:00+00:00,23198.500000000004,23203.260000000006,23181.240000000005,23203.260000000006,256
2026-03-19T03:45:00+00:00,23203.260000000006,23215.000000000004,23182.240000000005,23182.240000000005,233.13201320132015
2026-03-19T04:00:00+00:00,23182.240000000005,23182.240000000005,23129.240000000005,23134.260000000006,352
2026-03-19T04:15:00+00:00,23134.260000000006,23135.260000000006,23091.240000000005,23107.000000000004,306
2026-03-19T04:30:00+00:00,23107.000000000004,23108.260000000006,23070.000000000004,23077.260000000006,220
2026-03-19T04:45:00+00:00,23077.260000000006,23080.260000000006,23053.250000000004,23080.250000000004,471
2026-03-19T05:00:00+00:00,23080.250000000004,23094.240000000005,23066.250000000004,23084.750000000004,72.04029189664612
2026-03-19T05:15:00+00:00,23084.750000000004,23111.740000000005,23084.750000000004,23088.760000000006,69.10769430950728
2026-03-19T05:30:00+00:00,23088.760000000006,23088.760000000006,23027.740000000005,23027.740000000005,103
2026-03-19T05:45:00+00:00,23027.740000000005,23049.760000000006,23027.740000000005,23030.740000000005,346
2026-03-19T06:00:00+00:00,23030.740000000005,23083.500000000004,23030.740000000005,23083.500000000004,377
2026-03-19T06:15:00+00:00,23083.500000000004,23117.490000000005,23072.750000000004,23072.750000000004,372
2026-03-19T06:30:00+00:00,23072.750000000004,23114.760000000006,23064.740000000005,23113.490000000005,307
2026-03-19T06:45:00+00:00,23113.490000000005,23115.500000000004,23040.760000000006,23065.750000000004,420
2026-03-19T07:00:00+00:00,23065.750000000004,23092.500000000004,23002.750000000004,23064.000000000004,1657
2026-03-19T07:15:00+00:00,23064.000000000004,23148.000000000004,23061.490000000005,23125.000000000004,2375
2026-03-19T07:30:00+00:00,23125.000000000004,23132.990000000005,23068.500000000004,23080.490000000005,2320
2026-03-19T07:45:00+00:00,23080.490000000005,23119.510000000006,23070.000000000004,23107.490000000005,3041
2026-03-19T08:00:00+00:00,23107.490000000005,23168.360000000004,23092.360000000004,23141.850000000006,8365
2026-03-19T08:15:00+00:00,23141.850000000006,23154.360000000004,22975.850000000006,23006.740000000005,7697
2026-03-19T08:30:00+00:00,23006.740000000005,23047.860000000004,22919.350000000006,22920.360000000004,9949
2026-03-19T08:45:00+00:00,22920.360000000004,22971.860000000004,22902.350000000006,22940.360000000004,9670
2026-03-19T09:00:00+00:00,22940.360000000004,23013.840000000004,22940.360000000004,22997.860000000004,9215
2026-03-19T09:15:00+00:00,22997.860000000004,23024.350000000006,22832.750000000004,22880.860000000004,10599
2026-03-19T09:30:00+00:00,22880.860000000004,22951.350000000006,22857.860000000004,22900.340000000004,9504
2026-03-19T09:45:00+00:00,22900.340000000004,23037.860000000004,22885.340000000004,23015.360000000004,8535
2026-03-19T10:00:00+00:00,23015.360000000004,23015.360000000004,22950.340000000004,22960.360000000004,6847
2026-03-19T10:15:00+00:00,22960.360000000004,22964.350000000006,22923.350000000006,22940.350000000006,6044
2026-03-19T10:30:00+00:00,22940.350000000006,22957.350000000006,22900.350000000006,22921.840000000004,5881
2026-03-19T10:45:00+00:00,22921.840000000004,22943.850000000006,22894.340000000004,22910.840000000004,5480
2026-03-19T11:00:00+00:00,22910.840000000004,22942.360000000004,22891.840000000004,22918.350000000006,5390
2026-03-19T11:15:00+00:00,22918.350000000006,22923.360000000004,22866.850000000006,22902.860000000004,4739
2026-03-19T11:30:00+00:00,22902.860000000004,22923.340000000004,22865.360000000004,22883.860000000004,4541
2026-03-19T11:45:00+00:00,22883.860000000004,22948.350000000006,22872.350000000006,22922.760000000006,3972
2026-03-19T12:00:00+00:00,22922.760000000006,22943.860000000004,22857.740000000005,22875.860000000004,5099
2026-03-19T12:15:00+00:00,22875.860000000004,22886.340000000004,22797.740000000005,22801.750000000004,5178
2026-03-19T12:30:00+00:00,22801.750000000004,22841.360000000004,22770.850000000006,22833.850000000006,6460
2026-03-19T12:45:00+00:00,22833.850000000006,22839.350000000006,22767.860000000004,22801.840000000004,6569
2026-03-19T13:00:00+00:00,22801.840000000004,22811.840000000004,22754.860000000004,22764.850000000006,5932
2026-03-19T13:15:00+00:00,22764.850000000006,22877.350000000006,22735.760000000006,22769.840000000004,8115
2026-03-19T13:30:00+00:00,22769.840000000004,22864.360000000004,22757.340000000004,22859.360000000004,14548
2026-03-19T13:45:00+00:00,22859.360000000004,22956.860000000004,22831.350000000006,22937.760000000006,9271
2026-03-19T14:00:00+00:00,22937.760000000006,22982.350000000006,22914.360000000004,22928.350000000006,7706
2026-03-19T14:15:00+00:00,22928.350000000006,22941.840000000004,22836.350000000006,22858.840000000004,7942
2026-03-19T14:30:00+00:00,22858.840000000004,22924.360000000004,22845.840000000004,22903.340000000004,8612
2026-03-19T14:45:00+00:00,22903.340000000004,22913.350000000006,22853.340000000004,22855.360000000004,7891
2026-03-19T15:00:00+00:00,22855.360000000004,22963.340000000004,22854.850000000006,22943.360000000004,6870
2026-03-19T15:15:00+00:00,22943.360000000004,22975.350000000006,22852.340000000004,22878.340000000004,6762
2026-03-19T15:30:00+00:00,22878.340000000004,22881.350000000006,22828.340000000004,22847.850000000006,6048
2026-03-19T15:45:00+00:00,22847.850000000006,22924.350000000006,22832.340000000004,22905.360000000004,6829
2026-03-19T16:00:00+00:00,22905.360000000004,22958.850000000006,22867.360000000004,22884.840000000004,6532
2026-03-19T16:15:00+00:00,22884.840000000004,22898.850000000006,22817.360000000004,22830.350000000006,7621
2026-03-19T16:30:00+00:00,22830.350000000006,22856.350000000006,22798.350000000006,22831.840000000004,6964
2026-03-19T16:45:00+00:00,22831.840000000004,22837.860000000004,22761.850000000006,22789.360000000004,4096
2026-03-19T17:00:00+00:00,22789.360000000004,22796.010000000006,22701.740000000005,22717.490000000005,2320
2026-03-19T17:15:00+00:00,22717.490000000005,22812.500000000004,22701.750000000004,22806.990000000005,3113
2026-03-19T17:30:00+00:00,22806.990000000005,22817.510000000006,22766.490000000005,22777.000000000004,2781
2026-03-19T17:45:00+00:00,22777.000000000004,22793.510000000006,22762.490000000005,22773.990000000005,2479
2026-03-19T18:00:00+00:00,22773.990000000005,22823.510000000006,22749.740000000005,22818.750000000004,1289
2026-03-19T18:15:00+00:00,22818.750000000004,22833.510000000006,22776.740000000005,22777.500000000004,889
2026-03-19T18:30:00+00:00,22777.500000000004,22778.010000000006,22739.750000000004,22761.490000000005,1100
2026-03-19T18:45:00+00:00,22761.490000000005,22834.750000000004,22749.740000000005,22824.760000000006,742
2026-03-19T19:00:00+00:00,22824.760000000006,23063.740000000005,22822.750000000004,23049.740000000005,2078
2026-03-19T19:15:00+00:00,23049.740000000005,23102.760000000006,22951.760000000006,22980.740000000005,2124
2026-03-19T19:30:00+00:00,22980.740000000005,23025.510000000006,22939.740000000005,23024.510000000006,1102
2026-03-19T19:45:00+00:00,23024.510000000006,23025.490000000005,22953.750000000004,22967.740000000005,881
2026-03-19T20:00:00+00:00,22967.740000000005,23012.750000000004,22954.740000000005,23012.750000000004,374
2026-03-19T20:15:00+00:00,23012.750000000004,23025.010000000006,22992.750000000004,22997.760000000006,295
2026-03-19T20:30:00+00:00,22997.760000000006,23007.510000000006,22977.740000000005,23005.750000000004,324
2026-03-19T20:45:00+00:00,23005.750000000004,23021.500000000004,22950.740000000005,22958.260000000006,559
2026-03-20T00:30:00+00:00,22958.260000000006,23000.510000000006,22941.760000000006,22982.260000000006,263.8692076705833
2026-03-20T00:45:00+00:00,22982.260000000006,22986.270000000004,22967.280000000002,22978.280000000002,403
2026-03-20T01:00:00+00:00,22978.280000000002,23013.510000000006,22965.260000000006,23006.270000000004,931
2026-03-20T01:15:00+00:00,23006.270000000004,23012.520000000004,22982.260000000006,23010.280000000002,1171
2026-03-20T01:30:00+00:00,23010.280000000002,23044.020000000004,23010.280000000002,23038.270000000004,838
2026-03-20T01:45:00+00:00,23038.270000000004,23052.280000000002,22999.260000000006,23017.530000000002,572
2026-03-20T02:00:00+00:00,23017.530000000002,23018.280000000002,23000.260000000006,23005.260000000006,775
2026-03-20T02:15:00+00:00,23005.260000000006,23012.270000000004,22996.260000000006,23002.270000000004,770
2026-03-20T02:30:00+00:00,23002.270000000004,23018.020000000004,22992.270000000004,23003.010000000006,843
2026-03-20T02:45:00+00:00,23003.010000000006,23013.030000000002,22992.260000000006,22992.280000000002,754
2026-03-20T03:00:00+00:00,22992.280000000002,22994.280000000002,22969.020000000004,22988.020000000004,699
2026-03-20T03:15:00+00:00,22988.020000000004,22990.260000000006,22968.270000000004,22975.260000000006,135.13968957871396
2026-03-20T03:30:00+00:00,22975.260000000006,23001.030000000002,22975.260000000006,22981.530000000002,558
2026-03-20T03:45:00+00:00,22981.530000000002,22987.020000000004,22965.020000000004,22972.260000000006,573
2026-03-20T04:00:00+00:00,22972.260000000006,22988.030000000002,22964.270000000004,22972.270000000004,491
2026-03-20T04:15:00+00:00,22972.270000000004,22972.270000000004,22960.260000000006,22966.530000000002,273
2026-03-20T04:30:00+00:00,22966.530000000002,22971.020000000004,22960.260000000006,22960.280000000002,302
2026-03-20T04:45:00+00:00,22960.280000000002,22961.280000000002,22942.260000000006,22948.280000000002,594.2990954187336
2026-03-20T05:00:00+00:00,22948.280000000002,22948.280000000002,22917.270000000004,22933.020000000004,721
2026-03-20T05:15:00+00:00,22933.020000000004,22962.030000000002,22929.270000000004,22960.030000000002,687
2026-03-20T05:30:00+00:00,22960.030000000002,22966.530000000002,22945.260000000006,22962.520000000004,709
2026-03-20T05:45:00+00:00,22962.520000000004,22979.030000000002,22959.260000000006,22963.280000000002,613
2026-03-20T06:00:00+00:00,22963.280000000002,22984.010000000006,22955.030000000002,22962.510000000006,591
2026-03-20T06:15:00+00:00,22962.510000000006,22963.020000000004,22930.030000000002,22940.530000000002,625
2026-03-20T06:30:00+00:00,22940.530000000002,22959.020000000004,22920.260000000006,22931.260000000006,797
2026-03-20T06:45:00+00:00,22931.260000000006,22936.530000000002,22905.520000000004,22920.020000000004,474
2026-03-20T07:00:00+00:00,22920.020000000004,22920.020000000004,22866.020000000004,22904.020000000004,1966
2026-03-20T07:15:00+00:00,22904.020000000004,22983.030000000002,22904.020000000004,22976.520000000004,1723
2026-03-20T07:30:00+00:00,22976.520000000004,23026.010000000006,22972.020000000004,23020.530000000002,1725
2026-03-20T07:45:00+00:00,23020.530000000002,23039.530000000002,23006.520000000004,23033.520000000004,2312
2026-03-20T08:00:00+00:00,23033.520000000004,23138.380000000005,23011.380000000005,23135.860000000004,6019
2026-03-20T08:15:00+00:00,23135.860000000004,23141.360000000004,23046.370000000003,23046.380000000005,5684
2026-03-20T08:30:00+00:00,23046.380000000005,23100.370000000003,23035.860000000004,23042.360000000004,5387
2026-03-20T08:45:00+00:00,23042.360000000004,23071.370000000003,23008.370000000003,23017.870000000003,5686
2026-03-20T09:00:00+00:00,23017.870000000003,23028.870000000003,22961.870000000003,22962.860000000004,5708
2026-03-20T09:15:00+00:00,22962.860000000004,22964.370000000003,22907.860000000004,22917.860000000004,6113
2026-03-20T09:30:00+00:00,22917.860000000004,22958.870000000003,22888.360000000004,22916.880000000005,6311
2026-03-20T09:45:00+00:00,22916.880000000005,22916.880000000005,22800.860000000004,22842.360000000004,8037
2026-03-20T10:00:00+00:00,22842.360000000004,22849.860000000004,22720.860000000004,22738.880000000005,8144
2026-03-20T10:15:00+00:00,22738.880000000005,22753.860000000004,22657.370000000003,22710.860000000004,8747
2026-03-20T10:30:00+00:00,22710.860000000004,22784.380000000005,22693.380000000005,22761.380000000005,6438
2026-03-20T10:45:00+00:00,22761.380000000005,22767.880000000005,22672.860000000004,22701.360000000004,9728
2026-03-20T11:00:00+00:00,22701.360000000004,22839.380000000005,22694.860000000004,22802.380000000005,6160
2026-03-20T11:15:00+00:00,22802.380000000005,22865.380000000005,22789.370000000003,22803.380000000005,5147
2026-03-20T11:30:00+00:00,22803.380000000005,22855.380000000005,22781.370000000003,22839.880000000005,5280
2026-03-20T11:45:00+00:00,22839.880000000005,22880.360000000004,22809.880000000005,22869.380000000005,4634
2026-03-20T12:00:00+00:00,22869.380000000005,22885.880000000005,22823.860000000004,22844.370000000003,5809
2026-03-20T12:15:00+00:00,22844.370000000003,22870.870000000003,22813.870000000003,22864.370000000003,5100
2026-03-20T12:30:00+00:00,22864.370000000003,22881.860000000004,22806.880000000005,22853.880000000005,5578
2026-03-20T12:45:00+00:00,22853.880000000005,22896.360000000004,22834.860000000004,22869.370000000003,5260
2026-03-20T13:00:00+00:00,22869.370000000003,22881.370000000003,22781.860000000004,22811.360000000004,5444
2026-03-20T13:15:00+00:00,22811.360000000004,22829.860000000004,22783.370000000003,22792.380000000005,5200
2026-03-20T13:30:00+00:00,22792.380000000005,22803.370000000003,22705.880000000005,22774.370000000003,10595
2026-03-20T13:45:00+00:00,22774.370000000003,22789.880000000005,22642.880000000005,22651.370000000003,9586
2026-03-20T14:00:00+00:00,22651.370000000003,22655.880000000005,22502.360000000004,22511.360000000004,10293
2026-03-20T14:15:00+00:00,22511.360000000004,22543.370000000003,22475.860000000004,22477.360000000004,11403
2026-03-20T14:30:00+00:00,22477.360000000004,22531.380000000005,22442.870000000003,22456.870000000003,7537
2026-03-20T14:45:00+00:00,22456.870000000003,22477.380000000005,22360.860000000004,22399.880000000005,5501
2026-03-20T15:00:00+00:00,22399.880000000005,22460.880000000005,22380.360000000004,22438.380000000005,6543
2026-03-20T15:15:00+00:00,22438.380000000005,22486.380000000005,22341.870000000003,22354.380000000005,8606
2026-03-20T15:30:00+00:00,22354.380000000005,22428.870000000003,22350.860000000004,22399.380000000005,8184
2026-03-20T15:45:00+00:00,22399.380000000005,22430.370000000003,22374.880000000005,22395.870000000003,7230
2026-03-20T16:00:00+00:00,22395.870000000003,22451.380000000005,22356.370000000003,22374.380000000005,6713
2026-03-20T16:15:00+00:00,22374.380000000005,22398.370000000003,22344.360000000004,22353.880000000005,5416
2026-03-20T16:30:00+00:00,22353.880000000005,22363.380000000005,22280.360000000004,22297.870000000003,8089
2026-03-20T16:45:00+00:00,22297.870000000003,22308.380000000005,22245.370000000003,22290.870000000003,4997
2026-03-20T17:00:00+00:00,22290.870000000003,22323.520000000004,22261.520000000004,22274.510000000006,5385
2026-03-20T17:15:00+00:00,22274.510000000006,22313.520000000004,22264.530000000002,22282.510000000006,4206
2026-03-20T17:30:00+00:00,22282.510000000006,22297.030000000002,22219.530000000002,22242.020000000004,3853
2026-03-20T17:45:00+00:00,22242.020000000004,22274.530000000002,22224.520000000004,22267.520000000004,3699
2026-03-20T18:00:00+00:00,22267.520000000004,22278.510000000006,22223.010000000006,22226.010000000006,2562
2026-03-20T18:15:00+00:00,22226.010000000006,22235.010000000006,22119.020000000004,22157.520000000004,4263
2026-03-20T18:30:00+00:00,22157.520000000004,22169.520000000004,22118.010000000006,22124.020000000004,3761
2026-03-20T18:45:00+00:00,22124.020000000004,22142.010000000006,22117.020000000004,22137.030000000002,3193
2026-03-20T19:00:00+00:00,22137.030000000002,22163.520000000004,22123.530000000002,22141.510000000006,2573
2026-03-20T19:15:00+00:00,22141.510000000006,22157.510000000006,22111.010000000006,22120.020000000004,2899
2026-03-20T19:30:00+00:00,22120.020000000004,22129.010000000006,22050.510000000006,22119.520000000004,4087
2026-03-20T19:45:00+00:00,22119.520000000004,22168.020000000004,22082.010000000006,22144.510000000006,3839
2026-03-20T20:00:00+00:00,22144.510000000006,22190.030000000002,22137.510000000006,22184.520000000004,1576
2026-03-20T20:15:00+00:00,22184.520000000004,22191.510000000006,22147.010000000006,22156.010000000006,763
2026-03-20T20:30:00+00:00,22156.010000000006,22159.520000000004,22145.520000000004,22149.030000000002,675
2026-03-20T20:45:00+00:00,22149.030000000002,22190.530000000002,22146.530000000002,22172.010000000006,1221
2026-03-23T00:30:00+00:00,22172.010000000006,22172.010000000006,21954.260000000006,21988.530000000002,1711
2026-03-23T00:45:00+00:00,21988.530000000002,21997.510000000006,21942.020000000004,21963.530000000002,1943
2026-03-23T01:00:00+00:00,21963.530000000002,22061.030000000002,21946.510000000006,22058.280000000002,3547
2026-03-23T01:15:00+00:00,22058.280000000002,22130.020000000004,22055.280000000002,22109.020000000004,2871
2026-03-23T01:30:00+00:00,22109.020000000004,22165.510000000006,22091.510000000006,22164.510000000006,2176
2026-03-23T01:45:00+00:00,22164.510000000006,22176.530000000002,22131.260000000006,22134.280000000002,2221
2026-03-23T02:00:00+00:00,22134.280000000002,22153.280000000002,22100.280000000002,22105.280000000002,1662
2026-03-23T02:15:00+00:00,22105.280000000002,22145.280000000002,22094.260000000006,22115.260000000006,1865
2026-03-23T02:30:00+00:00,22115.260000000006,22120.020000000004,22065.270000000004,22077.270000000004,1449
2026-03-23T02:45:00+00:00,22077.270000000004,22080.280000000002,22048.280000000002,22062.260000000006,1118
2026-03-23T03:00:00+00:00,22062.260000000006,22077.280000000002,22026.270000000004,22030.270000000004,1095.2580274688594
2026-03-23T03:15:00+00:00,22030.270000000004,22059.020000000004,22025.280000000002,22028.520000000004,1278
2026-03-23T03:30:00+00:00,22028.520000000004,22038.030000000002,22007.260000000006,22018.260000000006,2146
2026-03-23T03:45:00+00:00,22018.260000000006,22031.270000000004,21981.260000000006,21989.260000000006,1437
2026-03-23T04:00:00+00:00,21989.260000000006,22005.530000000002,21969.020000000004,22000.280000000002,1374
2026-03-23T04:15:00+00:00,22000.280000000002,22015.280000000002,21994.260000000006,22008.280000000002,917
2026-03-23T04:30:00+00:00,22008.280000000002,22028.520000000004,22004.260000000006,22005.260000000006,714
2026-03-23T04:45:00+00:00,22005.260000000006,22032.530000000002,22003.260000000006,22032.270000000004,875
2026-03-23T05:00:00+00:00,22032.270000000004,22073.010000000006,22025.270000000004,22045.270000000004,1551
2026-03-23T05:15:00+00:00,22045.270000000004,22059.020000000004,22021.260000000006,22028.270000000004,1281
2026-03-23T05:30:00+00:00,22028.270000000004,22050.520000000004,21986.280000000002,22016.010000000006,2149
2026-03-23T05:45:00+00:00,22016.010000000006,22017.520000000004,21970.010000000006,22011.520000000004,1943
2026-03-23T06:00:00+00:00,22011.520000000004,22018.530000000002,21956.520000000004,21975.020000000004,2540
2026-03-23T06:15:00+00:00,21975.020000000004,21989.520000000004,21961.280000000002,21972.020000000004,2755
2026-03-23T06:30:00+00:00,21972.020000000004,21976.510000000006,21925.010000000006,21926.510000000006,2212
2026-03-23T06:45:00+00:00,21926.510000000006,21939.510000000006,21874.510000000006,21898.510000000006,1611
2026-03-23T07:00:00+00:00,21898.510000000006,21980.030000000002,21885.010000000006,21963.010000000006,3448
2026-03-23T07:15:00+00:00,21963.010000000006,21969.530000000002,21872.020000000004,21887.030000000002,4403
2026-03-23T07:30:00+00:00,21887.030000000002,21924.030000000002,21856.510000000006,21896.520000000004,4180
2026-03-23T07:45:00+00:00,21896.520000000004,21916.510000000006,21837.530000000002,21856.510000000006,5010
2026-03-23T08:00:00+00:00,21856.510000000006,21973.880000000005,21847.870000000003,21953.880000000005,14905
2026-03-23T08:15:00+00:00,21953.880000000005,21957.880000000005,21873.870000000003,21878.870000000003,12642
2026-03-23T08:30:00+00:00,21878.870000000003,21968.360000000004,21851.860000000004,21875.860000000004,11121
2026-03-23T08:45:00+00:00,21875.860000000004,21965.880000000005,21866.880000000005,21934.380000000005,9669
2026-03-23T09:00:00+00:00,21934.380000000005,21958.380000000005,21876.360000000004,21931.880000000005,10105
2026-03-23T09:15:00+00:00,21931.880000000005,22008.380000000005,21916.370000000003,21968.870000000003,9143
2026-03-23T09:30:00+00:00,21968.870000000003,21975.370000000003,21851.870000000003,21882.370000000003,9435
2026-03-23T09:45:00+00:00,21882.370000000003,21937.370000000003,21871.860000000004,21891.880000000005,7667
2026-03-23T10:00:00+00:00,21891.880000000005,21941.880000000005,21867.880000000005,21892.880000000005,8325
2026-03-23T10:15:00+00:00,21892.880000000005,21898.370000000003,21835.870000000003,21842.870000000003,6792
2026-03-23T10:30:00+00:00,21842.870000000003,21924.360000000004,21842.370000000003,21888.860000000004,7095
2026-03-23T10:45:00+00:00,21888.860000000004,21933.380000000005,21829.360000000004,21886.370000000003,8135
2026-03-23T11:00:00+00:00,21886.370000000003,22967.86,21886.370000000003,22965.36,2658.7537594982164
2026-03-23T11:15:00+00:00,22950.36,23241.76,22684.75,22812.74,1678
2026-03-23T11:30:00+00:00,22812.74,23013.35,22717.85,22737.86,11962
2026-03-23T11:45:00+00:00,22737.86,22754.85,22608.74,22647.74,13948
2026-03-23T12:00:00+00:00,22647.74,22711.85,22570.76,22583.34,14898
2026-03-23T12:15:00+00:00,22583.34,22817.86,22578.86,22791.74,9497
2026-03-23T12:30:00+00:00,22791.74,22902.84,22663.84,22897.74,12083
2026-03-23T12:45:00+00:00,22897.74,22941.84,22839.75,22886.74,11193
2026-03-23T13:00:00+00:00,22886.74,22942.84,22822.84,22823.86,9204
2026-03-23T13:15:00+00:00,22823.86,22846.34,22734.34,22749.36,9159
2026-03-23T13:30:00+00:00,22749.36,22888.74,22687.86,22790.84,8188
2026-03-23T13:45:00+00:00,22790.84,22878.85,22786.74,22857.36,8462
2026-03-23T14:00:00+00:00,22857.36,22928.35,22845.75,22872.86,7549
2026-03-23T14:15:00+00:00,22872.86,23010.86,22866.34,22921.84,7122
2026-03-23T14:30:00+00:00,22921.84,22939.35,22816.84,22900.34,8904
2026-03-23T14:45:00+00:00,22900.34,23008.34,22873.84,22974.86,6939
2026-03-23T15:00:00+00:00,22974.86,23095.85,22970.34,23060.35,5697
2026-03-23T15:15:00+00:00,23060.35,23074.36,22964.84,22986.34,8036
2026-03-23T15:30:00+00:00,22986.34,23001.36,22875.85,22884.86,5969
2026-03-23T15:45:00+00:00,22884.86,22898.85,22665.74,22679.86,7391
2026-03-23T16:00:00+00:00,22679.86,22740.85,22662.84,22722.34,8196
2026-03-23T16:15:00+00:00,22722.34,22732.86,22599.34,22601.86,7614
2026-03-23T16:30:00+00:00,22601.86,22693.84,22584.85,22691.86,8640
2026-03-23T16:45:00+00:00,22691.86,22742.86,22671.35,22697.34,5150
2026-03-23T17:00:00+00:00,22697.34,22749.5,22673.51,22716.51,5013
2026-03-23T17:15:00+00:00,22716.51,22788.01,22692.99,22779,4510
2026-03-23T17:30:00+00:00,22779,22870.51,22779,22799,3936
2026-03-23T17:45:00+00:00,22799,22825.49,22762.5,22817,3469
2026-03-23T18:00:00+00:00,22817,22820.5,22729.01,22805.01,3650
2026-03-23T18:15:00+00:00,22805.01,22819.01,22781.76,22790.99,3070
2026-03-23T18:30:00+00:00,22790.99,22891.01,22787.76,22873.51,3197
2026-03-23T18:45:00+00:00,22873.51,22901.01,22850.75,22852.49,2401
2026-03-23T19:00:00+00:00,22852.49,22852.49,22823,22831,2175
2026-03-23T19:15:00+00:00,22831,22835,22769.5,22793.5,2273
2026-03-23T19:30:00+00:00,22793.5,22813.49,22779.5,22799.5,1887
2026-03-23T19:45:00+00:00,22799.5,22829.51,22730.99,22754.99,2486
2026-03-23T20:00:00+00:00,22754.99,22754.99,22721.51,22733.99,1598
2026-03-23T20:15:00+00:00,22733.99,22761.51,22733,22749,697
2026-03-23T20:30:00+00:00,22749,22795,22735.99,22792.49,572
2026-03-23T20:45:00+00:00,22792.49,22795.5,22780.01,22787.25,844
2026-03-24T00:30:00+00:00,22787.25,22787.25,22553.25,22572.26,495.2293772158788
2026-03-24T00:45:00+00:00,22572.26,22601.49,22565.26,22575.24,1230
2026-03-24T01:00:00+00:00,22575.24,22577.26,22503.24,22509.49,1640
2026-03-24T01:15:00+00:00,22509.49,22546.25,22463,22532.24,1338
2026-03-24T01:30:00+00:00,22532.24,22532.24,22448.24,22450.26,1645
2026-03-24T01:45:00+00:00,22450.26,22456.26,22401.26,22448.26,1864
2026-03-24T02:00:00+00:00,22448.26,22453,22394.24,22411.25,1385
2026-03-24T02:15:00+00:00,22411.25,22489.51,22395.5,22464.26,1408
2026-03-24T02:30:00+00:00,22464.26,22512,22455.25,22507.25,1345.7386273577429
2026-03-24T02:45:00+00:00,22507.25,22517.25,22462.51,22464.26,990.459414526978
2026-03-24T03:00:00+00:00,22464.26,22464.26,22436.76,22455.76,422.34405612880573
2026-03-24T03:15:00+00:00,22455.76,22467.76,22439.74,22458.75,1148
2026-03-24T03:30:00+00:00,22458.75,22461.75,22405.74,22448.74,1867
2026-03-24T03:45:00+00:00,22448.74,22472.76,22436.74,22472.76,1241
2026-03-24T04:00:00+00:00,22472.76,22488.74,22467.74,22476.76,1345
2026-03-24T04:15:00+00:00,22476.76,22480.51,22434.76,22438.76,989
2026-03-24T04:30:00+00:00,22438.76,22446.01,22424.75,22429.76,835
2026-03-24T04:45:00+00:00,22429.76,22459.5,22427.75,22433.75,639
2026-03-24T05:00:00+00:00,22433.75,22435.76,22382.76,22414.74,2196
2026-03-24T05:15:00+00:00,22414.74,22473.99,22369.74,22369.75,2199
2026-03-24T05:30:00+00:00,22369.75,22456.49,22362.74,22438.76,1857
2026-03-24T05:45:00+00:00,22438.76,22455.5,22424.74,22439.76,1189
2026-03-24T06:00:00+00:00,22439.76,22484.51,22425.76,22476.75,1836
2026-03-24T06:15:00+00:00,22476.75,22545.5,22475.74,22530.51,1528
2026-03-24T06:30:00+00:00,22530.51,22574.5,22525,22559.49,1908
2026-03-24T06:45:00+00:00,22559.49,22579.5,22515.75,22556.01,1621
2026-03-24T07:00:00+00:00,22556.01,22683.5,22553.01,22676.01,3081
2026-03-24T07:15:00+00:00,22676.01,22696.51,22648.99,22663.5,2661
2026-03-24T07:30:00+00:00,22663.5,22670.01,22630.51,22664.49,2370
2026-03-24T07:45:00+00:00,22664.49,22665.51,22628.51,22639.5,3402
2026-03-24T08:00:00+00:00,22639.5,22726.36,22627.35,22681.84,9130
2026-03-24T08:15:00+00:00,22681.84,22692.35,22533.34,22540.75,7515
2026-03-24T08:30:00+00:00,22540.75,22580.86,22500.76,22515.84,9580
2026-03-24T08:45:00+00:00,22515.84,22576.86,22461.86,22478.86,9709
2026-03-24T09:00:00+00:00,22478.86,22518.36,22408.86,22412.86,8958
2026-03-24T09:15:00+00:00,22412.86,22491.36,22394.34,22475.84,7042
2026-03-24T09:30:00+00:00,22475.84,22504.35,22438.84,22489.36,7220
2026-03-24T09:45:00+00:00,22489.36,22584.34,22454.86,22564.36,6719
2026-03-24T10:00:00+00:00,22564.36,22606.36,22510.84,22591.36,6625
2026-03-24T10:15:00+00:00,22591.36,22601.86,22535.34,22541.84,6479
2026-03-24T10:30:00+00:00,22541.84,22627.36,22518.86,22618.34,6045
2026-03-24T10:45:00+00:00,22618.34,22631.35,22555.84,22575.85,4756
2026-03-24T11:00:00+00:00,22575.85,22621.36,22542.35,22601.35,6789
2026-03-24T11:15:00+00:00,22601.35,22605.85,22556.84,22591.86,5692
2026-03-24T11:30:00+00:00,22591.86,22604.35,22565.34,22578.34,4989
2026-03-24T11:45:00+00:00,22578.34,22641.85,22493.84,22620.36,7171
2026-03-24T12:00:00+00:00,22620.36,22633.36,22532.84,22566.84,6460
2026-03-24T12:15:00+00:00,22566.84,22601.85,22552.34,22555.86,6663
2026-03-24T12:30:00+00:00,22555.86,22560.35,22427.84,22431.84,6995
2026-03-24T12:45:00+00:00,22431.84,22471.85,22414.34,22427.84,7956
2026-03-24T13:00:00+00:00,22427.84,22451.36,22345.84,22429.36,8718
2026-03-24T13:15:00+00:00,22429.36,22443.36,22370.34,22400.85,7479
2026-03-24T13:30:00+00:00,22400.85,22451.34,22369.36,22375.35,11313
2026-03-24T13:45:00+00:00,22375.35,22440.84,22337.34,22440.84,11203
2026-03-24T14:00:00+00:00,22440.84,22506.36,22416.34,22458.34,8683
2026-03-24T14:15:00+00:00,22458.34,22486.85,22429.36,22461.84,10260
2026-03-24T14:30:00+00:00,22461.84,22531.34,22457.34,22514.35,8831
2026-03-24T14:45:00+00:00,22514.35,22636.86,22439.35,22574.84,10838
2026-03-24T15:00:00+00:00,22574.84,22624.86,22548.86,22587.84,10870
2026-03-24T15:15:00+00:00,22587.84,22647.36,22578.86,22610.34,7325
2026-03-24T15:30:00+00:00,22610.34,22636.36,22581.84,22627.86,6777
2026-03-24T15:45:00+00:00,22627.86,22665.85,22545.36,22545.36,5087
2026-03-24T16:00:00+00:00,22545.36,22581.85,22535.84,22564.35,7397
2026-03-24T16:15:00+00:00,22564.35,22632.34,22562.84,22632.34,5234
2026-03-24T16:30:00+00:00,22632.34,22654.36,22546.35,22604.86,5569
2026-03-24T16:45:00+00:00,22604.86,22624.36,22559.36,22584.86,5002
2026-03-24T17:00:00+00:00,22584.86,22593.01,22473,22495.01,6264
2026-03-24T17:15:00+00:00,22495.01,22531.01,22488.49,22528.5,5497
2026-03-24T17:30:00+00:00,22528.5,22551.01,22491.49,22495.49,4650
2026-03-24T17:45:00+00:00,22495.49,22589.49,22492.01,22589.49,4665
2026-03-24T18:00:00+00:00,22589.49,22617.49,22560.49,22567.49,3852
2026-03-24T18:15:00+00:00,22567.49,22590,22539.99,22577.01,3539
2026-03-24T18:30:00+00:00,22577.01,22671.49,22567.99,22619.49,3399
2026-03-24T18:45:00+00:00,22619.49,22639.49,22591.49,22604.5,2337
2026-03-24T19:00:00+00:00,22604.5,22651.49,22601.76,22643.75,2453
2026-03-24T19:15:00+00:00,22643.75,22644.51,22594.51,22599.5,2412
2026-03-24T19:30:00+00:00,22599.5,22605.5,22571,22588.99,2820
2026-03-24T19:45:00+00:00,22588.99,22591.49,22561.49,22569,2579
2026-03-24T20:00:00+00:00,22569,22573.01,22552,22563.49,967
2026-03-24T20:15:00+00:00,22563.49,22924.74,22555.49,22763.74,5678
2026-03-24T20:30:00+00:00,22763.74,22916.74,22763.74,22829.75,4705
2026-03-24T20:45:00+00:00,22829.75,22867.76,22754.74,22849.24,3573
2026-03-25T00:30:00+00:00,22849.24,22988.5,22849.24,22961.76,898
2026-03-25T00:45:00+00:00,22961.76,22975.51,22939.99,22945.75,774
2026-03-25T01:00:00+00:00,22945.75,22986.99,22923.49,22941.51,1791
2026-03-25T01:15:00+00:00,22941.51,22966.51,22931.75,22943.75,1384
2026-03-25T01:30:00+00:00,22943.75,22958.75,22914.75,22931.99,1718
2026-03-25T01:45:00+00:00,22931.99,22947.75,22916.74,22916.74,891
2026-03-25T02:00:00+00:00,22916.74,22919.49,22850.76,22864.49,1711
2026-03-25T02:15:00+00:00,22864.49,22878.49,22853.74,22866.76,1315
2026-03-25T02:30:00+00:00,22866.76,22867.76,22856.76,22858.75,1034
2026-03-25T02:45:00+00:00,22858.75,22874,22829.74,22840,1082
2026-03-25T03:00:00+00:00,22840,22851.76,22827.74,22829.75,1206
2026-03-25T03:15:00+00:00,22829.75,22844.51,22818.75,22841.76,1174
2026-03-25T03:30:00+00:00,22841.76,22857.76,22831.74,22840.75,678
2026-03-25T03:45:00+00:00,22840.75,22868.49,22840.75,22860.76,765
2026-03-25T04:00:00+00:00,22860.76,22888.51,22857.74,22884.74,721
2026-03-25T04:15:00+00:00,22884.74,22904.75,22877.74,22894.75,626
2026-03-25T04:30:00+00:00,22894.75,22917.51,22894.75,22907.76,881
2026-03-25T04:45:00+00:00,22907.76,22925.51,22891.74,22916.75,781
2026-03-25T05:00:00+00:00,22916.75,22916.75,22876.74,22902.76,1127
2026-03-25T05:15:00+00:00,22902.76,22902.76,22871.76,22878.75,1024
2026-03-25T05:30:00+00:00,22878.75,22917,22874.76,22915.5,1005
2026-03-25T05:45:00+00:00,22915.5,22915.5,22871.75,22882.5,880
2026-03-25T06:00:00+00:00,22882.5,22882.5,22840.74,22847.75,1312
2026-03-25T06:15:00+00:00,22847.75,22870.5,22844.74,22848.74,966
2026-03-25T06:30:00+00:00,22848.74,22859.76,22833.75,22850.99,1396
2026-03-25T06:45:00+00:00,22850.99,22880.51,22848.01,22860.01,1024
2026-03-25T07:00:00+00:00,22860.01,22865.99,22827.49,22846.99,2124
2026-03-25T07:15:00+00:00,22846.99,22865.01,22806.51,22828.99,2198
2026-03-25T07:30:00+00:00,22828.99,22877.99,22815.5,22866.99,2159
2026-03-25T07:45:00+00:00,22866.99,22923.51,22858.01,22922.5,3225
2026-03-25T08:00:00+00:00,22922.5,23048.34,22922.5,23028.34,11399
2026-03-25T08:15:00+00:00,23028.34,23073.36,23004.86,23005.86,6561
2026-03-25T08:30:00+00:00,23005.86,23063.36,22980.84,23033.36,7834
2026-03-25T08:45:00+00:00,23033.36,23051.36,22969.36,22987.35,6586
2026-03-25T09:00:00+00:00,22987.35,23056.34,22964.86,23046.84,4693
2026-03-25T09:15:00+00:00,23046.84,23061.84,22951.35,22971.85,5630
2026-03-25T09:30:00+00:00,22971.85,23009.85,22952.85,22956.85,5419
2026-03-25T09:45:00+00:00,22956.85,23003.35,22916.34,22989.84,5943
2026-03-25T10:00:00+00:00,22989.84,23032.36,22978.34,22997.85,5557
2026-03-25T10:15:00+00:00,22997.85,23015.85,22962.35,22967.86,4467
2026-03-25T10:30:00+00:00,22967.86,23000.86,22952.85,22964.36,4145
2026-03-25T10:45:00+00:00,22964.36,23021.35,22956.84,22996.86,3711
2026-03-25T11:00:00+00:00,22996.86,23046.34,22996.84,23023.86,3234
2026-03-25T11:15:00+00:00,23023.86,23051.36,23012.36,23021.34,3068
2026-03-25T11:30:00+00:00,23021.34,23054.36,23021.34,23050.34,2586
2026-03-25T11:45:00+00:00,23050.34,23051.86,22967.35,23034.86,6125
2026-03-25T12:00:00+00:00,23034.86,23084.86,23027.34,23061.85,4563
2026-03-25T12:15:00+00:00,23061.85,23065.85,22899.74,22943.86,9752
2026-03-25T12:30:00+00:00,22943.86,22998.86,22881.85,22966.86,5897
2026-03-25T12:45:00+00:00,22966.86,23019.86,22952.34,22994.86,5750
2026-03-25T13:00:00+00:00,22994.86,23040.36,22969.84,23003.85,5435
2026-03-25T13:15:00+00:00,23003.85,23022.36,22999.35,23013.84,4832
2026-03-25T13:30:00+00:00,23013.84,23058.34,22984.35,22994.36,8590
2026-03-25T13:45:00+00:00,22994.36,23010.36,22938.84,22953.35,8600
2026-03-25T14:00:00+00:00,22953.35,22997.36,22909.34,22996.35,8786
2026-03-25T14:15:00+00:00,22996.35,23026.36,22951.86,23002.34,7120
2026-03-25T14:30:00+00:00,23002.34,23028.86,22984.34,22998.85,7186
2026-03-25T14:45:00+00:00,22998.85,23032.86,22973.36,22980.35,5520
2026-03-25T15:00:00+00:00,22980.35,22989.35,22873.34,22877.85,6884
2026-03-25T15:15:00+00:00,22877.85,22952.34,22813.35,22950.84,8135
2026-03-25T15:30:00+00:00,22950.84,22958.86,22895.86,22931.86,5217
2026-03-25T15:45:00+00:00,22931.86,22937.34,22897.34,22902.86,5368
2026-03-25T16:00:00+00:00,22902.86,22915.36,22871.85,22904.36,6171
2026-03-25T16:15:00+00:00,22904.36,22953.36,22881.86,22949.36,6170
2026-03-25T16:30:00+00:00,22949.36,22998.86,22939.86,22977.35,5131
2026-03-25T16:45:00+00:00,22977.35,22982.35,22939.34,22954.85,2981
2026-03-25T17:00:00+00:00,22954.85,22980,22931.99,22960.51,3407
2026-03-25T17:15:00+00:00,22960.51,22977.01,22933.49,22966.51,2817
2026-03-25T17:30:00+00:00,22966.51,23007.99,22955.99,22983.5,2386
2026-03-25T17:45:00+00:00,22983.5,22986,22924.99,22941.5,2809
2026-03-25T18:00:00+00:00,22941.5,22955.01,22930.49,22945.49,1921
2026-03-25T18:15:00+00:00,22945.49,22963.49,22938,22938.99,1914
2026-03-25T18:30:00+00:00,22938.99,22948.99,22928.01,22937,1309
2026-03-25T18:45:00+00:00,22937,22939.01,22868.01,22914.99,2167
2026-03-25T19:00:00+00:00,22914.99,22932.49,22889.5,22931.5,2177
2026-03-25T19:15:00+00:00,22931.5,22958.49,22931.5,22939.49,1541
2026-03-25T19:30:00+00:00,22939.49,22940.51,22907,22909.51,1728
2026-03-25T19:45:00+00:00,22909.51,22931.01,22906,22929.5,1884
2026-03-25T20:00:00+00:00,22929.5,22937.51,22898.49,22912.51,575
2026-03-25T20:15:00+00:00,22912.51,22920.49,22898.5,22898.5,529
2026-03-25T20:30:00+00:00,22898.5,22914.51,22898.01,22908,293
2026-03-25T20:45:00+00:00,22908,22922.49,22900.01,22919.76,419
2026-03-26T00:30:00+00:00,22919.76,22919.76,22893.75,22902.75,444
2026-03-26T00:45:00+00:00,22902.75,22912.99,22885.01,22895.76,1065
2026-03-26T01:00:00+00:00,22895.76,22919.76,22893.76,22901.76,1449
2026-03-26T01:15:00+00:00,22901.76,22901.76,22872.75,22882.76,1425
2026-03-26T01:30:00+00:00,22882.76,22898.74,22877.76,22881.75,1584
2026-03-26T01:45:00+00:00,22881.75,22888.51,22871.5,22878.74,1298
2026-03-26T02:00:00+00:00,22878.74,22897.5,22867.75,22873.74,1226
2026-03-26T02:15:00+00:00,22873.74,22881.51,22834.74,22837.75,1690
2026-03-26T02:30:00+00:00,22837.75,22842.74,22765.75,22787.74,2444
2026-03-26T02:45:00+00:00,22787.74,22802.76,22780.75,22784.75,1687
2026-03-26T03:00:00+00:00,22784.75,22802.5,22771.75,22802.5,1270
2026-03-26T03:15:00+00:00,22802.5,22812,22791.74,22805.99,845
2026-03-26T03:30:00+00:00,22805.99,22863.51,22801.74,22845.76,1497
2026-03-26T03:45:00+00:00,22845.76,22855.51,22817.74,22822.74,1251
2026-03-26T04:00:00+00:00,22822.74,22832.51,22804.74,22825.01,928
2026-03-26T04:15:00+00:00,22825.01,22839.49,22818.75,22831.76,735
2026-03-26T04:30:00+00:00,22831.76,22835.51,22815.75,22823.76,676
2026-03-26T04:45:00+00:00,22823.76,22833.49,22810.75,22824,706
2026-03-26T05:00:00+00:00,22824,22835.01,22785.5,22798.49,1248
2026-03-26T05:15:00+00:00,22798.49,22800.5,22738.75,22746.75,1024
2026-03-26T05:30:00+00:00,22746.75,22766.01,22737.01,22737.01,810
2026-03-26T05:45:00+00:00,22737.01,22739.49,22718.74,22724.01,688
2026-03-26T06:00:00+00:00,22724.01,22739.51,22706.49,22718.74,1188
2026-03-26T06:15:00+00:00,22718.74,22780.01,22710.76,22773.5,1486
2026-03-26T06:30:00+00:00,22773.5,22790.5,22752,22767.01,1509
2026-03-26T06:45:00+00:00,22767.01,22781.5,22748.99,22775.99,944
2026-03-26T07:00:00+00:00,22775.99,22779.01,22717.49,22740,1615
2026-03-26T07:15:00+00:00,22740,22759.49,22686.75,22722,2129
2026-03-26T07:30:00+00:00,22722,22744.01,22708.49,22724.51,1696
2026-03-26T07:45:00+00:00,22724.51,22742.51,22710.99,22720,2281
2026-03-26T08:00:00+00:00,22720,22783.34,22695.34,22697.36,8043
2026-03-26T08:15:00+00:00,22697.36,22734.85,22665.35,22670.86,7352
2026-03-26T08:30:00+00:00,22670.86,22710.36,22646.84,22649.86,7413
2026-03-26T08:45:00+00:00,22649.86,22711.86,22636.34,22692.34,5246
2026-03-26T09:00:00+00:00,22692.34,22693.85,22622.86,22644.36,6500
2026-03-26T09:15:00+00:00,22644.36,22654.36,22606.84,22606.84,5801
2026-03-26T09:30:00+00:00,22606.84,22607.34,22569.86,22592.84,6280
2026-03-26T09:45:00+00:00,22592.84,22649.86,22577.35,22634.84,4334
2026-03-26T10:00:00+00:00,22634.84,22679.36,22605.84,22679.36,4349
2026-03-26T10:15:00+00:00,22679.36,22706.86,22654.84,22697.85,3434
2026-03-26T10:30:00+00:00,22697.85,22721.86,22657.34,22657.86,4423
2026-03-26T10:45:00+00:00,22657.86,22674.84,22641.34,22670.36,3861
2026-03-26T11:00:00+00:00,22670.36,22701.86,22655.34,22666.85,3545
2026-03-26T11:15:00+00:00,22666.85,22683.36,22626.85,22648.34,3698
2026-03-26T11:30:00+00:00,22648.34,22654.36,22600.84,22607.86,4083
2026-03-26T11:45:00+00:00,22607.86,22617.84,22578.36,22579.34,3427
2026-03-26T12:00:00+00:00,22579.34,22661.35,22552.84,22652.36,3724
2026-03-26T12:15:00+00:00,22652.36,22663.86,22617.85,22619.76,3264
2026-03-26T12:30:00+00:00,22619.76,22627.85,22567.85,22593.35,3930
2026-03-26T12:45:00+00:00,22593.35,22637.85,22593.35,22619.86,3529
2026-03-26T13:00:00+00:00,22619.86,22637.86,22580.34,22616.85,4628
2026-03-26T13:15:00+00:00,22616.85,22633.84,22595.84,22618.34,3952
2026-03-26T13:30:00+00:00,22618.34,22706.36,22605.84,22706.36,6599
2026-03-26T13:45:00+00:00,22706.36,22776.35,22697.35,22771.34,7895
2026-03-26T14:00:00+00:00,22771.34,22777.35,22713.35,22753.86,8533
2026-03-26T14:15:00+00:00,22753.86,22774.85,22743.84,22745.86,5842
2026-03-26T14:30:00+00:00,22745.86,22825.35,22703.34,22715.34,7725
2026-03-26T14:45:00+00:00,22715.34,22737.86,22658.35,22703.36,8161
2026-03-26T15:00:00+00:00,22703.36,22726.86,22688.86,22711.34,7234
2026-03-26T15:15:00+00:00,22711.34,22715.35,22664.85,22694.35,6026
2026-03-26T15:30:00+00:00,22694.35,22696.86,22634.35,22651.35,4518
2026-03-26T15:45:00+00:00,22651.35,22695.36,22640.84,22659.35,4379
2026-03-26T16:00:00+00:00,22659.35,22703.85,22651.84,22659.34,3583
2026-03-26T16:15:00+00:00,22659.34,22659.36,22563.36,22585.35,4569
2026-03-26T16:30:00+00:00,22585.35,22629.35,22564.35,22617.85,4709
2026-03-26T16:45:00+00:00,22617.85,22625.85,22594.85,22617.85,2804
2026-03-26T17:00:00+00:00,22617.85,22657.5,22616,22627.49,2142
2026-03-26T17:15:00+00:00,22627.49,22637.5,22594.49,22615.01,2374
2026-03-26T17:30:00+00:00,22615.01,22636.99,22591.49,22591.51,1923
2026-03-26T17:45:00+00:00,22591.51,22599.01,22561.51,22583.01,2126
2026-03-26T18:00:00+00:00,22583.01,22606.5,22582.5,22594,2057
2026-03-26T18:15:00+00:00,22594,22599,22582.49,22584.99,1986
2026-03-26T18:30:00+00:00,22584.99,22616,22584,22611.49,1440
2026-03-26T18:45:00+00:00,22611.49,22619.99,22596.49,22614,1323
2026-03-26T19:00:00+00:00,22614,22617.01,22545.51,22558,1631
2026-03-26T19:15:00+00:00,22558,22579.51,22556.5,22565.51,1456
2026-03-26T19:30:00+00:00,22565.51,22568.99,22533,22537.51,1866
2026-03-26T19:45:00+00:00,22537.51,22542.01,22515.49,22522.01,1729
2026-03-26T20:00:00+00:00,22522.01,22888.75,22509.5,22703.76,1814
2026-03-26T20:15:00+00:00,22703.76,22745.99,22584.74,22642.75,2648
2026-03-26T20:30:00+00:00,22642.75,22685.49,22636.75,22669.5,1720
2026-03-26T20:45:00+00:00,22669.5,22678.99,22615.99,22625.74,1245
2026-03-27T00:30:00+00:00,22625.74,22631.99,22580.74,22590.76,636
2026-03-27T00:45:00+00:00,22590.76,22608.51,22574.74,22591.75,1161
2026-03-27T01:00:00+00:00,22591.75,22662.5,22580.75,22657.01,2319
2026-03-27T01:15:00+00:00,22657.01,22665.49,22632.74,22651.74,1704
2026-03-27T01:30:00+00:00,22651.74,22669.51,22647.74,22662.49,1094
2026-03-27T01:45:00+00:00,22662.49,22665.49,22639.75,22664.76,1455
2026-03-27T02:00:00+00:00,22664.76,22690.51,22664.76,22679.74,1107
2026-03-27T02:15:00+00:00,22679.74,22684.76,22658.75,22675.75,1552
2026-03-27T02:30:00+00:00,22675.75,22698.75,22669.74,22688.01,1202
2026-03-27T02:45:00+00:00,22688.01,22694.51,22672.74,22675.76,928
2026-03-27T03:00:00+00:00,22675.76,22684.76,22660.76,22674.76,882
2026-03-27T03:15:00+00:00,22674.76,22679.51,22663.75,22679.51,659
2026-03-27T03:30:00+00:00,22679.51,22738.99,22679.51,22730.76,670
2026-03-27T03:45:00+00:00,22730.76,22733.5,22716.75,22729.76,867
2026-03-27T04:00:00+00:00,22729.76,22730.74,22708.76,22718.76,740
2026-03-27T04:15:00+00:00,22718.76,22727.76,22707.74,22718.51,516
2026-03-27T04:30:00+00:00,22718.51,22742.01,22718.01,22728.76,617
2026-03-27T04:45:00+00:00,22728.76,22739.76,22723.74,22731.76,673
2026-03-27T05:00:00+00:00,22731.76,22788.5,22730.76,22783.74,901
2026-03-27T05:15:00+00:00,22783.74,22790.51,22748.74,22765.76,940
2026-03-27T05:30:00+00:00,22765.76,22766.76,22739.75,22743.75,716
2026-03-27T05:45:00+00:00,22743.75,22753.75,22735.99,22737.01,602
2026-03-27T06:00:00+00:00,22737.01,22737.01,22720.75,22731.75,907
2026-03-27T06:15:00+00:00,22731.75,22763.5,22731.74,22748.01,945
2026-03-27T06:30:00+00:00,22748.01,22748.01,22722.49,22723.49,841
2026-03-27T06:45:00+00:00,22723.49,22725.5,22671.75,22683.01,898
2026-03-27T07:00:00+00:00,22683.01,22698.51,22668.01,22693.01,1687
2026-03-27T07:15:00+00:00,22693.01,22693.01,22650.5,22655.49,1505
2026-03-27T07:30:00+00:00,22655.49,22664.51,22637.51,22650.51,1845
2026-03-27T07:45:00+00:00,22650.51,22674.49,22644.99,22656.99,1935
2026-03-27T08:00:00+00:00,22656.99,22656.99,22550.36,22561.84,8064
2026-03-27T08:15:00+00:00,22561.84,22570.36,22420.34,22434.84,7320
2026-03-27T08:30:00+00:00,22434.84,22476.36,22406.86,22450.84,8028
2026-03-27T08:45:00+00:00,22450.84,22464.86,22380.86,22385.34,7372
2026-03-27T09:00:00+00:00,22385.34,22397.86,22287.35,22319.35,7863
2026-03-27T09:15:00+00:00,22319.35,22409.35,22313.36,22385.86,7220
2026-03-27T09:30:00+00:00,22385.86,22407.85,22355.36,22376.86,6575
2026-03-27T09:45:00+00:00,22376.86,22376.86,22312.84,22326.86,4793
2026-03-27T10:00:00+00:00,22326.86,22395.86,22305.36,22342.34,5832
2026-03-27T10:15:00+00:00,22342.34,22394.35,22337.34,22375.86,5002
2026-03-27T10:30:00+00:00,22375.86,22394.34,22323.85,22338.36,5761
2026-03-27T10:45:00+00:00,22338.36,22346.36,22274.84,22282.84,4898
2026-03-27T11:00:00+00:00,22282.84,22285.85,22219.84,22256.85,6452
2026-03-27T11:15:00+00:00,22256.85,22319.35,22246.34,22317.34,4438
2026-03-27T11:30:00+00:00,22317.34,22364.85,22316.34,22359.86,3763
2026-03-27T11:45:00+00:00,22359.86,22368.86,22314.84,22321.36,3976
2026-03-27T12:00:00+00:00,22321.36,22323.85,22262.34,22287.85,5614
2026-03-27T12:15:00+00:00,22287.85,22322.84,22281.84,22305.34,4676
2026-03-27T12:30:00+00:00,22305.34,22357.35,22297.34,22341.84,4305
2026-03-27T12:45:00+00:00,22341.84,22367.34,22312.34,22336.34,5309
2026-03-27T13:00:00+00:00,22336.34,22340.85,22260.34,22274.86,6603
2026-03-27T13:15:00+00:00,22274.86,22353.84,22274.85,22339.86,4956
2026-03-27T13:30:00+00:00,22339.86,22358.85,22271.85,22332.35,9091
2026-03-27T13:45:00+00:00,22332.35,22373.36,22261.86,22283.76,6389
2026-03-27T14:00:00+00:00,22283.76,22341.36,22274.76,22324.36,7247
2026-03-27T14:15:00+00:00,22324.36,22376.34,22298.84,22303.85,7464
2026-03-27T14:30:00+00:00,22303.85,22347.85,22286.35,22301.85,6356
2026-03-27T14:45:00+00:00,22301.85,22324.84,22275.34,22303.35,6288
2026-03-27T15:00:00+00:00,22303.35,22372.36,22290.85,22303.34,4656
2026-03-27T15:15:00+00:00,22303.34,22387.34,22246.34,22354.84,5237
2026-03-27T15:30:00+00:00,22354.84,22423.84,22351.85,22365.36,4522
2026-03-27T15:45:00+00:00,22365.36,22394.85,22320.35,22325.85,3923
2026-03-27T16:00:00+00:00,22325.85,22335.84,22281.34,22321.34,4208
2026-03-27T16:15:00+00:00,22321.34,22330.35,22298.34,22328.86,3977
2026-03-27T16:30:00+00:00,22328.86,22339.84,22287.85,22308.84,3979
2026-03-27T16:45:00+00:00,22308.84,22349.36,22300.35,22318.35,2899
2026-03-27T17:00:00+00:00,22318.35,22365.99,22293.01,22323.49,2646
2026-03-27T17:15:00+00:00,22323.49,22328.49,22266.5,22280.01,1891
2026-03-27T17:30:00+00:00,22280.01,22293.99,22266.99,22270,1793
2026-03-27T17:45:00+00:00,22270,22286.51,22256.99,22261,1637
2026-03-27T18:00:00+00:00,22261,22267.49,22222.99,22230.01,1663
2026-03-27T18:15:00+00:00,22230.01,22251.01,22209.99,22235.5,2406
2026-03-27T18:30:00+00:00,22235.5,22270.51,22227.99,22251.51,2152
2026-03-27T18:45:00+00:00,22251.51,22254.99,22226.5,22238.99,1482
2026-03-27T19:00:00+00:00,22238.99,22244.5,22209.99,22225.5,1538
2026-03-27T19:15:00+00:00,22225.5,22240.5,22207.49,22215,1735
2026-03-27T19:30:00+00:00,22215,22226.5,22163,22180.99,2683
2026-03-27T19:45:00+00:00,22180.99,22226,22155.49,22210.51,3165
2026-03-27T20:00:00+00:00,22210.51,22242.01,22184.99,22199.49,1898
2026-03-27T20:15:00+00:00,22199.49,22202.5,22148.5,22163.49,1223
2026-03-27T20:30:00+00:00,22163.49,22179.51,22137.49,22158.49,1041
2026-03-27T20:45:00+00:00,22158.49,22158.51,22115.49,22115.99,955
2026-03-30T00:30:00+00:00,22115.99,22115.99,22013.75,22015.99,1364
2026-03-30T00:45:00+00:00,22015.99,22025.75,21951.74,21991.74,1506
2026-03-30T01:00:00+00:00,21991.74,22010.75,21969.74,21976.76,2223
2026-03-30T01:15:00+00:00,21976.76,21991.76,21961.74,21974.74,918
2026-03-30T01:30:00+00:00,21974.74,22034.75,21974.74,22032.74,1240
2026-03-30T01:45:00+00:00,22032.74,22050.74,22025.76,22040.75,483
2026-03-30T02:00:00+00:00,22040.75,22078.51,22033.74,22075.76,883
2026-03-30T02:15:00+00:00,22075.76,22075.76,22046.74,22065.51,1096
2026-03-30T02:30:00+00:00,22065.51,22109.74,22056.75,22100.75,692.0527077737726
2026-03-30T02:45:00+00:00,22100.75,22153.75,22099.74,22128.5,992
2026-03-30T03:00:00+00:00,22128.5,22173.5,22120.76,22148.74,840
2026-03-30T03:15:00+00:00,22148.74,22186.01,22143.75,22175.74,928
2026-03-30T03:30:00+00:00,22175.74,22186.51,22155.74,22178.75,1050
2026-03-30T03:45:00+00:00,22178.75,22191.51,22163.75,22179.99,821.9385474860335
2026-03-30T04:00:00+00:00,22179.99,22195.76,22170.74,22188.76,587
2026-03-30T04:15:00+00:00,22188.76,22224.51,22182.74,22217.74,668
2026-03-30T04:30:00+00:00,22217.74,22235.49,22183.75,22186.74,453.8967409948542
2026-03-30T04:45:00+00:00,22186.74,22192.74,22170.75,22183.51,489
2026-03-30T05:00:00+00:00,22183.51,22225.49,22176.74,22200.75,865
2026-03-30T05:15:00+00:00,22200.75,22226.99,22197.74,22207.49,867
2026-03-30T05:30:00+00:00,22207.49,22225.5,22195.74,22212.5,905
2026-03-30T05:45:00+00:00,22212.5,22222.49,22173.49,22174.99,1014
2026-03-30T06:00:00+00:00,22174.99,22245.51,22165.5,22232.5,2517
2026-03-30T06:15:00+00:00,22232.5,22270,22229.5,22254.01,2169
2026-03-30T06:30:00+00:00,22254.01,22292.51,22246.99,22281.49,2253
2026-03-30T06:45:00+00:00,22281.49,22324.01,22271.49,22274.01,2840
2026-03-30T07:00:00+00:00,22274.01,22329.36,22234.86,22320.86,7592
2026-03-30T07:15:00+00:00,22320.86,22322.36,22243.35,22261.35,6212
2026-03-30T07:30:00+00:00,22261.35,22290.85,22233.34,22266.34,7601
2026-03-30T07:45:00+00:00,22266.34,22308.85,22249.86,22303.85,4598
2026-03-30T08:00:00+00:00,22303.85,22315.36,22255.34,22305.85,5655
2026-03-30T08:15:00+00:00,22305.85,22342.86,22298.84,22332.86,4705
2026-03-30T08:30:00+00:00,22332.86,22377.86,22325.85,22352.35,3942
2026-03-30T08:45:00+00:00,22352.35,22385.85,22342.35,22379.86,3894
2026-03-30T09:00:00+00:00,22379.86,22401.34,22355.34,22358.86,4114
2026-03-30T09:15:00+00:00,22358.86,22358.86,22311.84,22313.86,4851
2026-03-30T09:30:00+00:00,22313.86,22329.86,22283.84,22288.84,4463
2026-03-30T09:45:00+00:00,22288.84,22297.86,22263.36,22278.36,4098
2026-03-30T10:00:00+00:00,22278.36,22306.84,22259.36,22300.36,4647
2026-03-30T10:15:00+00:00,22300.36,22335.36,22294.35,22320.35,2861
2026-03-30T10:30:00+00:00,22320.35,22323.86,22287.35,22295.84,3659
2026-03-30T10:45:00+00:00,22295.84,22341.86,22294.35,22341.86,3513
2026-03-30T11:00:00+00:00,22341.86,22404.84,22338.34,22381.35,2736
2026-03-30T11:15:00+00:00,22381.35,22564.86,22373.36,22441.35,7394
2026-03-30T11:30:00+00:00,22441.35,22449.84,22384.86,22402.36,8477
2026-03-30T11:45:00+00:00,22402.36,22425.84,22364.34,22385.86,4709
2026-03-30T12:00:00+00:00,22385.86,22388.86,22351.84,22373.35,3774
2026-03-30T12:15:00+00:00,22373.35,22414.86,22357.85,22411.34,3921
2026-03-30T12:30:00+00:00,22411.34,22441.85,22404.84,22432.84,3606
2026-03-30T12:45:00+00:00,22432.84,22443.36,22414.34,22442.36,3023
2026-03-30T13:00:00+00:00,22442.36,22460.36,22399.34,22436.84,3751
2026-03-30T13:15:00+00:00,22436.84,22462.85,22427.84,22447.84,3436
2026-03-30T13:30:00+00:00,22447.84,22470.86,22394.34,22407.86,10234
2026-03-30T13:45:00+00:00,22407.86,22422.36,22371.35,22382.84,8382
2026-03-30T14:00:00+00:00,22382.84,22463.36,22381.84,22447.35,8793
2026-03-30T14:15:00+00:00,22447.35,22453.34,22403.85,22422.36,10078
2026-03-30T14:30:00+00:00,22422.36,22479.86,22406.86,22410.85,9302
2026-03-30T14:45:00+00:00,22410.85,22525.86,22401.86,22525.36,10030.416907337609
2026-03-30T15:00:00+00:00,22525.36,22577.88,22494.37,22498.38,6581
2026-03-30T15:15:00+00:00,22498.38,22546.37,22485.36,22527.86,4936
2026-03-30T15:30:00+00:00,22527.86,22634.37,22521.36,22627.88,5493
2026-03-30T15:45:00+00:00,22627.88,22655.38,22609.37,22628.36,4909
2026-03-30T16:00:00+00:00,22628.36,22633.03,22580.510000000002,22602.53,4479
2026-03-30T16:15:00+00:00,22602.53,22603.010000000002,22562.510000000002,22565.510000000002,3084
2026-03-30T16:30:00+00:00,22565.510000000002,22593.03,22561.52,22578.03,3369
2026-03-30T16:45:00+00:00,22578.03,22578.03,22547.510000000002,22565.03,2397
2026-03-30T17:00:00+00:00,22565.03,22581.02,22541.010000000002,22545.03,2857
2026-03-30T17:15:00+00:00,22545.03,22548.52,22493.010000000002,22499.010000000002,3233
2026-03-30T17:30:00+00:00,22499.010000000002,22528.53,22477.510000000002,22525.010000000002,3137
2026-03-30T17:45:00+00:00,22525.010000000002,22534.010000000002,22495.03,22510.52,3014
2026-03-30T18:00:00+00:00,22510.52,22516.03,22488.03,22508.52,2488
2026-03-30T18:15:00+00:00,22508.52,22523.53,22479.53,22482.010000000002,2072
2026-03-30T18:30:00+00:00,22482.010000000002,22494.03,22451.510000000002,22465.510000000002,1674
2026-03-30T18:45:00+00:00,22465.510000000002,22473.03,22422.53,22433.010000000002,1962
2026-03-30T19:00:00+00:00,22433.010000000002,22437.02,22366.510000000002,22377.010000000002,2354
2026-03-30T19:15:00+00:00,22377.010000000002,22406.53,22376.03,22403.03,2226
2026-03-30T19:30:00+00:00,22403.03,22456.03,22403.03,22444.03,2788
2026-03-30T19:45:00+00:00,22444.03,22487.03,22431.510000000002,22480.78,3305
2026-03-31T00:30:00+00:00,22480.78,22494.010000000002,22352.260000000002,22491.28,3116
2026-03-31T00:45:00+00:00,22491.28,22609.010000000002,22484.27,22564.28,3949
2026-03-31T01:00:00+00:00,22564.28,22588.27,22496.27,22538.28,2295
2026-03-31T01:15:00+00:00,22538.28,22680.03,22533.260000000002,22678.52,2874
2026-03-31T01:30:00+00:00,22678.52,22764.27,22670.260000000002,22746.27,3866
2026-03-31T01:45:00+00:00,22746.27,22758.510000000002,22719.260000000002,22723.27,3727
2026-03-31T02:00:00+00:00,22723.27,22735.02,22689.260000000002,22708.27,2699
2026-03-31T02:15:00+00:00,22708.27,22742.010000000002,22707.27,22716.260000000002,2160
2026-03-31T02:30:00+00:00,22716.260000000002,22727.52,22688.260000000002,22709.27,1858
2026-03-31T02:45:00+00:00,22709.27,22750.02,22688.260000000002,22690.02,1524
2026-03-31T03:00:00+00:00,22690.02,22735.010000000002,22678.27,22711.010000000002,1427
2026-03-31T03:15:00+00:00,22711.010000000002,22711.53,22668.27,22671.27,1278
2026-03-31T03:30:00+00:00,22671.27,22683.53,22643.27,22651.28,1292
2026-03-31T03:45:00+00:00,22651.28,22662.02,22625.260000000002,22631.260000000002,1206
2026-03-31T04:00:00+00:00,22631.260000000002,22648.010000000002,22630.260000000002,22633.27,1201
2026-03-31T04:15:00+00:00,22633.27,22649.53,22619.02,22623.53,960
2026-03-31T04:30:00+00:00,22623.53,22643.02,22616.260000000002,22624.28,1034
2026-03-31T04:45:00+00:00,22624.28,22632.53,22599.010000000002,22599.52,868
2026-03-31T05:00:00+00:00,22599.52,22614.02,22556.03,22556.03,1275
2026-03-31T05:15:00+00:00,22556.03,22633.53,22540.260000000002,22621.53,1409
2026-03-31T05:30:00+00:00,22621.53,22690.03,22615.260000000002,22683.52,1779
2026-03-31T05:45:00+00:00,22683.52,22767.010000000002,22683.010000000002,22713.010000000002,2101
2026-03-31T06:00:00+00:00,22713.010000000002,22728.010000000002,22636.02,22655.52,2397
2026-03-31T06:15:00+00:00,22655.52,22704.52,22638.03,22687.510000000002,2726
2026-03-31T06:30:00+00:00,22687.510000000002,22690.02,22609.27,22621.03,3349
2026-03-31T06:45:00+00:00,22621.03,22653.53,22608.510000000002,22624.02,3101
2026-03-31T07:00:00+00:00,22624.02,22635.38,22531.37,22548.37,10004
2026-03-31T07:15:00+00:00,22548.37,22589.88,22520.37,22588.36,7543
2026-03-31T07:30:00+00:00,22588.36,22701.37,22587.36,22699.38,5886
2026-03-31T07:45:00+00:00,22699.38,22778.88,22694.86,22777.88,4644
2026-03-31T08:00:00+00:00,22777.88,22809.37,22736.87,22743.38,8070
2026-03-31T08:15:00+00:00,22743.38,22788.38,22735.36,22751.37,6238
2026-03-31T08:30:00+00:00,22751.37,22763.37,22708.36,22713.87,6396
2026-03-31T08:45:00+00:00,22713.87,22750.87,22692.87,22721.38,5278
2026-03-31T09:00:00+00:00,22721.38,22786.38,22712.260000000002,22752.36,4782
2026-03-31T09:15:00+00:00,22752.36,22781.37,22731.86,22751.87,4838
2026-03-31T09:30:00+00:00,22751.87,22774.37,22725.36,22770.37,5605
2026-03-31T09:45:00+00:00,22770.37,22794.88,22739.86,22765.36,4510
2026-03-31T10:00:00+00:00,22765.36,22817.88,22763.36,22771.37,4563
2026-03-31T10:15:00+00:00,22771.37,22775.88,22736.36,22761.86,4223
2026-03-31T10:30:00+00:00,22761.86,22767.37,22661.37,22670.88,5525
2026-03-31T10:45:00+00:00,22670.88,22743.87,22653.88,22735.38,3969
2026-03-31T11:00:00+00:00,22735.38,22897.87,22709.86,22793.36,9558
2026-03-31T11:15:00+00:00,22793.36,22837.88,22765.87,22776.86,9610
2026-03-31T11:30:00+00:00,22776.86,22811.37,22742.86,22803.38,6645
2026-03-31T11:45:00+00:00,22803.38,22803.88,22751.86,22790.88,7098
2026-03-31T12:00:00+00:00,22790.88,22852.86,22735.36,22740.38,8409
2026-03-31T12:15:00+00:00,22740.38,22848.38,22727.86,22843.37,8855
2026-03-31T12:30:00+00:00,22843.37,22847.38,22811.86,22842.86,5438
2026-03-31T12:45:00+00:00,22842.86,22848.38,22790.37,22794.87,5239
2026-03-31T13:00:00+00:00,22794.87,22817.37,22765.36,22783.37,5525
2026-03-31T13:15:00+00:00,22783.37,22837.38,22778.36,22812.37,3848
2026-03-31T13:30:00+00:00,22812.37,22829.37,22748.88,22768.37,9051
2026-03-31T13:45:00+00:00,22768.37,22868.87,22768.37,22840.86,6748
2026-03-31T14:00:00+00:00,22840.86,22848.38,22774.36,22817.38,7891
2026-03-31T14:15:00+00:00,22817.38,22832.87,22779.87,22827.36,8045
2026-03-31T14:30:00+00:00,22827.36,22850.37,22740.86,22753.37,6860
2026-03-31T14:45:00+00:00,22753.37,22766.38,22688.36,22704.38,7607
2026-03-31T15:00:00+00:00,22704.38,22783.86,22704.36,22781.36,6185
2026-03-31T15:15:00+00:00,22781.36,22791.88,22664.86,22665.36,5791
2026-03-31T15:30:00+00:00,22665.36,22726.37,22629.36,22711.86,7129
2026-03-31T15:45:00+00:00,22711.86,22728.36,22671.86,22678.86,5547
2026-03-31T16:00:00+00:00,22678.86,22701.53,22661.510000000002,22685.52,4280
2026-03-31T16:15:00+00:00,22685.52,22717.510000000002,22678.010000000002,22699.010000000002,3140
2026-03-31T16:30:00+00:00,22699.010000000002,23100.53,22681.010000000002,22984.28,10749
2026-03-31T16:45:00+00:00,22984.28,23008.03,22862.260000000002,22906.510000000002,14291
2026-03-31T17:00:00+00:00,22906.510000000002,22989.510000000002,22881.510000000002,22910.510000000002,8917
2026-03-31T17:15:00+00:00,22910.510000000002,22977.53,22908.510000000002,22939.52,6092
2026-03-31T17:30:00+00:00,22939.52,22996.53,22919.53,22935.52,6868
2026-03-31T17:45:00+00:00,22935.52,22961.53,22919.53,22934.52,4454
2026-03-31T18:00:00+00:00,22934.52,22973.03,22931.02,22955.53,3778
2026-03-31T18:15:00+00:00,22955.53,22980.02,22941.510000000002,22966.010000000002,3656
2026-03-31T18:30:00+00:00,22966.010000000002,22988.53,22947.010000000002,22973.510000000002,2893
2026-03-31T18:45:00+00:00,22973.510000000002,22989.02,22965.03,22981.02,2061
2026-03-31T19:00:00+00:00,22981.02,23024.03,22967.27,23022.52,1933
2026-03-31T19:15:00+00:00,23022.52,23048.03,23016.510000000002,23039.03,2081
2026-03-31T19:30:00+00:00,23039.03,23061.53,23035.52,23055.02,2179
2026-03-31T19:45:00+00:00,23055.02,23079.02,23038.510000000002,23053.760000000002,3513
2026-04-01T00:30:00+00:00,23053.760000000002,23118.010000000002,23053.760000000002,23115.52,1191
2026-04-01T00:45:00+00:00,23115.52,23128.03,23107.260000000002,23125.28,1012
2026-04-01T01:00:00+00:00,23125.28,23135.02,23068.260000000002,23087.03,2488
2026-04-01T01:15:00+00:00,23087.03,23108.03,23070.260000000002,23106.53,1690
2026-04-01T01:30:00+00:00,23106.53,23107.53,23063.02,23065.02,1236
2026-04-01T01:45:00+00:00,23065.02,23084.03,23056.53,23074.53,605
2026-04-01T02:00:00+00:00,23074.53,23097.010000000002,23068.27,23080.010000000002,750
2026-04-01T02:15:00+00:00,23080.010000000002,23084.03,23066.260000000002,23071.010000000002,686
2026-04-01T02:30:00+00:00,23071.010000000002,23072.010000000002,23056.260000000002,23071.02,580
2026-04-01T02:45:00+00:00,23071.02,23081.510000000002,23057.260000000002,23060.52,498
2026-04-01T03:00:00+00:00,23060.52,23073.010000000002,23052.260000000002,23072.53,489
2026-04-01T03:15:00+00:00,23072.53,23073.010000000002,23056.28,23071.010000000002,639
2026-04-01T03:30:00+00:00,23071.010000000002,23093.03,23071.010000000002,23091.53,599
2026-04-01T03:45:00+00:00,23091.53,23094.02,23080.03,23084.53,496
2026-04-01T04:00:00+00:00,23084.53,23095.52,23078.28,23086.02,360
2026-04-01T04:15:00+00:00,23086.02,23104.02,23084.510000000002,23103.010000000002,352
2026-04-01T04:30:00+00:00,23103.010000000002,23109.03,23094.260000000002,23100.010000000002,312
2026-04-01T04:45:00+00:00,23100.010000000002,23115.02,23097.03,23110.02,284
2026-04-01T05:00:00+00:00,23110.02,23135.53,23104.260000000002,23131.010000000002,367
2026-04-01T05:15:00+00:00,23131.010000000002,23153.03,23128.03,23134.53,510
2026-04-01T05:30:00+00:00,23134.53,23149.53,23124.27,23147.52,614
2026-04-01T05:45:00+00:00,23147.52,23149.02,23127.53,23133.53,842
2026-04-01T06:00:00+00:00,23133.53,23209.03,23130.260000000002,23208.52,1518
2026-04-01T06:15:00+00:00,23208.52,23287.52,23205.52,23278.52,2439
2026-04-01T06:30:00+00:00,23278.52,23342.53,23268.010000000002,23328.510000000002,2982
2026-04-01T06:45:00+00:00,23328.510000000002,23338.03,23292.52,23334.53,3389
2026-04-01T07:00:00+00:00,23334.53,23394.36,23308.88,23319.87,9241
2026-04-01T07:15:00+00:00,23319.87,23323.38,23266.88,23300.36,5397
2026-04-01T07:30:00+00:00,23300.36,23360.88,23295.36,23346.36,4746
2026-04-01T07:45:00+00:00,23346.36,23348.38,23187.88,23194.37,7283
2026-04-01T08:00:00+00:00,23194.37,23221.38,23150.86,23160.88,8950
2026-04-01T08:15:00+00:00,23160.88,23266.86,23158.36,23224.87,5199
2026-04-01T08:30:00+00:00,23224.87,23259.38,23214.38,23231.87,5678
2026-04-01T08:45:00+00:00,23231.87,23252.38,23155.36,23212.27,6442
2026-04-01T09:00:00+00:00,23212.27,23243.86,23148.36,23156.36,5581
2026-04-01T09:15:00+00:00,23156.36,23164.87,23064.88,23122.86,5813
2026-04-01T09:30:00+00:00,23122.86,23179.38,23120.86,23154.36,5117
2026-04-01T09:45:00+00:00,23154.36,23228.36,23145.87,23177.38,5449
2026-04-01T10:00:00+00:00,23177.38,23197.37,23126.36,23158.88,4884
2026-04-01T10:15:00+00:00,23158.88,23192.36,23143.36,23179.88,5090
2026-04-01T10:30:00+00:00,23179.88,23214.38,23158.38,23200.88,4181
2026-04-01T10:45:00+00:00,23200.88,23263.88,23199.37,23257.38,3626
2026-04-01T11:00:00+00:00,23257.38,23303.38,23249.86,23302.38,2855
2026-04-01T11:15:00+00:00,23302.38,23321.38,23275.88,23306.36,2728
2026-04-01T11:30:00+00:00,23306.36,23370.38,23304.86,23352.37,3536
2026-04-01T11:45:00+00:00,23352.37,23376.38,23346.88,23352.86,2689
2026-04-01T12:00:00+00:00,23352.86,23361.37,23311.37,23328.37,3610
2026-04-01T12:15:00+00:00,23328.37,23336.37,23282.38,23308.38,3121
2026-04-01T12:30:00+00:00,23308.38,23454.37,23268.37,23354.28,4599
2026-04-01T12:45:00+00:00,23354.28,23396.38,23238.88,23254.38,11057
2026-04-01T13:00:00+00:00,23254.38,23286.37,23227.87,23274.37,6939
2026-04-01T13:15:00+00:00,23274.37,23302.87,23257.88,23294.87,5869
2026-04-01T13:30:00+00:00,23294.87,23339.36,23200.88,23227.88,10509
2026-04-01T13:45:00+00:00,23227.88,23257.88,23190.86,23233.36,11743
2026-04-01T14:00:00+00:00,23233.36,23276.88,23219.38,23270.37,10354
2026-04-01T14:15:00+00:00,23270.37,23328.38,23267.86,23298.86,8576
2026-04-01T14:30:00+00:00,23298.86,23365.37,23267.36,23328.87,8883
2026-04-01T14:45:00+00:00,23328.87,23351.87,23313.86,23340.38,5751
2026-04-01T15:00:00+00:00,23340.38,23372.88,23320.36,23324.88,4422
2026-04-01T15:15:00+00:00,23324.88,23358.38,23310.88,23312.88,4384
2026-04-01T15:30:00+00:00,23312.88,23368.38,23298.86,23361.87,3755
2026-04-01T15:45:00+00:00,23361.87,23424.37,23354.36,23420.87,2168
2026-04-01T16:00:00+00:00,23420.87,23430.03,23378.010000000002,23383.52,2542
2026-04-01T16:15:00+00:00,23383.52,23392.510000000002,23361.53,23368.02,2621
2026-04-01T16:30:00+00:00,23368.02,23399.03,23358.52,23396.03,1990
2026-04-01T16:45:00+00:00,23396.03,23404.02,23386.03,23400.52,1084
2026-04-01T17:00:00+00:00,23400.52,23424.02,23394.510000000002,23420.53,1110
2026-04-01T17:15:00+00:00,23420.53,23422.510000000002,23401.02,23407.53,928
2026-04-01T17:30:00+00:00,23407.53,23411.510000000002,23384.510000000002,23387.510000000002,1080
2026-04-01T17:45:00+00:00,23387.510000000002,23393.52,23355.010000000002,23356.02,1380
2026-04-01T18:00:00+00:00,23356.02,23359.52,23324.52,23334.03,2741
2026-04-01T18:15:00+00:00,23334.03,23334.03,23256.510000000002,23261.53,2818
2026-04-01T18:30:00+00:00,23261.53,23284.53,23227.260000000002,23272.510000000002,3149
2026-04-01T18:45:00+00:00,23272.510000000002,23280.03,23252.510000000002,23264.02,2545
2026-04-01T19:00:00+00:00,23264.02,23295.03,23257.03,23291.510000000002,2208
2026-04-01T19:15:00+00:00,23291.510000000002,23357.53,23291.010000000002,23356.010000000002,1702
2026-04-01T19:30:00+00:00,23356.010000000002,23393.02,23345.52,23379.02,2166
2026-04-01T19:45:00+00:00,23379.02,23385.010000000002,23321.010000000002,23357.760000000002,3176
2026-04-02T00:30:00+00:00,23357.760000000002,23386.28,23318.28,23382.27,1009
2026-04-02T00:45:00+00:00,23382.27,23400.27,23373.260000000002,23388.260000000002,1167
2026-04-02T01:00:00+00:00,23388.260000000002,23398.28,23217.260000000002,23305.27,2862
2026-04-02T01:15:00+00:00,23305.27,23305.27,23075.28,23098.27,3622
2026-04-02T01:30:00+00:00,23098.27,23101.28,23013.260000000002,23040.28,3513
2026-04-02T01:45:00+00:00,23040.28,23053.28,22984.260000000002,23025.27,2550
2026-04-02T02:00:00+00:00,23025.27,23039.010000000002,22961.260000000002,22964.27,1674
2026-04-02T02:15:00+00:00,22964.27,22999.03,22954.28,22964.52,1925
2026-04-02T02:30:00+00:00,22964.52,22984.28,22954.260000000002,22975.260000000002,1661
2026-04-02T02:45:00+00:00,22975.260000000002,22991.28,22967.260000000002,22980.27,1614
2026-04-02T03:00:00+00:00,22980.27,22980.27,22938.27,22956.28,1363
2026-04-02T03:15:00+00:00,22956.28,22977.03,22952.260000000002,22962.260000000002,1410
2026-04-02T03:30:00+00:00,22962.260000000002,22968.28,22908.260000000002,22935.27,1803
2026-04-02T03:45:00+00:00,22935.27,22945.02,22909.28,22918.260000000002,1316
2026-04-02T04:00:00+00:00,22918.260000000002,22935.28,22902.260000000002,22913.260000000002,1694
2026-04-02T04:15:00+00:00,22913.260000000002,22934.52,22893.27,22893.27,918
2026-04-02T04:30:00+00:00,22893.27,22907.53,22877.28,22907.03,831
2026-04-02T04:45:00+00:00,22907.03,22918.510000000002,22863.27,22895.02,933
2026-04-02T05:00:00+00:00,22895.02,22914.03,22887.27,22894.03,1236
2026-04-02T05:15:00+00:00,22894.03,22904.03,22873.27,22887.28,965
2026-04-02T05:30:00+00:00,22887.28,22925.02,22858.260000000002,22872.27,1462
2026-04-02T05:45:00+00:00,22872.27,22876.02,22850.510000000002,22858.510000000002,1360
2026-04-02T06:00:00+00:00,22858.510000000002,22912.53,22858.510000000002,22891.53,2105
2026-04-02T06:15:00+00:00,22891.53,22931.010000000002,22883.010000000002,22922.53,2149
2026-04-02T06:30:00+00:00,22922.53,22925.53,22897.010000000002,22911.010000000002,1994
2026-04-02T06:45:00+00:00,22911.010000000002,22952.02,22885.03,22943.53,2407
2026-04-02T07:00:00+00:00,22943.53,23012.88,22933.87,23002.87,6244
2026-04-02T07:15:00+00:00,23002.87,23025.38,22971.36,23010.36,3969
2026-04-02T07:30:00+00:00,23010.36,23011.88,22974.37,22998.36,4027
2026-04-02T07:45:00+00:00,22998.36,23046.87,22998.36,23042.38,2972
2026-04-02T08:00:00+00:00,23042.38,23050.38,22984.37,23009.37,3965
2026-04-02T08:15:00+00:00,23009.37,23019.37,22974.37,23006.86,4209
2026-04-02T08:30:00+00:00,23006.86,23034.37,22993.36,23000.38,3433
2026-04-02T08:45:00+00:00,23000.38,23019.38,22987.87,23004.36,2900
2026-04-02T09:00:00+00:00,23004.36,23020.38,22942.86,22948.37,2431
2026-04-02T09:15:00+00:00,22948.37,22986.87,22941.88,22978.37,1976
2026-04-02T09:30:00+00:00,22978.37,22978.37,22925.37,22939.37,1732
2026-04-02T09:45:00+00:00,22939.37,22964.88,22927.88,22948.36,2191
2026-04-02T10:00:00+00:00,22948.36,22954.88,22894.88,22896.86,2123
2026-04-02T10:15:00+00:00,22896.86,22899.38,22851.88,22856.87,1892
2026-04-02T10:30:00+00:00,22856.87,22882.36,22832.87,22871.37,2410
2026-04-02T10:45:00+00:00,22871.37,22884.38,22857.38,22868.38,2125
2026-04-02T11:00:00+00:00,22868.38,22889.37,22838.36,22846.86,2467
2026-04-02T11:15:00+00:00,22846.86,22850.86,22791.37,22794.37,2086
2026-04-02T11:30:00+00:00,22794.37,22816.37,22776.87,22788.86,2042
2026-04-02T11:45:00+00:00,22788.86,22816.88,22765.86,22766.38,2063
2026-04-02T12:00:00+00:00,22766.38,22773.86,22718.36,22740.87,2705
2026-04-02T12:15:00+00:00,22740.87,22815.37,22732.86,22793.36,2199
2026-04-02T12:30:00+00:00,22793.36,22817.38,22786.86,22801.36,2221
2026-04-02T12:45:00+00:00,22801.36,22834.37,22796.88,22807.87,2562
2026-04-02T13:00:00+00:00,22807.87,22845.36,22793.86,22802.88,2676
2026-04-02T13:15:00+00:00,22802.88,22828.88,22797.36,22826.37,2373
2026-04-02T13:30:00+00:00,22826.37,22858.38,22811.87,22832.88,4590
2026-04-02T13:45:00+00:00,22832.88,22945.88,22829.38,22938.38,3783
2026-04-02T14:00:00+00:00,22938.38,22948.86,22898.37,22932.86,3882
2026-04-02T14:15:00+00:00,22932.86,22979.38,22931.86,22963.86,3138
2026-04-02T14:30:00+00:00,22963.86,23301.27,22958.86,23195.36,11257
2026-04-02T14:45:00+00:00,23195.36,23216.87,23123.38,23186.88,5743.704761375632
2026-04-02T15:00:00+00:00,23186.88,23207.38,23147.88,23189.38,5415
2026-04-02T15:15:00+00:00,23189.38,23214.86,23122.88,23156.87,4726
2026-04-02T15:30:00+00:00,23156.87,23214.87,23147.36,23189.37,3225
2026-04-02T15:45:00+00:00,23189.37,23191.37,23118.88,23158.36,2070
2026-04-02T16:00:00+00:00,23158.36,23182.03,23122.510000000002,23157.52,2019
2026-04-02T16:15:00+00:00,23157.52,23171.52,23118.53,23154.52,1905
2026-04-02T16:30:00+00:00,23154.52,23209.53,23139.760000000002,23198.52,1981
2026-04-02T16:45:00+00:00,23198.52,23210.03,23181.510000000002,23181.53,1050
2026-04-02T17:00:00+00:00,23181.53,23240.03,23172.77,23235.52,1187
2026-04-02T17:15:00+00:00,23235.52,23261.010000000002,23227.53,23244.53,1001
2026-04-02T17:30:00+00:00,23244.53,23254.010000000002,23225.760000000002,23241.02,948
2026-04-02T17:45:00+00:00,23241.02,23242.53,23187.760000000002,23211.010000000002,1068
2026-04-02T18:00:00+00:00,23211.010000000002,23235.53,23209.53,23225.010000000002,860
2026-04-02T18:15:00+00:00,23225.010000000002,23233.02,23210.010000000002,23217.53,987
2026-04-02T18:30:00+00:00,23217.53,23243.02,23212.760000000002,23236.010000000002,741
2026-04-02T18:45:00+00:00,23236.010000000002,23246.03,23229.03,23231.02,657
2026-04-02T19:00:00+00:00,23231.02,23250.510000000002,23221.52,23241.52,549
2026-04-02T19:15:00+00:00,23241.52,23248.510000000002,23225.010000000002,23232.02,665
2026-04-02T19:30:00+00:00,23232.02,23235.02,23220.02,23223.53,617
2026-04-02T19:45:00+00:00,23223.53,23263.52,23214.010000000002,23258.28,1033
2026-04-07T00:30:00+00:00,23258.28,23384.03,23258.28,23354.77,306
2026-04-07T00:45:00+00:00,23354.77,23360.28,23331.260000000002,23337.260000000002,241.2688710343294
2026-04-07T01:00:00+00:00,23337.260000000002,23364.77,23305.760000000002,23317.78,684.1713838659521
2026-04-07T01:15:00+00:00,23317.78,23346.28,23312.28,23346.27,678.5291595327626
2026-04-07T01:30:00+00:00,23346.27,23346.27,23291.260000000002,23301.28,1083
2026-04-07T01:45:00+00:00,23301.28,23314.27,23252.260000000002,23266.53,1610
2026-04-07T02:00:00+00:00,23266.53,23268.02,23239.260000000002,23248.27,1384
2026-04-07T02:15:00+00:00,23248.27,23259.27,23236.260000000002,23249.28,1561
2026-04-07T02:30:00+00:00,23249.28,23270.28,23248.28,23266.260000000002,914
2026-04-07T02:45:00+00:00,23266.260000000002,23284.27,23260.28,23264.27,719
2026-04-07T03:00:00+00:00,23264.27,23271.28,23256.260000000002,23257.260000000002,683
2026-04-07T03:15:00+00:00,23257.260000000002,23258.28,23243.260000000002,23249.260000000002,585
2026-04-07T03:30:00+00:00,23249.260000000002,23260.03,23245.260000000002,23249.27,612
2026-04-07T03:45:00+00:00,23249.27,23265.03,23248.260000000002,23251.260000000002,513
2026-04-07T04:00:00+00:00,23251.260000000002,23260.03,23232.27,23236.260000000002,576
2026-04-07T04:15:00+00:00,23236.260000000002,23266.260000000002,23233.28,23258.260000000002,926
2026-04-07T04:30:00+00:00,23258.260000000002,23279.260000000002,23232.510000000002,23233.010000000002,756
2026-04-07T04:45:00+00:00,23233.010000000002,23245.010000000002,23218.510000000002,23220.53,447
2026-04-07T05:00:00+00:00,23220.53,23236.52,23215.260000000002,23231.260000000002,721
2026-04-07T05:15:00+00:00,23231.260000000002,23231.28,23200.260000000002,23206.03,863
2026-04-07T05:30:00+00:00,23206.03,23226.010000000002,23194.02,23203.260000000002,1104
2026-04-07T05:45:00+00:00,23203.260000000002,23226.02,23203.260000000002,23214.02,771
2026-04-07T06:00:00+00:00,23214.02,23227.53,23190.52,23191.510000000002,1484
2026-04-07T06:15:00+00:00,23191.510000000002,23212.03,23175.010000000002,23202.03,1526
2026-04-07T06:30:00+00:00,23202.03,23207.510000000002,23163.03,23178.03,1778
2026-04-07T06:45:00+00:00,23178.03,23250.03,23168.02,23246.510000000002,2162
2026-04-07T07:00:00+00:00,23246.510000000002,23291.38,23224.38,23249.87,7026
2026-04-07T07:15:00+00:00,23249.87,23257.37,23188.86,23200.37,5195
2026-04-07T07:30:00+00:00,23200.37,23251.88,23181.38,23236.87,4881
2026-04-07T07:45:00+00:00,23236.87,23269.37,23197.36,23266.86,4248
2026-04-07T08:00:00+00:00,23266.86,23384.38,23261.38,23371.38,9245
2026-04-07T08:15:00+00:00,23371.38,23451.88,23346.86,23432.38,7553
2026-04-07T08:30:00+00:00,23432.38,23476.37,23423.38,23438.86,6634
2026-04-07T08:45:00+00:00,23438.86,23455.37,23395.86,23419.38,4863
2026-04-07T09:00:00+00:00,23419.38,23476.36,23414.36,23450.87,5135
2026-04-07T09:15:00+00:00,23450.87,23492.38,23435.86,23473.86,4698
2026-04-07T09:30:00+00:00,23473.86,23501.38,23459.36,23467.36,4091
2026-04-07T09:45:00+00:00,23467.36,23486.37,23439.86,23463.87,3245
2026-04-07T10:00:00+00:00,23463.87,23481.36,23271.260000000002,23413.86,6024
2026-04-07T10:15:00+00:00,23413.86,23444.87,23297.38,23359.87,7394
2026-04-07T10:30:00+00:00,23359.87,23369.88,23241.28,23293.88,6262
2026-04-07T10:45:00+00:00,23293.88,23301.37,23186.36,23211.37,7358
2026-04-07T11:00:00+00:00,23211.37,23253.37,23195.37,23228.86,5322
2026-04-07T11:15:00+00:00,23228.86,23272.88,23210.86,23215.38,4454
2026-04-07T11:30:00+00:00,23215.38,23237.87,23163.38,23216.86,5480
2026-04-07T11:45:00+00:00,23216.86,23219.37,23174.88,23189.87,3660
2026-04-07T12:00:00+00:00,23189.87,23230.36,23106.28,23161.37,5474
2026-04-07T12:15:00+00:00,23161.37,23251.38,23129.37,23250.86,5455
2026-04-07T12:30:00+00:00,23250.86,23255.38,23204.36,23207.88,3199
2026-04-07T12:45:00+00:00,23207.88,23279.88,23142.87,23175.88,4932
2026-04-07T13:00:00+00:00,23175.88,23226.88,23152.27,23196.36,4922
2026-04-07T13:15:00+00:00,23196.36,23215.38,23173.86,23187.87,3953
2026-04-07T13:30:00+00:00,23187.87,23211.37,23108.87,23112.37,7113
2026-04-07T13:45:00+00:00,23112.37,23116.37,23023.86,23025.38,5223
2026-04-07T14:00:00+00:00,23025.38,23031.36,22930.36,22990.87,6650
2026-04-07T14:15:00+00:00,22990.87,23079.37,22985.37,23066.36,6474
2026-04-07T14:30:00+00:00,23066.36,23113.88,23047.88,23081.86,5867
2026-04-07T14:45:00+00:00,23081.86,23139.36,22976.86,22978.88,4914
2026-04-07T15:00:00+00:00,22978.88,22986.86,22939.36,22951.36,5479
2026-04-07T15:15:00+00:00,22951.36,23031.87,22948.36,23029.38,6026
2026-04-07T15:30:00+00:00,23029.38,23033.37,22971.36,22974.88,5239
2026-04-07T15:45:00+00:00,22974.88,23036.37,22959.86,23003.88,3696
2026-04-07T16:00:00+00:00,23003.88,23119.510000000002,22996.510000000002,23076.010000000002,4713
2026-04-07T16:15:00+00:00,23076.010000000002,23113.02,23041.510000000002,23100.52,4069
2026-04-07T16:30:00+00:00,23100.52,23132.02,23088.53,23110.03,2911
2026-04-07T16:45:00+00:00,23110.03,23151.03,23109.52,23122.010000000002,2713
2026-04-07T17:00:00+00:00,23122.010000000002,23151.53,23112.010000000002,23128.02,2213
2026-04-07T17:15:00+00:00,23128.02,23136.03,23081.52,23092.52,1727
2026-04-07T17:30:00+00:00,23092.52,23196.510000000002,23092.52,23148.52,2557
2026-04-07T17:45:00+00:00,23148.52,23174.010000000002,23132.27,23151.52,939
2026-04-07T18:00:00+00:00,23151.52,23161.02,23127.52,23146.28,596
2026-04-07T18:15:00+00:00,23146.28,23169.52,23146.02,23164.02,672
2026-04-07T18:30:00+00:00,23164.02,23168.010000000002,23124.02,23131.510000000002,682
2026-04-07T18:45:00+00:00,23131.510000000002,23143.010000000002,23095.52,23108.010000000002,839
2026-04-07T19:00:00+00:00,23108.010000000002,23117.510000000002,23078.260000000002,23103.02,891
2026-04-07T19:15:00+00:00,23103.02,23269.02,23095.260000000002,23191.02,1719
2026-04-07T19:30:00+00:00,23191.02,23205.02,23152.260000000002,23189.28,1045
2026-04-07T19:45:00+00:00,23189.28,23467.53,23180.27,23311.78,1493
2026-04-08T00:30:00+00:00,23311.78,24061.11,23311.78,23995.350000000002,2056
2026-04-08T00:45:00+00:00,23995.350000000002,24046.36,23991.34,24019.36,2281
2026-04-08T01:00:00+00:00,24019.36,24043.09,23987.34,24030.59,1983
2026-04-08T01:15:00+00:00,24030.59,24054.100000000002,24010.36,24030.600000000002,1720
2026-04-08T01:30:00+00:00,24030.600000000002,24108.100000000002,24011.34,24091.100000000002,1483
2026-04-08T01:45:00+00:00,24091.100000000002,24149.09,24091.100000000002,24144.11,1240
2026-04-08T02:00:00+00:00,24144.11,24172.61,24138.36,24146.100000000002,1026
2026-04-08T02:15:00+00:00,24146.100000000002,24161.11,24122.34,24130.350000000002,935
2026-04-08T02:30:00+00:00,24130.350000000002,24168.61,24122.34,24123.350000000002,1150
2026-04-08T02:45:00+00:00,24123.350000000002,24132.11,24111.34,24125.61,830
2026-04-08T03:00:00+00:00,24125.61,24137.100000000002,24118.350000000002,24126.34,705
2026-04-08T03:15:00+00:00,24126.34,24139.600000000002,24093.59,24095.59,917
2026-04-08T03:30:00+00:00,24095.59,24114.11,24084.34,24100.350000000002,1211
2026-04-08T03:45:00+00:00,24100.350000000002,24115.100000000002,24092.36,24107.59,687
2026-04-08T04:00:00+00:00,24107.59,24159.59,24103.34,24154.11,1043
2026-04-08T04:15:00+00:00,24154.11,24211.11,24143.34,24210.600000000002,911
2026-04-08T04:30:00+00:00,24210.600000000002,24227.09,24202.350000000002,24204.61,778
2026-04-08T04:45:00+00:00,24204.61,24232.36,24192.36,24198.59,832
2026-04-08T05:00:00+00:00,24198.59,24202.09,24116.100000000002,24141.100000000002,1745
2026-04-08T05:15:00+00:00,24141.100000000002,24197.100000000002,24134.34,24192.11,1128
2026-04-08T05:30:00+00:00,24192.11,24213.100000000002,24156.36,24193.59,1589
2026-04-08T05:45:00+00:00,24193.59,24224.100000000002,24163.34,24206.600000000002,1639
2026-04-08T06:00:00+00:00,24206.600000000002,24341.11,24206.600000000002,24234.59,3617
2026-04-08T06:15:00+00:00,24234.59,24251.600000000002,24198.11,24201.59,2634
2026-04-08T06:30:00+00:00,24201.59,24267.11,24173.11,24238.11,3479
2026-04-08T06:45:00+00:00,24238.11,24289.100000000002,24213.59,24231.100000000002,4022
2026-04-08T07:00:00+00:00,24231.100000000002,24252.95,24077.94,24092.46,10850
2026-04-08T07:15:00+00:00,24092.46,24226.95,24075.94,24179.94,8113
2026-04-08T07:30:00+00:00,24179.94,24179.94,24084.45,24085.95,7511
2026-04-08T07:45:00+00:00,24085.95,24121.94,24045.95,24059.45,6704
2026-04-08T08:00:00+00:00,24059.45,24087.96,24023.44,24074.46,7126
2026-04-08T08:15:00+00:00,24074.46,24097.96,24023.45,24058.46,5961
2026-04-08T08:30:00+00:00,24058.46,24120.96,24003.44,24039.94,5883
2026-04-08T08:45:00+00:00,24039.94,24082.46,24036.46,24068.44,4049
2026-04-08T09:00:00+00:00,24068.44,24112.96,24021.44,24103.96,3052
2026-04-08T09:15:00+00:00,24103.96,24109.96,24063.45,24072.44,2739
2026-04-08T09:30:00+00:00,24072.44,24103.94,23986.95,23989.46,3365
2026-04-08T09:45:00+00:00,23989.46,24074.95,23976.44,24045.94,4091
2026-04-08T10:00:00+00:00,24045.94,24060.95,24018.45,24050.44,3308
2026-04-08T10:15:00+00:00,24050.44,24120.96,24022.46,24113.96,2772
2026-04-08T10:30:00+00:00,24113.96,24166.45,24110.94,24163.95,2264
2026-04-08T10:45:00+00:00,24163.95,24170.44,24139.94,24147.44,1962
2026-04-08T11:00:00+00:00,24147.44,24192.95,24121.94,24177.94,2469
2026-04-08T11:15:00+00:00,24177.94,24246.46,24140.34,24204.46,3181
2026-04-08T11:30:00+00:00,24204.46,24227.45,24172.36,24208.44,3060
2026-04-08T11:45:00+00:00,24208.44,24250.46,24193.45,24211.95,2752
2026-04-08T12:00:00+00:00,24211.95,24258.94,24202.96,24250.45,3199
2026-04-08T12:15:00+00:00,24250.45,24259.95,24119.350000000002,24201.45,6583
2026-04-08T12:30:00+00:00,24201.45,24250.46,24194.44,24238.46,3121
2026-04-08T12:45:00+00:00,24238.46,24270.45,24225.94,24238.94,2726
2026-04-08T13:00:00+00:00,24238.94,24267.46,24203.94,24221.44,2864
2026-04-08T13:15:00+00:00,24221.44,24239.45,24200.96,24205.94,3058
2026-04-08T13:30:00+00:00,24205.94,24221.95,24117.46,24140.96,7400
2026-04-08T13:45:00+00:00,24140.96,24207.46,24130.45,24176.45,6353
2026-04-08T14:00:00+00:00,24176.45,24218.46,24135.34,24202.46,6632
2026-04-08T14:15:00+00:00,24202.46,24219.95,24137.44,24144.46,5360
2026-04-08T14:30:00+00:00,24144.46,24149.44,24093.94,24100.44,6128
2026-04-08T14:45:00+00:00,24100.44,24131.44,24058.95,24120.46,6191
2026-04-08T15:00:00+00:00,24120.46,24140.95,24065.95,24101.45,5048
2026-04-08T15:15:00+00:00,24101.45,24146.96,24078.95,24114.45,4474
2026-04-08T15:30:00+00:00,24114.45,24209.46,24108.44,24188.45,4318
2026-04-08T15:45:00+00:00,24188.45,24211.94,24188.45,24195.45,1738
2026-04-08T16:00:00+00:00,24195.45,24217.600000000002,24186.34,24194.100000000002,1646
2026-04-08T16:15:00+00:00,24194.100000000002,24198.59,24156.59,24166.59,1547
2026-04-08T16:30:00+00:00,24166.59,24181.61,24156.11,24175.600000000002,1225
2026-04-08T16:45:00+00:00,24175.600000000002,24197.61,24173.61,24182.59,652
2026-04-08T17:00:00+00:00,24182.59,24192.59,24151.09,24168.61,905
2026-04-08T17:15:00+00:00,24168.61,24175.100000000002,24116.600000000002,24131.09,1461
2026-04-08T17:30:00+00:00,24131.09,24158.11,24125.34,24149.59,1473
2026-04-08T17:45:00+00:00,24149.59,24157.100000000002,24137.34,24152.61,726
2026-04-08T18:00:00+00:00,24152.61,24177.61,24137.34,24168.100000000002,706
2026-04-08T18:15:00+00:00,24168.100000000002,24174.59,24054.34,24104.61,2925
2026-04-08T18:30:00+00:00,24104.61,24121.61,24059.100000000002,24063.09,1465
2026-04-08T18:45:00+00:00,24063.09,24073.100000000002,24027.61,24034.61,1057
2026-04-08T19:00:00+00:00,24034.61,24066.61,24023.100000000002,24056.100000000002,1222
2026-04-08T19:15:00+00:00,24056.100000000002,24062.59,24018.59,24026.100000000002,1299
2026-04-08T19:30:00+00:00,24026.100000000002,24094.11,24025.600000000002,24089.59,1569
2026-04-08T19:45:00+00:00,24089.59,24156.600000000002,24080.59,24138.36,1763
2026-04-09T00:30:00+00:00,24138.36,24138.36,24033.81,24037.54,1187
2026-04-09T00:45:00+00:00,24037.54,24042.79,24006.8,24009.06,1077
2026-04-09T01:00:00+00:00,24009.06,24023.54,23984.04,23991.55,1573
2026-04-09T01:15:00+00:00,23991.55,23991.56,23962.56,23974.56,1113
2026-04-09T01:30:00+00:00,23974.56,23998.55,23957.79,23979.8,1456
2026-04-09T01:45:00+00:00,23979.8,24007.8,23974.79,24000.81,1207
2026-04-09T02:00:00+00:00,24000.81,24012.55,23988.79,23995.79,1052
2026-04-09T02:15:00+00:00,23995.79,24009.56,23983.8,23989.79,1023
2026-04-09T02:30:00+00:00,23989.79,24011.56,23988.8,24003.04,590
2026-04-09T02:45:00+00:00,24003.04,24010.06,23988.8,23991.8,647
2026-04-09T03:00:00+00:00,23991.8,24005.81,23987.8,23993.81,472
2026-04-09T03:15:00+00:00,23993.81,24003.06,23981.79,23985.81,509
2026-04-09T03:30:00+00:00,23985.81,24000.81,23973.06,23981.06,673
2026-04-09T03:45:00+00:00,23981.06,23996.06,23966.8,23981.81,884
2026-04-09T04:00:00+00:00,23981.81,23994.81,23977.8,23989.54,659
2026-04-09T04:15:00+00:00,23989.54,23994.54,23971.79,23979.56,337
2026-04-09T04:30:00+00:00,23979.56,23991.55,23969.79,23987.04,303.1574722107863
2026-04-09T04:45:00+00:00,23987.04,23997.54,23981.8,23986.8,498
2026-04-09T05:00:00+00:00,23986.8,23996.55,23974.8,23981.81,847
2026-04-09T05:15:00+00:00,23981.81,24022.56,23981.81,24021.56,967
2026-04-09T05:30:00+00:00,24021.56,24063.04,24015.79,24053.56,851
2026-04-09T05:45:00+00:00,24053.56,24057.04,24012.8,24026.04,909
2026-04-09T06:00:00+00:00,24026.04,24069.06,24021.81,24039.05,1338
2026-04-09T06:15:00+00:00,24039.05,24045.54,24021.04,24034.55,1541
2026-04-09T06:30:00+00:00,24034.55,24038.56,24015.56,24022.05,1666
2026-04-09T06:45:00+00:00,24022.05,24043.55,23989.05,24042.56,1881
2026-04-09T07:00:00+00:00,24042.56,24104.91,24012.4,24029.91,6420
2026-04-09T07:15:00+00:00,24029.91,24029.91,23955.39,23979.9,5378
2026-04-09T07:30:00+00:00,23979.9,23987.39,23931.4,23935.91,4482
2026-04-09T07:45:00+00:00,23935.91,23946.41,23893.91,23935.4,3780
2026-04-09T08:00:00+00:00,23935.4,23941.4,23894.91,23906.9,4343
2026-04-09T08:15:00+00:00,23906.9,23935.41,23879.41,23883.89,3821
2026-04-09T08:30:00+00:00,23883.89,23903.41,23870.39,23900.89,3933
2026-04-09T08:45:00+00:00,23900.89,23911.91,23854.89,23859.89,3040
2026-04-09T09:00:00+00:00,23859.89,23897.91,23841.9,23889.9,3110
2026-04-09T09:15:00+00:00,23889.9,23912.9,23876.39,23898.89,2645
2026-04-09T09:30:00+00:00,23898.89,23905.41,23872.89,23875.89,2561
2026-04-09T09:45:00+00:00,23875.89,23901.89,23875.89,23897.9,2216
2026-04-09T10:00:00+00:00,23897.9,23913.4,23871.39,23875.9,2885
2026-04-09T10:15:00+00:00,23875.9,23912.41,23865.4,23897.89,2731
2026-04-09T10:30:00+00:00,23897.89,23913.41,23879.89,23903.91,2236
2026-04-09T10:45:00+00:00,23903.91,23911.91,23860.9,23864.41,3176
2026-04-09T11:00:00+00:00,23864.41,23889.41,23854.9,23860.9,2985
2026-04-09T11:15:00+00:00,23860.9,23878.89,23847.41,23869.91,2256
2026-04-09T11:30:00+00:00,23869.91,23927.4,23867.9,23915.4,2417
2026-04-09T11:45:00+00:00,23915.4,23941.4,23913.41,23925.91,2329
2026-04-09T12:00:00+00:00,23925.91,23939.41,23905.9,23914.9,2195
2026-04-09T12:15:00+00:00,23914.9,23930.4,23892.91,23929.89,2124
2026-04-09T12:30:00+00:00,23929.89,23945.89,23893.39,23900.41,4335
2026-04-09T12:45:00+00:00,23900.41,23912.4,23859.89,23868.4,2779
2026-04-09T13:00:00+00:00,23868.4,23878.9,23839.41,23856.41,3729
2026-04-09T13:15:00+00:00,23856.41,23869.91,23836.91,23866.4,2397
2026-04-09T13:30:00+00:00,23866.4,23879.41,23821.4,23846.9,5153
2026-04-09T13:45:00+00:00,23846.9,23849.4,23783.9,23811.91,5817
2026-04-09T14:00:00+00:00,23811.91,23829.91,23780.9,23810.41,5308
2026-04-09T14:15:00+00:00,23810.41,23816.91,23768.4,23785.9,4764
2026-04-09T14:30:00+00:00,23785.9,23812.91,23773.89,23795.4,3843
2026-04-09T14:45:00+00:00,23795.4,23824.41,23790.89,23805.41,3636
2026-04-09T15:00:00+00:00,23805.41,23815.41,23766.89,23810.91,3519
2026-04-09T15:15:00+00:00,23810.91,23867.4,23808.89,23857.41,4657
2026-04-09T15:30:00+00:00,23857.41,23948.39,23841.89,23922.91,10150
2026-04-09T15:45:00+00:00,23922.91,23989.41,23910.41,23978.4,4519
2026-04-09T16:00:00+00:00,23978.4,24038.05,23978.04,23984.55,3772
2026-04-09T16:15:00+00:00,23984.55,24021.05,23981.04,23991.56,2758
2026-04-09T16:30:00+00:00,23991.56,24000.56,23963.54,23970.05,2799
2026-04-09T16:45:00+00:00,23970.05,23994.04,23950.55,23981.54,2032
2026-04-09T17:00:00+00:00,23981.54,24008.56,23964.05,24003.55,1704
2026-04-09T17:15:00+00:00,24003.55,24026.56,23997.54,24000.04,1485
2026-04-09T17:30:00+00:00,24000.04,24032.56,23979.55,24011.54,1679
2026-04-09T17:45:00+00:00,24011.54,24019.04,23998.54,24008.56,1293
2026-04-09T18:00:00+00:00,24008.56,24009.56,23941.06,23962.54,3212
2026-04-09T18:15:00+00:00,23962.54,23985.06,23948.55,23950.04,2687
2026-04-09T18:30:00+00:00,23950.04,23961.54,23923.55,23946.04,1771
2026-04-09T18:45:00+00:00,23946.04,23967.55,23939.04,23963.04,1464
2026-04-09T19:00:00+00:00,23963.04,23996.56,23954.55,23987.55,1259
2026-04-09T19:15:00+00:00,23987.55,23993.06,23972.05,23987.06,1300
2026-04-09T19:30:00+00:00,23987.06,24007.05,23983.54,23993.54,1256
2026-04-09T19:45:00+00:00,23993.54,24005.55,23966.05,23991.81,1919
2026-04-10T00:30:00+00:00,23991.81,23991.81,23937,23951,625
2026-04-10T00:45:00+00:00,23951,23970.77,23935.02,23962.010000000002,412
2026-04-10T01:00:00+00:00,23962.010000000002,23964.77,23937.02,23959,470
2026-04-10T01:15:00+00:00,23959,23970.77,23955,23968.760000000002,535
2026-04-10T01:30:00+00:00,23968.760000000002,24024.25,23961.010000000002,24015.02,825
2026-04-10T01:45:00+00:00,24015.02,24017.75,23992.02,23996.760000000002,657
2026-04-10T02:00:00+00:00,23996.760000000002,23998.77,23976,23978.02,930
2026-04-10T02:15:00+00:00,23978.02,23985.77,23961.02,23979,516
2026-04-10T02:30:00+00:00,23979,23990.760000000002,23972,23985,469
2026-04-10T02:45:00+00:00,23985,23989,23982,23987.27,285
2026-04-10T03:00:00+00:00,23987.27,24008.75,23986.02,24004.760000000002,287
2026-04-10T03:15:00+00:00,24004.760000000002,24007.760000000002,23973.760000000002,23973.760000000002,355
2026-04-10T03:30:00+00:00,23973.760000000002,24002.010000000002,23973.760000000002,23988.25,469
2026-04-10T03:45:00+00:00,23988.25,24008.27,23983,23991.25,415
2026-04-10T04:00:00+00:00,23991.25,24006.27,23978,23980.27,382
2026-04-10T04:15:00+00:00,23980.27,24013.25,23980.27,24011.77,516
2026-04-10T04:30:00+00:00,24011.77,24025.260000000002,23996.02,24010.02,592
2026-04-10T04:45:00+00:00,24010.02,24013.77,23993.02,24000.75,289
2026-04-10T05:00:00+00:00,24000.75,24020.27,24000.75,24007.25,489
2026-04-10T05:15:00+00:00,24007.25,24012.27,23984.02,23986.010000000002,555
2026-04-10T05:30:00+00:00,23986.010000000002,24020.260000000002,23973.010000000002,24003.760000000002,908
2026-04-10T05:45:00+00:00,24003.760000000002,24012.760000000002,23977.77,23986.02,704
2026-04-10T06:00:00+00:00,23986.02,24004.760000000002,23961.25,23963.75,832
2026-04-10T06:15:00+00:00,23963.75,23968.27,23945.75,23963.760000000002,969
2026-04-10T06:30:00+00:00,23963.760000000002,23974.25,23935.77,23961.75,1106
2026-04-10T06:45:00+00:00,23961.75,23966.77,23941.75,23953.75,1511
2026-04-10T07:00:00+00:00,23953.75,23955.11,23907.600000000002,23915.12,5349
2026-04-10T07:15:00+00:00,23915.12,23952.11,23896.12,23945.12,3505
2026-04-10T07:30:00+00:00,23945.12,23965.12,23935.100000000002,23944.11,2533
2026-04-10T07:45:00+00:00,23944.11,23971.12,23926.600000000002,23953.12,2727
2026-04-10T08:00:00+00:00,23953.12,23962.61,23914.61,23938.11,3277
2026-04-10T08:15:00+00:00,23938.11,23959.61,23918.600000000002,23945.62,2565
2026-04-10T08:30:00+00:00,23945.62,23955.100000000002,23927.100000000002,23946.12,2299
2026-04-10T08:45:00+00:00,23946.12,23950.12,23863.11,23879.100000000002,2716
2026-04-10T09:00:00+00:00,23879.100000000002,23911.100000000002,23876.100000000002,23898.100000000002,2353
2026-04-10T09:15:00+00:00,23898.100000000002,24036.12,23890.100000000002,23965.12,8156
2026-04-10T09:30:00+00:00,23965.12,24008.61,23938.62,24006.11,4176
2026-04-10T09:45:00+00:00,24006.11,24047.12,23995.100000000002,24028.11,4558
2026-04-10T10:00:00+00:00,24028.11,24045.12,23980.12,23985.12,3555
2026-04-10T10:15:00+00:00,23985.12,24078.61,23984.11,24074.100000000002,2924
2026-04-10T10:30:00+00:00,24074.100000000002,24090.11,24050.100000000002,24065.100000000002,2982
2026-04-10T10:45:00+00:00,24065.100000000002,24105.62,24060.600000000002,24078.100000000002,2676
2026-04-10T11:00:00+00:00,24078.100000000002,24124.600000000002,24068.12,24089.600000000002,2888
2026-04-10T11:15:00+00:00,24089.600000000002,24111.62,24072.600000000002,24084.600000000002,2177
2026-04-10T11:30:00+00:00,24084.600000000002,24093.62,24071.11,24085.100000000002,2448
2026-04-10T11:45:00+00:00,24085.100000000002,24093.12,24047.100000000002,24058.600000000002,2086
2026-04-10T12:00:00+00:00,24058.600000000002,24100.12,24048.100000000002,24085.600000000002,2595
2026-04-10T12:15:00+00:00,24085.600000000002,24099.62,24072.600000000002,24080.010000000002,2380
2026-04-10T12:30:00+00:00,24080.010000000002,24155.62,24080,24104.600000000002,3624
2026-04-10T12:45:00+00:00,24104.600000000002,24109.62,24066.11,24071.11,2573
2026-04-10T13:00:00+00:00,24071.11,24100.12,24055.600000000002,24068.62,2884
2026-04-10T13:15:00+00:00,24068.62,24084.12,24060.12,24079.61,2934
2026-04-10T13:30:00+00:00,24079.61,24091.12,23999.100000000002,24010.62,6302
2026-04-10T13:45:00+00:00,24010.62,24024.62,23967.100000000002,24023.62,4556
2026-04-10T14:00:00+00:00,24023.62,24056.12,23990,24053.61,4098
2026-04-10T14:15:00+00:00,24053.61,24072.62,24046.100000000002,24069.11,2917
2026-04-10T14:30:00+00:00,24069.11,24076.600000000002,23974.12,23995.100000000002,3502
2026-04-10T14:45:00+00:00,23995.100000000002,24001.62,23955.600000000002,23968.600000000002,3257.9950062804446
2026-04-10T15:00:00+00:00,23968.600000000002,23998.600000000002,23945.11,23985.090000000004,2770
2026-04-10T15:15:00+00:00,23985.090000000004,23996.600000000002,23947.61,23948.600000000002,2634
2026-04-10T15:30:00+00:00,23948.600000000002,23961.090000000004,23857.590000000004,23870.590000000004,4267
2026-04-10T15:45:00+00:00,23870.590000000004,23872.61,23832.100000000002,23840.100000000002,3716
2026-04-10T16:00:00+00:00,23840.100000000002,23872.24,23828.750000000004,23867.250000000004,2431
2026-04-10T16:15:00+00:00,23867.250000000004,23876.750000000004,23845.500000000004,23856.74,1981
2026-04-10T16:30:00+00:00,23856.74,23871.750000000004,23834.24,23842.250000000004,1967
2026-04-10T16:45:00+00:00,23842.250000000004,23884.760000000002,23838.760000000002,23876.74,1753
2026-04-10T17:00:00+00:00,23876.74,23878.24,23836.760000000002,23844.24,1045
2026-04-10T17:15:00+00:00,23844.24,23848.750000000004,23814.250000000004,23816.24,1192
2026-04-10T17:30:00+00:00,23816.24,23843.250000000004,23809.250000000004,23837.74,1262
2026-04-10T17:45:00+00:00,23837.74,23870.74,23835.24,23865.760000000002,773
2026-04-10T18:00:00+00:00,23865.760000000002,23866.250000000004,23845.24,23854.24,1056
2026-04-10T18:15:00+00:00,23854.24,23884.260000000002,23854.24,23871.24,991
2026-04-10T18:30:00+00:00,23871.24,23881.760000000002,23865.24,23868.260000000002,882
2026-04-10T18:45:00+00:00,23868.260000000002,23880.250000000004,23864.260000000002,23878.260000000002,644
2026-04-10T19:00:00+00:00,23878.260000000002,23895.750000000004,23875.250000000004,23893.74,690
2026-04-10T19:15:00+00:00,23893.74,23893.750000000004,23880.74,23880.74,702
2026-04-10T19:30:00+00:00,23880.74,23883.750000000004,23865.250000000004,23880.750000000004,819
2026-04-10T19:45:00+00:00,23880.750000000004,23901.260000000002,23875.250000000004,23889.000000000004,1140
2026-04-13T00:30:00+00:00,23889.000000000004,23889.000000000004,23595.640000000003,23625.640000000003,892
2026-04-13T00:45:00+00:00,23625.640000000003,23667.370000000003,23620.640000000003,23657.370000000003,791
2026-04-13T01:00:00+00:00,23657.370000000003,23667.640000000003,23643.63,23653.63,1195
2026-04-13T01:15:00+00:00,23653.63,23661.370000000003,23642.620000000003,23656.620000000003,645
2026-04-13T01:30:00+00:00,23656.620000000003,23663.38,23636.640000000003,23643.370000000003,697
2026-04-13T01:45:00+00:00,23643.370000000003,23652.38,23622.640000000003,23646.63,821
2026-04-13T02:00:00+00:00,23646.63,23651.890000000003,23611.63,23621.38,740
2026-04-13T02:15:00+00:00,23621.38,23623.63,23605.63,23608.640000000003,585
2026-04-13T02:30:00+00:00,23608.640000000003,23625.370000000003,23608.620000000003,23618.63,569
2026-04-13T02:45:00+00:00,23618.63,23634.390000000003,23608.620000000003,23628.640000000003,393
2026-04-13T03:00:00+00:00,23628.640000000003,23637.370000000003,23593.63,23601.38,564
2026-04-13T03:15:00+00:00,23601.38,23615.890000000003,23596.38,23602.390000000003,537
2026-04-13T03:30:00+00:00,23602.390000000003,23609.640000000003,23590.620000000003,23607.640000000003,537
2026-04-13T03:45:00+00:00,23607.640000000003,23610.370000000003,23583.63,23600.870000000003,538
2026-04-13T04:00:00+00:00,23600.870000000003,23610.38,23588.620000000003,23590.88,404
2026-04-13T04:15:00+00:00,23590.88,23605.390000000003,23587.620000000003,23600.38,433
2026-04-13T04:30:00+00:00,23600.38,23608.38,23593.620000000003,23606.370000000003,435
2026-04-13T04:45:00+00:00,23606.370000000003,23628.390000000003,23597.640000000003,23611.640000000003,589
2026-04-13T05:00:00+00:00,23611.640000000003,23617.390000000003,23590.640000000003,23597.370000000003,556
2026-04-13T05:15:00+00:00,23597.370000000003,23599.890000000003,23578.890000000003,23591.88,439
2026-04-13T05:30:00+00:00,23591.88,23596.390000000003,23572.620000000003,23583.38,589
2026-04-13T05:45:00+00:00,23583.38,23596.890000000003,23574.390000000003,23577.620000000003,563
2026-04-13T06:00:00+00:00,23577.620000000003,23622.88,23567.88,23575.370000000003,1226
2026-04-13T06:15:00+00:00,23575.370000000003,23635.890000000003,23571.870000000003,23626.390000000003,968
2026-04-13T06:30:00+00:00,23626.390000000003,23628.390000000003,23587.870000000003,23595.870000000003,1084
2026-04-13T06:45:00+00:00,23595.870000000003,23611.88,23579.870000000003,23607.390000000003,1303
2026-04-13T07:00:00+00:00,23607.390000000003,23678.22,23605.74,23673.22,4866
2026-04-13T07:15:00+00:00,23673.22,23675.730000000003,23641.74,23667.24,3301
2026-04-13T07:30:00+00:00,23667.24,23677.24,23633.74,23674.730000000003,2542
2026-04-13T07:45:00+00:00,23674.730000000003,23690.74,23659.72,23680.72,2004
2026-04-13T08:00:00+00:00,23680.72,23714.230000000003,23655.22,23662.74,3014
2026-04-13T08:15:00+00:00,23662.74,23705.230000000003,23655.72,23685.24,2188
2026-04-13T08:30:00+00:00,23685.24,23697.24,23645.74,23659.74,2320
2026-04-13T08:45:00+00:00,23659.74,23674.72,23648.74,23672.74,1809
2026-04-13T09:00:00+00:00,23672.74,23708.74,23672.22,23689.730000000003,2742
2026-04-13T09:15:00+00:00,23689.730000000003,23710.230000000003,23677.22,23678.730000000003,1379
2026-04-13T09:30:00+00:00,23678.730000000003,23687.22,23652.230000000003,23658.730000000003,1249
2026-04-13T09:45:00+00:00,23658.730000000003,23661.22,23631.22,23657.730000000003,1062
2026-04-13T10:00:00+00:00,23657.730000000003,23686.74,23654.72,23686.24,1245
2026-04-13T10:15:00+00:00,23686.24,23686.24,23662.230000000003,23670.74,1340
2026-04-13T10:30:00+00:00,23670.74,23679.74,23656.230000000003,23660.730000000003,1421
2026-04-13T10:45:00+00:00,23660.730000000003,23678.22,23648.72,23669.24,1330
2026-04-13T11:00:00+00:00,23669.24,23706.22,23660.72,23665.730000000003,2536
2026-04-13T11:15:00+00:00,23665.730000000003,23674.74,23630.730000000003,23639.72,1670
2026-04-13T11:30:00+00:00,23639.72,23654.74,23598.74,23628.730000000003,2010
2026-04-13T11:45:00+00:00,23628.730000000003,23640.74,23582.22,23590.74,2659
2026-04-13T12:00:00+00:00,23590.74,23631.24,23575.230000000003,23626.24,2795
2026-04-13T12:15:00+00:00,23626.24,23633.24,23612.730000000003,23620.230000000003,1337
2026-04-13T12:30:00+00:00,23620.230000000003,23628.72,23604.72,23610.74,1863
2026-04-13T12:45:00+00:00,23610.74,23647.24,23609.72,23646.24,1872
2026-04-13T13:00:00+00:00,23646.24,23665.230000000003,23642.72,23664.230000000003,1621
2026-04-13T13:15:00+00:00,23664.230000000003,23693.72,23657.730000000003,23685.22,1514
2026-04-13T13:30:00+00:00,23685.22,23700.74,23663.230000000003,23697.74,3324
2026-04-13T13:45:00+00:00,23697.74,23844.24,23690.730000000003,23819.72,7946
2026-04-13T14:00:00+00:00,23819.72,23820.230000000003,23784.72,23803.72,4697
2026-04-13T14:15:00+00:00,23803.72,23827.24,23775.230000000003,23819.730000000003,4964
2026-04-13T14:30:00+00:00,23819.730000000003,23841.72,23816.22,23836.22,2698
2026-04-13T14:45:00+00:00,23836.22,23852.74,23794.72,23840.72,2374
2026-04-13T15:00:00+00:00,23840.72,23857.730000000003,23803.74,23843.22,3246
2026-04-13T15:15:00+00:00,23843.22,23850.230000000003,23823.730000000003,23840.22,1885
2026-04-13T15:30:00+00:00,23840.22,23847.730000000003,23809.730000000003,23811.22,2301
2026-04-13T15:45:00+00:00,23811.22,23826.230000000003,23800.74,23823.74,1625
2026-04-13T16:00:00+00:00,23823.74,23874.390000000003,23808.870000000003,23850.890000000003,3283
2026-04-13T16:15:00+00:00,23850.890000000003,23927.88,23847.390000000003,23912.390000000003,2845
2026-04-13T16:30:00+00:00,23912.390000000003,23953.870000000003,23901.890000000003,23934.890000000003,5248
2026-04-13T16:45:00+00:00,23934.890000000003,23994.890000000003,23930.370000000003,23957.890000000003,3104
2026-04-13T17:00:00+00:00,23957.890000000003,23982.38,23954.370000000003,23978.390000000003,1059
2026-04-13T17:15:00+00:00,23978.390000000003,23992.390000000003,23967.370000000003,23980.38,709
2026-04-13T17:30:00+00:00,23980.38,23983.870000000003,23968.370000000003,23973.38,603
2026-04-13T17:45:00+00:00,23973.38,23975.890000000003,23961.390000000003,23969.890000000003,454
2026-04-13T18:00:00+00:00,23969.890000000003,24001.88,23969.370000000003,23998.890000000003,434
2026-04-13T18:15:00+00:00,23998.890000000003,23998.890000000003,23972.88,23979.38,493
2026-04-13T18:30:00+00:00,23979.38,23986.870000000003,23976.370000000003,23986.390000000003,495
2026-04-13T18:45:00+00:00,23986.390000000003,24011.890000000003,23986.390000000003,24003.390000000003,706
2026-04-13T19:00:00+00:00,24003.390000000003,24015.370000000003,23986.390000000003,23990.870000000003,449
2026-04-13T19:15:00+00:00,23990.870000000003,24003.88,23986.870000000003,23997.890000000003,319
2026-04-13T19:30:00+00:00,23997.890000000003,24008.890000000003,23986.370000000003,23990.370000000003,719
2026-04-13T19:45:00+00:00,23990.370000000003,24046.38,23978.370000000003,24042.120000000003,1325
2026-04-14T00:30:00+00:00,24042.120000000003,24042.120000000003,24020.63,24024.870000000003,460
2026-04-14T00:45:00+00:00,24024.870000000003,24028.870000000003,24017.620000000003,24021.390000000003,298
2026-04-14T01:00:00+00:00,24021.390000000003,24021.390000000003,24003.38,24017.38,496
2026-04-14T01:15:00+00:00,24017.38,24017.390000000003,24004.620000000003,24009.640000000003,321.8370357206327
2026-04-14T01:30:00+00:00,24009.640000000003,24009.640000000003,23983.63,24000.370000000003,525
2026-04-14T01:45:00+00:00,24000.370000000003,24010.390000000003,23989.390000000003,23992.390000000003,391
2026-04-14T02:00:00+00:00,23992.390000000003,24001.370000000003,23983.620000000003,23998.890000000003,380
2026-04-14T02:15:00+00:00,23998.890000000003,24013.390000000003,23988.63,23994.88,200
2026-04-14T02:30:00+00:00,23994.88,23996.370000000003,23983.620000000003,23988.620000000003,439
2026-04-14T02:45:00+00:00,23988.620000000003,23996.88,23981.620000000003,23987.63,332
2026-04-14T03:00:00+00:00,23987.63,23991.38,23977.13,23985.38,357.42368524404776
2026-04-14T03:15:00+00:00,23985.38,23985.38,23970.370000000003,23972.870000000003,241
2026-04-14T03:30:00+00:00,23972.870000000003,23981.370000000003,23968.120000000003,23971.140000000003,332
2026-04-14T03:45:00+00:00,23971.140000000003,23981.390000000003,23968.88,23976.370000000003,403
2026-04-14T04:00:00+00:00,23976.370000000003,23986.390000000003,23975.870000000003,23978.88,222
2026-04-14T04:15:00+00:00,23978.88,23989.38,23977.370000000003,23978.370000000003,355
2026-04-14T04:30:00+00:00,23978.370000000003,23984.370000000003,23970.140000000003,23979.890000000003,383
2026-04-14T04:45:00+00:00,23979.890000000003,23987.390000000003,23973.13,23975.870000000003,376
2026-04-14T05:00:00+00:00,23975.870000000003,23988.370000000003,23973.370000000003,23987.390000000003,283
2026-04-14T05:15:00+00:00,23987.390000000003,23994.88,23974.870000000003,23982.870000000003,485
2026-04-14T05:30:00+00:00,23982.870000000003,23984.88,23959.870000000003,23975.370000000003,677
2026-04-14T05:45:00+00:00,23975.370000000003,24012.38,23970.88,24000.370000000003,533
2026-04-14T06:00:00+00:00,24000.370000000003,24012.890000000003,23993.870000000003,24005.390000000003,1166
2026-04-14T06:15:00+00:00,24005.390000000003,24023.38,23993.870000000003,24006.890000000003,970
2026-04-14T06:30:00+00:00,24006.890000000003,24040.890000000003,23999.88,24032.870000000003,1356
2026-04-14T06:45:00+00:00,24032.870000000003,24044.390000000003,23999.38,24037.890000000003,1303
2026-04-14T07:00:00+00:00,24037.890000000003,24109.74,23997.22,24084.72,6997
2026-04-14T07:15:00+00:00,24084.72,24098.24,24055.230000000003,24090.230000000003,4659
2026-04-14T07:30:00+00:00,24090.230000000003,24113.74,24076.74,24087.24,3787
2026-04-14T07:45:00+00:00,24087.24,24099.230000000003,24058.22,24094.230000000003,3212
2026-04-14T08:00:00+00:00,24094.230000000003,24110.74,24064.22,24093.230000000003,4441
2026-04-14T08:15:00+00:00,24093.230000000003,24106.230000000003,24072.24,24089.22,3256
2026-04-14T08:30:00+00:00,24089.22,24106.230000000003,24069.24,24087.230000000003,2750
2026-04-14T08:45:00+00:00,24087.230000000003,24135.74,24083.730000000003,24131.22,2425
2026-04-14T09:00:00+00:00,24131.22,24151.72,24107.22,24117.230000000003,2623
2026-04-14T09:15:00+00:00,24117.230000000003,24121.230000000003,24074.730000000003,24078.24,1968
2026-04-14T09:30:00+00:00,24078.24,24080.730000000003,24051.24,24061.22,2195
2026-04-14T09:45:00+00:00,24061.22,24072.730000000003,24038.24,24069.230000000003,2105
2026-04-14T10:00:00+00:00,24069.230000000003,24074.24,24048.22,24063.22,1991
2026-04-14T10:15:00+00:00,24063.22,24084.24,24056.72,24064.22,1965
2026-04-14T10:30:00+00:00,24064.22,24068.24,24031.22,24036.24,2360
2026-04-14T10:45:00+00:00,24036.24,24059.24,24032.72,24048.72,1995
2026-04-14T11:00:00+00:00,24048.72,24068.730000000003,24039.230000000003,24046.74,2133
2026-04-14T11:15:00+00:00,24046.74,24090.24,24036.120000000003,24079.230000000003,1537
2026-04-14T11:30:00+00:00,24079.230000000003,24085.74,24064.730000000003,24069.24,1608
2026-04-14T11:45:00+00:00,24069.24,24149.230000000003,24058.230000000003,24105.22,3221
2026-04-14T12:00:00+00:00,24105.22,24120.24,24085.22,24096.74,2713
2026-04-14T12:15:00+00:00,24096.74,24129.22,24083.24,24124.140000000003,2164
2026-04-14T12:30:00+00:00,24124.140000000003,24192.22,24099.730000000003,24123.74,3186
2026-04-14T12:45:00+00:00,24123.74,24130.24,24098.74,24118.74,2163
2026-04-14T13:00:00+00:00,24118.74,24137.730000000003,24103.72,24132.72,2535
2026-04-14T13:15:00+00:00,24132.72,24148.730000000003,24123.230000000003,24128.72,2041
2026-04-14T13:30:00+00:00,24128.72,24157.22,24108.22,24143.730000000003,6006
2026-04-14T13:45:00+00:00,24143.730000000003,24159.74,24122.72,24149.22,3420
2026-04-14T14:00:00+00:00,24149.22,24186.230000000003,24135.22,24185.24,4165
2026-04-14T14:15:00+00:00,24185.24,24187.74,24137.730000000003,24149.74,3328
2026-04-14T14:30:00+00:00,24149.74,24169.24,24135.22,24157.730000000003,2934
2026-04-14T14:45:00+00:00,24157.730000000003,24168.74,24151.730000000003,24153.72,2075
2026-04-14T15:00:00+00:00,24153.72,24156.74,24100.72,24102.22,3046
2026-04-14T15:15:00+00:00,24102.22,24154.22,24094.74,24132.72,3570
2026-04-14T15:30:00+00:00,24132.72,24171.22,24124.72,24160.22,2963
2026-04-14T15:45:00+00:00,24160.22,24171.24,24153.230000000003,24158.730000000003,1365
2026-04-14T16:00:00+00:00,24158.730000000003,24170.88,24154.88,24161.88,1026
2026-04-14T16:15:00+00:00,24161.88,24180.870000000003,24155.88,24168.890000000003,896
2026-04-14T16:30:00+00:00,24168.890000000003,24168.890000000003,24139.88,24144.390000000003,1125
2026-04-14T16:45:00+00:00,24144.390000000003,24149.890000000003,24123.370000000003,24127.88,932
2026-04-14T17:00:00+00:00,24127.88,24142.390000000003,24127.13,24137.890000000003,885
2026-04-14T17:15:00+00:00,24137.890000000003,24158.88,24137.370000000003,24146.38,777
2026-04-14T17:30:00+00:00,24146.38,24156.390000000003,24145.370000000003,24154.890000000003,631
2026-04-14T17:45:00+00:00,24154.890000000003,24155.390000000003,24137.870000000003,24143.390000000003,521
2026-04-14T18:00:00+00:00,24143.390000000003,24164.88,24143.390000000003,24158.870000000003,760
2026-04-14T18:15:00+00:00,24158.870000000003,24159.88,24121.870000000003,24139.88,1625
2026-04-14T18:30:00+00:00,24139.88,24148.870000000003,24135.390000000003,24136.38,762
2026-04-14T18:45:00+00:00,24136.38,24145.890000000003,24130.870000000003,24144.370000000003,699
2026-04-14T19:00:00+00:00,24144.370000000003,24156.870000000003,24140.88,24153.870000000003,526
2026-04-14T19:15:00+00:00,24153.870000000003,24164.370000000003,24153.870000000003,24164.370000000003,463
2026-04-14T19:30:00+00:00,24164.370000000003,24164.370000000003,24135.370000000003,24146.38,791
2026-04-14T19:45:00+00:00,24146.38,24163.370000000003,24134.370000000003,24151.620000000003,1353
2026-04-15T00:30:00+00:00,24151.620000000003,24151.620000000003,24127.95,24131.210000000003,535.381389594361
2026-04-15T00:45:00+00:00,24131.210000000003,24142.690000000002,24123.690000000002,24137.940000000002,394
2026-04-15T01:00:00+00:00,24137.940000000002,24153.7,24124.960000000003,24146.95,625
2026-04-15T01:15:00+00:00,24146.95,24155.7,24134.95,24145.710000000003,396.7736125347782
2026-04-15T01:30:00+00:00,24145.710000000003,24145.710000000003,24118.940000000002,24127.95,841
2026-04-15T01:45:00+00:00,24127.95,24140.2,24126.940000000002,24132.190000000002,647
2026-04-15T02:00:00+00:00,24132.190000000002,24133.7,24113.940000000002,24119.95,698
2026-04-15T02:15:00+00:00,24119.95,24126.710000000003,24113.690000000002,24117.190000000002,294
2026-04-15T02:30:00+00:00,24117.190000000002,24118.690000000002,24100.190000000002,24111.690000000002,379
2026-04-15T02:45:00+00:00,24111.690000000002,24118.710000000003,24104.960000000003,24110.7,319
2026-04-15T03:00:00+00:00,24110.7,24119.210000000003,24100.95,24108.960000000003,404.71733505821476
2026-04-15T03:15:00+00:00,24108.960000000003,24116.7,24099.940000000002,24103.710000000003,478
2026-04-15T03:30:00+00:00,24103.710000000003,24122.7,24102.960000000003,24119.210000000003,634
2026-04-15T03:45:00+00:00,24119.210000000003,24132.7,24115.2,24122.690000000002,601
2026-04-15T04:00:00+00:00,24122.690000000002,24129.7,24119.960000000003,24127.2,236.3191275167785
2026-04-15T04:15:00+00:00,24127.2,24133.210000000003,24120.2,24122.690000000002,271.6332072877277
2026-04-15T04:30:00+00:00,24122.690000000002,24124.7,24106.940000000002,24111.2,278
2026-04-15T04:45:00+00:00,24111.2,24112.190000000002,24099.95,24103.190000000002,295
2026-04-15T05:00:00+00:00,24103.190000000002,24144.710000000003,24087.960000000003,24113.7,1974
2026-04-15T05:15:00+00:00,24113.7,24115.210000000003,24071.210000000003,24089.2,987
2026-04-15T05:30:00+00:00,24089.2,24094.710000000003,24077.710000000003,24087.7,1178
2026-04-15T05:45:00+00:00,24087.7,24115.190000000002,24081.190000000002,24109.710000000003,940
2026-04-15T06:00:00+00:00,24109.710000000003,24129.710000000003,24107.710000000003,24125.2,921
2026-04-15T06:15:00+00:00,24125.2,24150.690000000002,24121.190000000002,24142.690000000002,880
2026-04-15T06:30:00+00:00,24142.690000000002,24168.690000000002,24139.7,24167.190000000002,1079
2026-04-15T06:45:00+00:00,24167.190000000002,24173.7,24150.710000000003,24162.210000000003,1293
2026-04-15T07:00:00+00:00,24162.210000000003,24188.550000000003,24135.56,24163.050000000003,4754
2026-04-15T07:15:00+00:00,24163.050000000003,24168.06,24134.04,24143.54,2823
2026-04-15T07:30:00+00:00,24143.54,24161.050000000003,24136.06,24149.06,2688
2026-04-15T07:45:00+00:00,24149.06,24152.06,24122.54,24139.06,2766
2026-04-15T08:00:00+00:00,24139.06,24146.56,24106.04,24131.06,2424
2026-04-15T08:15:00+00:00,24131.06,24165.050000000003,24123.54,24162.06,2206
2026-04-15T08:30:00+00:00,24162.06,24197.54,24145.06,24180.04,2202
2026-04-15T08:45:00+00:00,24180.04,24195.56,24176.050000000003,24183.550000000003,1577
2026-04-15T09:00:00+00:00,24183.550000000003,24196.04,24121.550000000003,24150.550000000003,4008
2026-04-15T09:15:00+00:00,24150.550000000003,24163.06,24121.04,24125.06,2184
2026-04-15T09:30:00+00:00,24125.06,24156.06,24125.06,24144.04,2116
2026-04-15T09:45:00+00:00,24144.04,24152.56,24132.050000000003,24137.56,1714
2026-04-15T10:00:00+00:00,24137.56,24179.04,24131.06,24156.06,2421
2026-04-15T10:15:00+00:00,24156.06,24156.06,24086.54,24096.04,4181
2026-04-15T10:30:00+00:00,24096.04,24151.550000000003,24090.050000000003,24142.06,3131
2026-04-15T10:45:00+00:00,24142.06,24158.04,24117.54,24129.04,2259
2026-04-15T11:00:00+00:00,24129.04,24147.56,24116.04,24140.06,1920
2026-04-15T11:15:00+00:00,24140.06,24146.56,24123.54,24131.550000000003,1748
2026-04-15T11:30:00+00:00,24131.550000000003,24163.050000000003,24130.04,24150.050000000003,2124
2026-04-15T11:45:00+00:00,24150.050000000003,24237.940000000002,24136.06,24160.04,3805
2026-04-15T12:00:00+00:00,24160.04,24168.56,24120.550000000003,24155.04,3361
2026-04-15T12:15:00+00:00,24155.04,24161.06,24137.550000000003,24151.06,2185
2026-04-15T12:30:00+00:00,24151.06,24156.56,24125.06,24154.04,1997
2026-04-15T12:45:00+00:00,24154.04,24163.050000000003,24144.04,24150.04,1486
2026-04-15T13:00:00+00:00,24150.04,24168.56,24136.04,24150.04,1797
2026-04-15T13:15:00+00:00,24150.04,24182.54,24143.06,24177.56,2106
2026-04-15T13:30:00+00:00,24177.56,24211.050000000003,24152.54,24163.04,5130
2026-04-15T13:45:00+00:00,24163.04,24196.56,24162.550000000003,24195.06,3669
2026-04-15T14:00:00+00:00,24195.06,24200.050000000003,24168.56,24187.06,3029
2026-04-15T14:15:00+00:00,24187.06,24213.06,24162.56,24205.56,3043
2026-04-15T14:30:00+00:00,24205.56,24208.54,24151.550000000003,24167.54,2483
2026-04-15T14:45:00+00:00,24167.54,24189.06,24159.54,24182.04,1892
2026-04-15T15:00:00+00:00,24182.04,24200.550000000003,24163.54,24177.54,2765
2026-04-15T15:15:00+00:00,24177.54,24195.06,24159.04,24177.550000000003,2535
2026-04-15T15:30:00+00:00,24177.550000000003,24185.050000000003,24154.550000000003,24162.06,2579
2026-04-15T15:45:00+00:00,24162.06,24164.04,24140.54,24147.04,1555
2026-04-15T16:00:00+00:00,24147.04,24161.210000000003,24137.7,24157.710000000003,1118
2026-04-15T16:15:00+00:00,24157.710000000003,24176.210000000003,24155.690000000002,24169.2,895
2026-04-15T16:30:00+00:00,24169.2,24172.2,24109.190000000002,24118.2,1468
2026-04-15T16:45:00+00:00,24118.2,24134.7,24108.7,24123.2,1683
2026-04-15T17:00:00+00:00,24123.2,24146.2,24122.190000000002,24136.7,948
2026-04-15T17:15:00+00:00,24136.7,24148.710000000003,24136.7,24141.7,823
2026-04-15T17:30:00+00:00,24141.7,24156.2,24137.190000000002,24141.190000000002,713
2026-04-15T17:45:00+00:00,24141.190000000002,24144.710000000003,24131.2,24136.210000000003,614
2026-04-15T18:00:00+00:00,24136.210000000003,24178.7,24125.710000000003,24163.690000000002,2226
2026-04-15T18:15:00+00:00,24163.690000000002,24173.210000000003,24160.690000000002,24165.2,784
2026-04-15T18:30:00+00:00,24165.2,24178.2,24163.690000000002,24170.190000000002,741
2026-04-15T18:45:00+00:00,24170.190000000002,24187.820000000003,24170.190000000002,24183.81,485.5751171843966
2026-04-15T19:00:00+00:00,24183.81,24188.31,24168.320000000003,24174.800000000003,754
2026-04-15T19:15:00+00:00,24174.800000000003,24194.81,24169.81,24193.81,596
2026-04-15T19:30:00+00:00,24193.81,24193.81,24164.800000000003,24172.800000000003,823
2026-04-15T19:45:00+00:00,24172.800000000003,24190.820000000003,24158.320000000003,24161.550000000003,1182
2026-04-16T00:30:00+00:00,24161.550000000003,24228.500000000004,24161.550000000003,24224.74,674
2026-04-16T00:45:00+00:00,24224.74,24238.500000000004,24219.730000000003,24230.49,409
2026-04-16T01:00:00+00:00,24230.49,24230.49,24202.74,24214.49,569
2026-04-16T01:15:00+00:00,24214.49,24216.500000000004,24198.730000000003,24205.000000000004,449
2026-04-16T01:30:00+00:00,24205.000000000004,24210.99,24189.000000000004,24204.750000000004,507
2026-04-16T01:45:00+00:00,24204.750000000004,24205.480000000003,24191.750000000004,24197.500000000004,321
2026-04-16T02:00:00+00:00,24197.500000000004,24212.480000000003,24194.730000000003,24203.480000000003,453
2026-04-16T02:15:00+00:00,24203.480000000003,24209.000000000004,24193.99,24198.49,356
2026-04-16T02:30:00+00:00,24198.49,24217.49,24198.480000000003,24214.000000000004,356
2026-04-16T02:45:00+00:00,24214.000000000004,24217.49,24204.730000000003,24212.500000000004,455
2026-04-16T03:00:00+00:00,24212.500000000004,24239.000000000004,24208.750000000004,24224.480000000003,432
2026-04-16T03:15:00+00:00,24224.480000000003,24226.99,24210.000000000004,24217.750000000004,432
2026-04-16T03:30:00+00:00,24217.750000000004,24227.49,24203.480000000003,24210.730000000003,472
2026-04-16T03:45:00+00:00,24210.730000000003,24217.480000000003,24204.730000000003,24209.480000000003,359
2026-04-16T04:00:00+00:00,24209.480000000003,24216.480000000003,24193.74,24212.500000000004,488
2026-04-16T04:15:00+00:00,24212.500000000004,24220.000000000004,24199.480000000003,24202.99,349
2026-04-16T04:30:00+00:00,24202.99,24215.49,24198.500000000004,24206.000000000004,315
2026-04-16T04:45:00+00:00,24206.000000000004,24222.000000000004,24201.730000000003,24214.49,323
2026-04-16T05:00:00+00:00,24214.49,24219.500000000004,24202.730000000003,24215.99,523
2026-04-16T05:15:00+00:00,24215.99,24230.49,24206.74,24222.480000000003,532
2026-04-16T05:30:00+00:00,24222.480000000003,24241.500000000004,24213.74,24221.480000000003,651
2026-04-16T05:45:00+00:00,24221.480000000003,24234.000000000004,24210.500000000004,24234.000000000004,621
2026-04-16T06:00:00+00:00,24234.000000000004,24263.49,24231.49,24261.480000000003,934
2026-04-16T06:15:00+00:00,24261.480000000003,24272.49,24246.49,24265.480000000003,827
2026-04-16T06:30:00+00:00,24265.480000000003,24270.000000000004,24238.99,24248.99,1053
2026-04-16T06:45:00+00:00,24248.99,24250.500000000004,24227.99,24245.500000000004,967
2026-04-16T07:00:00+00:00,24245.500000000004,24248.83,24145.340000000004,24159.850000000002,5087
2026-04-16T07:15:00+00:00,24159.850000000002,24198.840000000004,24155.350000000002,24192.350000000002,2747
2026-04-16T07:30:00+00:00,24192.350000000002,24213.850000000002,24178.33,24194.350000000002,2882
2026-04-16T07:45:00+00:00,24194.350000000002,24197.850000000002,24175.83,24188.340000000004,2633
2026-04-16T08:00:00+00:00,24188.340000000004,24194.33,24151.33,24155.840000000004,3079
2026-04-16T08:15:00+00:00,24155.840000000004,24179.850000000002,24141.340000000004,24160.350000000002,2617
2026-04-16T08:30:00+00:00,24160.350000000002,24185.350000000002,24153.83,24182.840000000004,2328
2026-04-16T08:45:00+00:00,24182.840000000004,24210.850000000002,24179.340000000004,24203.83,1480
2026-04-16T09:00:00+00:00,24203.83,24229.350000000002,24195.83,24223.850000000002,1652
2026-04-16T09:15:00+00:00,24223.850000000002,24239.850000000002,24218.340000000004,24229.840000000004,1666
2026-04-16T09:30:00+00:00,24229.840000000004,24241.840000000004,24220.850000000002,24233.850000000002,1257
2026-04-16T09:45:00+00:00,24233.850000000002,24237.83,24220.83,24235.350000000002,1180
2026-04-16T10:00:00+00:00,24235.350000000002,24267.33,24231.850000000002,24264.33,1270
2026-04-16T10:15:00+00:00,24264.33,24281.850000000002,24258.33,24275.350000000002,1272
2026-04-16T10:30:00+00:00,24275.350000000002,24284.350000000002,24257.350000000002,24274.83,1787
2026-04-16T10:45:00+00:00,24274.83,24281.850000000002,24253.83,24280.850000000002,1523
2026-04-16T11:00:00+00:00,24280.850000000002,24297.840000000004,24277.840000000004,24284.850000000002,1323
2026-04-16T11:15:00+00:00,24284.850000000002,24292.850000000002,24268.83,24280.840000000004,1129
2026-04-16T11:30:00+00:00,24280.840000000004,24303.350000000002,24280.840000000004,24298.83,1069
2026-04-16T11:45:00+00:00,24298.83,24319.83,24294.350000000002,24316.840000000004,1529
2026-04-16T12:00:00+00:00,24316.840000000004,24334.850000000002,24289.340000000004,24306.840000000004,1701
2026-04-16T12:15:00+00:00,24306.840000000004,24309.350000000002,24289.840000000004,24304.83,1366
2026-04-16T12:30:00+00:00,24304.83,24316.340000000004,24290.83,24307.83,1361
2026-04-16T12:45:00+00:00,24307.83,24323.850000000002,24297.83,24320.340000000004,1331
2026-04-16T13:00:00+00:00,24320.340000000004,24331.350000000002,24301.33,24319.840000000004,1438
2026-04-16T13:15:00+00:00,24319.840000000004,24337.340000000004,24315.850000000002,24333.33,1569
2026-04-16T13:30:00+00:00,24333.33,24344.350000000002,24266.33,24276.840000000004,4339
2026-04-16T13:45:00+00:00,24276.840000000004,24276.840000000004,24174.840000000004,24225.840000000004,5622
2026-04-16T14:00:00+00:00,24225.840000000004,24263.840000000004,24204.840000000004,24244.83,5060
2026-04-16T14:15:00+00:00,24244.83,24251.850000000002,24185.850000000002,24209.83,4520
2026-04-16T14:30:00+00:00,24209.83,24235.840000000004,24194.33,24220.350000000002,4160
2026-04-16T14:45:00+00:00,24220.350000000002,24240.340000000004,24206.83,24213.350000000002,3259
2026-04-16T15:00:00+00:00,24213.350000000002,24261.340000000004,24210.840000000004,24250.850000000002,2633
2026-04-16T15:15:00+00:00,24250.850000000002,24265.840000000004,24232.340000000004,24233.340000000004,2814
2026-04-16T15:30:00+00:00,24233.340000000004,24281.340000000004,24217.340000000004,24242.340000000004,4821
2026-04-16T15:45:00+00:00,24242.340000000004,24258.850000000002,24236.340000000004,24249.33,1873
2026-04-16T16:00:00+00:00,24249.33,24257.000000000004,24235.99,24240.980000000003,1129
2026-04-16T16:15:00+00:00,24240.980000000003,24250.500000000004,24224.980000000003,24232.500000000004,1044
2026-04-16T16:30:00+00:00,24232.500000000004,24234.500000000004,24175.500000000004,24194.49,3450
2026-04-16T16:45:00+00:00,24194.49,24209.49,24172.480000000003,24174.500000000004,1776
2026-04-16T17:00:00+00:00,24174.500000000004,24174.99,24140.49,24142.000000000004,1582
2026-04-16T17:15:00+00:00,24142.000000000004,24172.000000000004,24135.480000000003,24160.480000000003,1683
2026-04-16T17:30:00+00:00,24160.480000000003,24181.500000000004,24159.980000000003,24170.500000000004,1058
2026-04-16T17:45:00+00:00,24170.500000000004,24181.49,24158.980000000003,24171.480000000003,1372
2026-04-16T18:00:00+00:00,24171.480000000003,24191.000000000004,24157.49,24174.99,1940
2026-04-16T18:15:00+00:00,24174.99,24184.000000000004,24162.480000000003,24164.980000000003,1195
2026-04-16T18:30:00+00:00,24164.980000000003,24186.000000000004,24163.500000000004,24184.480000000003,866
2026-04-16T18:45:00+00:00,24184.480000000003,24196.500000000004,24180.980000000003,24194.000000000004,719
2026-04-16T19:00:00+00:00,24194.000000000004,24207.480000000003,24179.480000000003,24182.480000000003,939
2026-04-16T19:15:00+00:00,24182.480000000003,24192.500000000004,24182.480000000003,24185.49,583
2026-04-16T19:30:00+00:00,24185.49,24195.000000000004,24181.480000000003,24188.980000000003,759
2026-04-16T19:45:00+00:00,24188.980000000003,24199.500000000004,24182.49,24186.24,1197
2026-04-17T00:30:00+00:00,24186.24,24250.920000000002,24186.24,24245.4,529
2026-04-17T00:45:00+00:00,24245.4,24258.910000000003,24244.910000000003,24250.420000000002,370
2026-04-17T01:00:00+00:00,24250.420000000002,24256.420000000002,24225.15,24242.420000000002,643
2026-04-17T01:15:00+00:00,24242.420000000002,24248.420000000002,24225.15,24236.420000000002,475
2026-04-17T01:30:00+00:00,24236.420000000002,24244.9,24229.170000000002,24240.920000000002,447
2026-04-17T01:45:00+00:00,24240.920000000002,24245.410000000003,24229.160000000003,24242.4,271
2026-04-17T02:00:00+00:00,24242.4,24246.920000000002,24232.170000000002,24241.170000000002,330
2026-04-17T02:15:00+00:00,24241.170000000002,24252.920000000002,24234.420000000002,24236.9,328
2026-04-17T02:30:00+00:00,24236.9,24249.4,24236.9,24241.160000000003,321
2026-04-17T02:45:00+00:00,24241.160000000003,24249.9,24233.15,24237.4,275
2026-04-17T03:00:00+00:00,24237.4,24239.920000000002,24224.170000000002,24225.170000000002,282
2026-04-17T03:15:00+00:00,24225.170000000002,24236.420000000002,24217.160000000003,24218.160000000003,319
2026-04-17T03:30:00+00:00,24218.160000000003,24221.920000000002,24206.410000000003,24216.15,325
2026-04-17T03:45:00+00:00,24216.15,24223.910000000003,24213.15,24216.4,295
2026-04-17T04:00:00+00:00,24216.4,24227.410000000003,24205.910000000003,24220.170000000002,328.0732127476314
2026-04-17T04:15:00+00:00,24220.170000000002,24234.920000000002,24217.15,24230.4,257
2026-04-17T04:30:00+00:00,24230.4,24231.410000000003,24214.160000000003,24229.420000000002,433.0876456876457
2026-04-17T04:45:00+00:00,24229.420000000002,24240.410000000003,24223.15,24233.160000000003,261
2026-04-17T05:00:00+00:00,24233.160000000003,24234.920000000002,24213.15,24222.420000000002,425
2026-04-17T05:15:00+00:00,24222.420000000002,24231.420000000002,24213.15,24228.170000000002,366
2026-04-17T05:30:00+00:00,24228.170000000002,24245.9,24222.920000000002,24234.170000000002,635
2026-04-17T05:45:00+00:00,24234.170000000002,24257.410000000003,24231.15,24240.910000000003,487
2026-04-17T06:00:00+00:00,24240.910000000003,24255.920000000002,24232.920000000002,24239.9,1052
2026-04-17T06:15:00+00:00,24239.9,24249.920000000002,24210.4,24213.9,915
2026-04-17T06:30:00+00:00,24213.9,24218.920000000002,24191.9,24215.910000000003,950
2026-04-17T06:45:00+00:00,24215.910000000003,24224.920000000002,24208.4,24218.420000000002,1161
2026-04-17T07:00:00+00:00,24218.420000000002,24278.260000000002,24201.760000000002,24278.260000000002,4097
2026-04-17T07:15:00+00:00,24278.260000000002,24288.260000000002,24261.750000000004,24270.770000000004,2819
2026-04-17T07:30:00+00:00,24270.770000000004,24294.270000000004,24264.250000000004,24291.270000000004,2477
2026-04-17T07:45:00+00:00,24291.270000000004,24330.770000000004,24270.250000000004,24319.250000000004,2412
2026-04-17T08:00:00+00:00,24319.250000000004,24337.770000000004,24309.270000000004,24316.260000000002,2804
2026-04-17T08:15:00+00:00,24316.260000000002,24357.270000000004,24309.760000000002,24351.770000000004,2314
2026-04-17T08:30:00+00:00,24351.770000000004,24394.770000000004,24338.270000000004,24388.270000000004,2481
2026-04-17T08:45:00+00:00,24388.270000000004,24401.260000000002,24375.750000000004,24398.760000000002,2198
2026-04-17T09:00:00+00:00,24398.760000000002,24405.770000000004,24381.750000000004,24390.250000000004,2118
2026-04-17T09:15:00+00:00,24390.250000000004,24403.260000000002,24372.250000000004,24398.750000000004,2012
2026-04-17T09:30:00+00:00,24398.750000000004,24414.770000000004,24394.750000000004,24405.770000000004,1902
2026-04-17T09:45:00+00:00,24405.770000000004,24447.760000000002,24396.270000000004,24412.250000000004,3438
2026-04-17T10:00:00+00:00,24412.250000000004,24412.250000000004,24387.760000000002,24399.270000000004,2614
2026-04-17T10:15:00+00:00,24399.270000000004,24419.770000000004,24387.750000000004,24400.250000000004,1846
2026-04-17T10:30:00+00:00,24400.250000000004,24403.270000000004,24365.750000000004,24369.250000000004,2051
2026-04-17T10:45:00+00:00,24369.250000000004,24399.250000000004,24362.750000000004,24393.250000000004,1583
2026-04-17T11:00:00+00:00,24393.250000000004,24409.760000000002,24342.760000000002,24342.760000000002,2487
2026-04-17T11:15:00+00:00,24342.760000000002,24355.760000000002,24335.270000000004,24342.270000000004,1850
2026-04-17T11:30:00+00:00,24342.270000000004,24362.260000000002,24339.250000000004,24354.770000000004,1781
2026-04-17T11:45:00+00:00,24354.770000000004,24357.770000000004,24334.760000000002,24348.770000000004,1607
2026-04-17T12:00:00+00:00,24348.770000000004,24363.260000000002,24335.270000000004,24356.760000000002,1993
2026-04-17T12:15:00+00:00,24356.760000000002,24424.760000000002,24341.250000000004,24414.250000000004,4995
2026-04-17T12:30:00+00:00,24414.250000000004,24437.260000000002,24407.260000000002,24413.260000000002,3696
2026-04-17T12:45:00+00:00,24413.260000000002,24760.260000000002,24406.170000000002,24697.250000000004,18483
2026-04-17T13:00:00+00:00,24697.250000000004,24823.260000000002,24676.260000000002,24784.250000000004,11786
2026-04-17T13:15:00+00:00,24784.250000000004,24801.260000000002,24725.270000000004,24746.260000000002,9252
2026-04-17T13:30:00+00:00,24746.260000000002,24794.770000000004,24726.760000000002,24761.760000000002,11618
2026-04-17T13:45:00+00:00,24761.760000000002,24779.270000000004,24663.250000000004,24745.270000000004,10427
2026-04-17T14:00:00+00:00,24745.270000000004,24799.770000000004,24726.270000000004,24785.250000000004,6417
2026-04-17T14:15:00+00:00,24785.250000000004,24862.750000000004,24752.750000000004,24814.760000000002,6484
2026-04-17T14:30:00+00:00,24814.760000000002,24886.270000000004,24796.750000000004,24867.270000000004,6063
2026-04-17T14:45:00+00:00,24867.270000000004,24868.270000000004,24824.260000000002,24833.760000000002,5595.413540869269
2026-04-17T15:00:00+00:00,24833.760000000002,24846.250000000004,24793.250000000004,24807.270000000004,6607
2026-04-17T15:15:00+00:00,24807.270000000004,24820.270000000004,24770.250000000004,24791.260000000002,5568
2026-04-17T15:30:00+00:00,24791.260000000002,24824.770000000004,24779.260000000002,24795.260000000002,5101
2026-04-17T15:45:00+00:00,24795.260000000002,24820.770000000004,24785.770000000004,24791.770000000004,3561
2026-04-17T16:00:00+00:00,24791.770000000004,24806.920000000002,24778.9,24781.9,1896
2026-04-17T16:15:00+00:00,24781.9,24792.410000000003,24756.9,24785.410000000003,1786
2026-04-17T16:30:00+00:00,24785.410000000003,24798.420000000002,24776.410000000003,24786.410000000003,1230
2026-04-17T16:45:00+00:00,24786.410000000003,24792.920000000002,24780.4,24784.4,1078
2026-04-17T17:00:00+00:00,24784.4,24790.920000000002,24712.65,24751.4,2037
2026-04-17T17:15:00+00:00,24751.4,24757.910000000003,24659.65,24684.910000000003,4283
2026-04-17T17:30:00+00:00,24684.910000000003,24699.9,24674.9,24682.910000000003,2514
2026-04-17T17:45:00+00:00,24682.910000000003,24734.410000000003,24681.910000000003,24727.410000000003,1214
2026-04-17T18:00:00+00:00,24727.410000000003,24735.4,24685.910000000003,24691.410000000003,1641
2026-04-17T18:15:00+00:00,24691.410000000003,24728.420000000002,24686.4,24702.920000000002,2518
2026-04-17T18:30:00+00:00,24702.920000000002,24719.420000000002,24693.4,24701.920000000002,1334
2026-04-17T18:45:00+00:00,24701.920000000002,24712.4,24680.410000000003,24694.9,1507
2026-04-17T19:00:00+00:00,24694.9,24720.910000000003,24689.910000000003,24706.420000000002,1259
2026-04-17T19:15:00+00:00,24706.420000000002,24710.420000000002,24696.420000000002,24704.4,684
2026-04-17T19:30:00+00:00,24704.4,24738.420000000002,24704.4,24737.4,963
2026-04-17T19:45:00+00:00,24737.4,24738.920000000002,24713.910000000003,24730.15,1119
2026-04-20T00:30:00+00:00,24730.15,24730.15,24480.250000000004,24498.270000000004,1406
2026-04-20T00:45:00+00:00,24498.270000000004,24505.510000000002,24492.250000000004,24503.020000000004,781
2026-04-20T01:00:00+00:00,24503.020000000004,24540.010000000002,24500.250000000004,24524.270000000004,1460
2026-04-20T01:15:00+00:00,24524.270000000004,24527.020000000004,24512.000000000004,24517.250000000004,826
2026-04-20T01:30:00+00:00,24517.250000000004,24549.000000000004,24512.260000000002,24537.250000000004,964
2026-04-20T01:45:00+00:00,24537.250000000004,24548.010000000002,24530.260000000002,24533.500000000004,684
2026-04-20T02:00:00+00:00,24533.500000000004,24535.510000000002,24524.510000000002,24526.500000000004,467
2026-04-20T02:15:00+00:00,24526.500000000004,24536.500000000004,24520.510000000002,24531.520000000004,512
2026-04-20T02:30:00+00:00,24531.520000000004,24537.500000000004,24519.250000000004,24520.510000000002,425
2026-04-20T02:45:00+00:00,24520.510000000002,24522.510000000002,24509.250000000004,24520.500000000004,475
2026-04-20T03:00:00+00:00,24520.500000000004,24530.500000000004,24511.000000000004,24517.270000000004,489
2026-04-20T03:15:00+00:00,24517.270000000004,24525.010000000002,24511.500000000004,24518.000000000004,466
2026-04-20T03:30:00+00:00,24518.000000000004,24533.010000000002,24513.500000000004,24514.010000000002,388
2026-04-20T03:45:00+00:00,24514.010000000002,24520.020000000004,24499.250000000004,24501.260000000002,428.0515117581187
2026-04-20T04:00:00+00:00,24501.260000000002,24518.010000000002,24494.250000000004,24504.520000000004,530
2026-04-20T04:15:00+00:00,24504.520000000004,24505.510000000002,24493.020000000004,24494.010000000002,495
2026-04-20T04:30:00+00:00,24494.010000000002,24499.510000000002,24468.510000000002,24496.010000000002,473
2026-04-20T04:45:00+00:00,24496.010000000002,24506.020000000004,24487.020000000004,24496.020000000004,878
2026-04-20T05:00:00+00:00,24496.020000000004,24496.020000000004,24473.250000000004,24486.010000000002,911
2026-04-20T05:15:00+00:00,24486.010000000002,24488.020000000004,24452.250000000004,24452.520000000004,933
2026-04-20T05:30:00+00:00,24452.520000000004,24454.020000000004,24411.270000000004,24414.000000000004,1277
2026-04-20T05:45:00+00:00,24414.000000000004,24456.010000000002,24412.250000000004,24455.520000000004,1068
2026-04-20T06:00:00+00:00,24455.520000000004,24478.520000000004,24425.270000000004,24431.520000000004,1949
2026-04-20T06:15:00+00:00,24431.520000000004,24440.500000000004,24420.020000000004,24434.020000000004,1684
2026-04-20T06:30:00+00:00,24434.020000000004,24455.020000000004,24427.500000000004,24431.020000000004,1721
2026-04-20T06:45:00+00:00,24431.020000000004,24443.020000000004,24403.000000000004,24432.510000000002,2981
2026-04-20T07:00:00+00:00,24432.510000000002,24518.350000000002,24428.350000000002,24516.350000000002,8084
2026-04-20T07:15:00+00:00,24516.350000000002,24535.370000000003,24463.350000000002,24472.360000000004,5699
2026-04-20T07:30:00+00:00,24472.360000000004,24483.870000000003,24415.850000000002,24434.850000000002,6927
2026-04-20T07:45:00+00:00,24434.850000000002,24442.370000000003,24409.870000000003,24439.860000000004,4619
2026-04-20T08:00:00+00:00,24439.860000000004,24454.370000000003,24379.360000000004,24389.360000000004,5615
2026-04-20T08:15:00+00:00,24389.360000000004,24407.870000000003,24366.860000000004,24400.870000000003,5169
2026-04-20T08:30:00+00:00,24400.870000000003,24401.370000000003,24368.370000000003,24380.850000000002,3910
2026-04-20T08:45:00+00:00,24380.850000000002,24436.360000000004,24376.360000000004,24419.370000000003,4433
2026-04-20T09:00:00+00:00,24419.370000000003,24456.870000000003,24407.870000000003,24432.370000000003,3967
2026-04-20T09:15:00+00:00,24432.370000000003,24451.860000000004,24421.850000000002,24451.350000000002,3207
2026-04-20T09:30:00+00:00,24451.350000000002,24464.870000000003,24438.360000000004,24463.850000000002,2890
2026-04-20T09:45:00+00:00,24463.850000000002,24463.850000000002,24441.850000000002,24447.360000000004,2206
2026-04-20T10:00:00+00:00,24447.360000000004,24494.370000000003,24444.360000000004,24465.350000000002,2952
2026-04-20T10:15:00+00:00,24465.350000000002,24486.870000000003,24441.850000000002,24462.850000000002,2971
2026-04-20T10:30:00+00:00,24462.850000000002,24469.870000000003,24437.370000000003,24446.850000000002,2226
2026-04-20T10:45:00+00:00,24446.850000000002,24461.870000000003,24436.850000000002,24456.860000000004,2552
2026-04-20T11:00:00+00:00,24456.860000000004,24460.870000000003,24419.850000000002,24457.870000000003,2856
2026-04-20T11:15:00+00:00,24457.870000000003,24463.870000000003,24440.850000000002,24441.850000000002,2678
2026-04-20T11:30:00+00:00,24441.850000000002,24466.360000000004,24429.350000000002,24448.370000000003,3893
2026-04-20T11:45:00+00:00,24448.370000000003,24474.870000000003,24447.860000000004,24468.350000000002,3268
2026-04-20T12:00:00+00:00,24468.350000000002,24480.850000000002,24445.360000000004,24457.350000000002,4498
2026-04-20T12:15:00+00:00,24457.350000000002,24468.860000000004,24442.860000000004,24445.350000000002,3186
2026-04-20T12:30:00+00:00,24445.350000000002,24462.370000000003,24426.860000000004,24451.860000000004,3316
2026-04-20T12:45:00+00:00,24451.860000000004,24463.370000000003,24435.350000000002,24441.350000000002,2980
2026-04-20T13:00:00+00:00,24441.350000000002,24515.850000000002,24422.360000000004,24492.850000000002,6486
2026-04-20T13:15:00+00:00,24492.850000000002,24537.870000000003,24489.860000000004,24534.360000000004,4216
2026-04-20T13:30:00+00:00,24534.360000000004,24551.870000000003,24512.870000000003,24542.350000000002,8751
2026-04-20T13:45:00+00:00,24542.350000000002,24580.850000000002,24535.860000000004,24576.370000000003,6050
2026-04-20T14:00:00+00:00,24576.370000000003,24577.870000000003,24517.870000000003,24538.860000000004,5546
2026-04-20T14:15:00+00:00,24538.860000000004,24560.350000000002,24535.350000000002,24548.860000000004,5108
2026-04-20T14:30:00+00:00,24548.860000000004,24557.870000000003,24510.850000000002,24528.360000000004,5787
2026-04-20T14:45:00+00:00,24528.360000000004,24547.870000000003,24417.850000000002,24489.370000000003,9129
2026-04-20T15:00:00+00:00,24489.370000000003,24501.870000000003,24466.850000000002,24482.370000000003,7297
2026-04-20T15:15:00+00:00,24482.370000000003,24528.870000000003,24475.350000000002,24525.860000000004,7906
2026-04-20T15:30:00+00:00,24525.860000000004,24529.350000000002,24485.850000000002,24488.850000000002,5042
2026-04-20T15:45:00+00:00,24488.850000000002,24492.370000000003,24475.850000000002,24482.370000000003,2879
2026-04-20T16:00:00+00:00,24482.370000000003,24484.520000000004,24466.500000000004,24475.020000000004,1877
2026-04-20T16:15:00+00:00,24475.020000000004,24487.020000000004,24456.500000000004,24469.520000000004,1584
2026-04-20T16:30:00+00:00,24469.520000000004,24480.000000000004,24458.020000000004,24470.520000000004,1736
2026-04-20T16:45:00+00:00,24470.520000000004,24477.010000000002,24461.500000000004,24470.000000000004,1342
2026-04-20T17:00:00+00:00,24470.000000000004,24499.020000000004,24467.010000000002,24498.010000000002,1572
2026-04-20T17:15:00+00:00,24498.010000000002,24501.510000000002,24488.010000000002,24488.520000000004,1038
2026-04-20T17:30:00+00:00,24488.520000000004,24517.000000000004,24480.500000000004,24508.010000000002,1486
2026-04-20T17:45:00+00:00,24508.010000000002,24511.020000000004,24496.510000000002,24500.520000000004,896
2026-04-20T18:00:00+00:00,24500.520000000004,24522.020000000004,24489.260000000002,24509.020000000004,1577
2026-04-20T18:15:00+00:00,24509.020000000004,24518.010000000002,24491.520000000004,24499.000000000004,1285
2026-04-20T18:30:00+00:00,24499.000000000004,24508.020000000004,24490.510000000002,24501.500000000004,1291
2026-04-20T18:45:00+00:00,24501.500000000004,24520.020000000004,24498.500000000004,24511.020000000004,570
2026-04-20T19:00:00+00:00,24511.020000000004,24523.520000000004,24507.510000000002,24520.510000000002,554
2026-04-20T19:15:00+00:00,24520.510000000002,24522.010000000002,24512.010000000002,24514.510000000002,674
2026-04-20T19:30:00+00:00,24514.510000000002,24522.010000000002,24510.000000000004,24515.520000000004,851
2026-04-20T19:45:00+00:00,24515.520000000004,24554.260000000002,24511.000000000004,24551.760000000002,1065
2026-04-21T00:30:00+00:00,24551.760000000002,24567.050000000003,24546.280000000002,24561.050000000003,502
2026-04-21T00:45:00+00:00,24561.050000000003,24589.050000000003,24556.300000000003,24575.280000000002,1045
2026-04-21T01:00:00+00:00,24575.280000000002,24579.050000000003,24555.280000000002,24560.29,778
2026-04-21T01:15:00+00:00,24560.29,24577.050000000003,24553.300000000003,24577.050000000003,641
2026-04-21T01:30:00+00:00,24577.050000000003,24590.030000000002,24575.29,24587.550000000003,519
2026-04-21T01:45:00+00:00,24587.550000000003,24590.030000000002,24571.530000000002,24581.54,640
2026-04-21T02:00:00+00:00,24581.54,24584.550000000003,24571.29,24581.030000000002,505
2026-04-21T02:15:00+00:00,24581.030000000002,24589.550000000003,24572.29,24587.550000000003,585
2026-04-21T02:30:00+00:00,24587.550000000003,24595.04,24571.280000000002,24587.550000000003,398
2026-04-21T02:45:00+00:00,24587.550000000003,24592.54,24576.29,24579.280000000002,309
2026-04-21T03:00:00+00:00,24579.280000000002,24584.550000000003,24574.280000000002,24578.550000000003,438
2026-04-21T03:15:00+00:00,24578.550000000003,24581.550000000003,24556.280000000002,24572.030000000002,543
2026-04-21T03:30:00+00:00,24572.030000000002,24575.54,24557.530000000002,24562.050000000003,281
2026-04-21T03:45:00+00:00,24562.050000000003,24576.530000000002,24561.29,24575.550000000003,324.8961073119411
2026-04-21T04:00:00+00:00,24575.550000000003,24582.530000000002,24572.300000000003,24577.04,238
2026-04-21T04:15:00+00:00,24577.04,24594.530000000002,24577.04,24588.04,254.75364474858674
2026-04-21T04:30:00+00:00,24588.04,24601.04,24587.530000000002,24589.550000000003,194
2026-04-21T04:45:00+00:00,24589.550000000003,24597.530000000002,24589.300000000003,24595.530000000002,239.63143254520168
2026-04-21T05:00:00+00:00,24595.530000000002,24624.550000000003,24594.54,24619.04,410
2026-04-21T05:15:00+00:00,24619.04,24644.550000000003,24615.530000000002,24640.04,480
2026-04-21T05:30:00+00:00,24640.04,24641.030000000002,24631.050000000003,24638.04,287
2026-04-21T05:45:00+00:00,24638.04,24638.530000000002,24617.280000000002,24623.54,452
2026-04-21T06:00:00+00:00,24623.54,24633.530000000002,24594.550000000003,24597.030000000002,1066
2026-04-21T06:15:00+00:00,24597.030000000002,24606.030000000002,24577.54,24599.050000000003,900
2026-04-21T06:30:00+00:00,24599.050000000003,24607.050000000003,24588.050000000003,24601.54,962
2026-04-21T06:45:00+00:00,24601.54,24605.050000000003,24586.04,24598.530000000002,999
2026-04-21T07:00:00+00:00,24598.530000000002,24638.890000000003,24572.890000000003,24620.9,5771
2026-04-21T07:15:00+00:00,24620.9,24645.9,24612.890000000003,24638.4,3981
2026-04-21T07:30:00+00:00,24638.4,24656.9,24619.38,24648.890000000003,3625
2026-04-21T07:45:00+00:00,24648.890000000003,24680.9,24634.38,24635.88,3755
2026-04-21T08:00:00+00:00,24635.88,24636.4,24590.890000000003,24594.38,4381
2026-04-21T08:15:00+00:00,24594.38,24651.9,24593.88,24643.38,3220
2026-04-21T08:30:00+00:00,24643.38,24689.890000000003,24629.88,24679.890000000003,3523
2026-04-21T08:45:00+00:00,24679.890000000003,24682.9,24657.890000000003,24660.390000000003,2424
2026-04-21T09:00:00+00:00,24660.390000000003,24661.4,24621.9,24648.88,2938
2026-04-21T09:15:00+00:00,24648.88,24666.4,24640.9,24647.390000000003,2196
2026-04-21T09:30:00+00:00,24647.390000000003,24657.9,24637.9,24646.890000000003,2003
2026-04-21T09:45:00+00:00,24646.890000000003,24686.9,24642.9,24661.9,2442
2026-04-21T10:00:00+00:00,24661.9,24673.38,24648.38,24653.390000000003,2365
2026-04-21T10:15:00+00:00,24653.390000000003,24657.390000000003,24625.390000000003,24633.38,1917
2026-04-21T10:30:00+00:00,24633.38,24665.4,24627.88,24652.88,1911
2026-04-21T10:45:00+00:00,24652.88,24675.9,24647.38,24670.390000000003,1780
2026-04-21T11:00:00+00:00,24670.390000000003,24673.88,24611.29,24626.88,3591
2026-04-21T11:15:00+00:00,24626.88,24649.9,24617.38,24646.9,2353
2026-04-21T11:30:00+00:00,24646.9,24657.4,24631.9,24635.890000000003,2042
2026-04-21T11:45:00+00:00,24635.890000000003,24635.9,24591.890000000003,24593.88,2149
2026-04-21T12:00:00+00:00,24593.88,24602.390000000003,24581.88,24583.390000000003,2758
2026-04-21T12:15:00+00:00,24583.390000000003,24586.390000000003,24556.890000000003,24579.4,2663
2026-04-21T12:30:00+00:00,24579.4,24589.88,24531.4,24550.390000000003,4991
2026-04-21T12:45:00+00:00,24550.390000000003,24558.9,24521.4,24535.4,3947
2026-04-21T13:00:00+00:00,24535.4,24543.9,24507.4,24508.4,3537
2026-04-21T13:15:00+00:00,24508.4,24518.4,24487.38,24497.390000000003,3485
2026-04-21T13:30:00+00:00,24497.390000000003,24536.4,24488.38,24533.390000000003,8968
2026-04-21T13:45:00+00:00,24533.390000000003,24558.9,24531.88,24552.88,5637
2026-04-21T14:00:00+00:00,24552.88,24553.88,24498.88,24513.4,4424
2026-04-21T14:15:00+00:00,24513.4,24526.390000000003,24471.88,24477.88,4645
2026-04-21T14:30:00+00:00,24477.88,24485.88,24437.88,24442.890000000003,5709
2026-04-21T14:45:00+00:00,24442.890000000003,24443.4,24360.88,24367.38,6960
2026-04-21T15:00:00+00:00,24367.38,24396.890000000003,24321.38,24391.38,10289
2026-04-21T15:15:00+00:00,24391.38,24404.390000000003,24359.88,24370.9,8080
2026-04-21T15:30:00+00:00,24370.9,24372.88,24305.88,24328.9,6511
2026-04-21T15:45:00+00:00,24328.9,24354.38,24320.88,24332.4,4488
2026-04-21T16:00:00+00:00,24332.4,24382.54,24332.4,24343.04,4204
2026-04-21T16:15:00+00:00,24343.04,24350.050000000003,24321.030000000002,24324.050000000003,2346
2026-04-21T16:30:00+00:00,24324.050000000003,24344.050000000003,24300.030000000002,24302.04,2251
2026-04-21T16:45:00+00:00,24302.04,24321.550000000003,24280.530000000002,24281.530000000002,1993
2026-04-21T17:00:00+00:00,24281.530000000002,24304.530000000002,24219.050000000003,24239.550000000003,4978
2026-04-21T17:15:00+00:00,24239.550000000003,24252.050000000003,24207.04,24246.030000000002,2907
2026-04-21T17:30:00+00:00,24246.030000000002,24339.54,24246.030000000002,24308.54,5773
2026-04-21T17:45:00+00:00,24308.54,24310.550000000003,24273.54,24285.54,2398
2026-04-21T18:00:00+00:00,24285.54,24321.550000000003,24285.54,24302.030000000002,2210
2026-04-21T18:15:00+00:00,24302.030000000002,24308.550000000003,24236.54,24246.030000000002,3681
2026-04-21T18:30:00+00:00,24246.030000000002,24271.050000000003,24239.030000000002,24243.04,1272
2026-04-21T18:45:00+00:00,24243.04,24313.030000000002,24225.530000000002,24273.050000000003,4055
2026-04-21T19:00:00+00:00,24273.050000000003,24313.530000000002,24258.04,24276.530000000002,2644
2026-04-21T19:15:00+00:00,24276.530000000002,24331.050000000003,24262.04,24328.030000000002,2776
2026-04-21T19:30:00+00:00,24328.030000000002,24330.550000000003,24104.300000000003,24123.530000000002,5565
2026-04-21T19:45:00+00:00,24123.530000000002,24167.04,24100.280000000002,24149.780000000002,6021
2026-04-22T00:30:00+00:00,24149.780000000002,24339.010000000002,24149.780000000002,24335.000000000004,430
2026-04-22T00:45:00+00:00,24335.000000000004,24338.000000000004,24315.750000000004,24321.500000000004,588
2026-04-22T01:00:00+00:00,24321.500000000004,24327.510000000002,24289.750000000004,24313.000000000004,882
2026-04-22T01:15:00+00:00,24313.000000000004,24318.010000000002,24291.760000000002,24296.510000000002,804
2026-04-22T01:30:00+00:00,24296.510000000002,24315.49,24287.760000000002,24295.510000000002,735
2026-04-22T01:45:00+00:00,24295.510000000002,24305.49,24281.760000000002,24298.49,765
2026-04-22T02:00:00+00:00,24298.49,24333.510000000002,24295.74,24329.510000000002,764
2026-04-22T02:15:00+00:00,24329.510000000002,24330.49,24315.74,24322.750000000004,665
2026-04-22T02:30:00+00:00,24322.750000000004,24327.510000000002,24313.74,24323.510000000002,568
2026-04-22T02:45:00+00:00,24323.510000000002,24327.49,24314.74,24320.510000000002,395
2026-04-22T03:00:00+00:00,24320.510000000002,24329.500000000004,24301.750000000004,24303.010000000002,744
2026-04-22T03:15:00+00:00,24303.010000000002,24306.500000000004,24284.760000000002,24300.750000000004,580
2026-04-22T03:30:00+00:00,24300.750000000004,24326.500000000004,24288.74,24304.49,759
2026-04-22T03:45:00+00:00,24304.49,24308.99,24289.250000000004,24292.260000000002,389.18631673003983
2026-04-22T04:00:00+00:00,24292.260000000002,24322.510000000002,24292.260000000002,24317.99,536
2026-04-22T04:15:00+00:00,24317.99,24318.500000000004,24286.24,24290.000000000004,585
2026-04-22T04:30:00+00:00,24290.000000000004,24300.010000000002,24281.260000000002,24297.99,424
2026-04-22T04:45:00+00:00,24297.99,24314.99,24274.250000000004,24280.010000000002,699
2026-04-22T05:00:00+00:00,24280.010000000002,24324.500000000004,24271.24,24323.000000000004,723
2026-04-22T05:15:00+00:00,24323.000000000004,24403.510000000002,24321.500000000004,24371.49,2287
2026-04-22T05:30:00+00:00,24371.49,24411.010000000002,24365.260000000002,24405.510000000002,1295
2026-04-22T05:45:00+00:00,24405.510000000002,24420.510000000002,24394.99,24395.500000000004,904
2026-04-22T06:00:00+00:00,24395.500000000004,24409.010000000002,24382.99,24391.49,1288
2026-04-22T06:15:00+00:00,24391.49,24401.99,24376.99,24398.99,1007
2026-04-22T06:30:00+00:00,24398.99,24419.99,24397.500000000004,24402.510000000002,1341
2026-04-22T06:45:00+00:00,24402.510000000002,24433.510000000002,24400.510000000002,24433.010000000002,1149
2026-04-22T07:00:00+00:00,24433.010000000002,24470.850000000002,24428.860000000004,24432.350000000002,5412
2026-04-22T07:15:00+00:00,24432.350000000002,24451.850000000002,24407.840000000004,24428.840000000004,4488
2026-04-22T07:30:00+00:00,24428.840000000004,24429.860000000004,24389.860000000004,24413.350000000002,4587
2026-04-22T07:45:00+00:00,24413.350000000002,24421.360000000004,24381.860000000004,24382.840000000004,3765
2026-04-22T08:00:00+00:00,24382.840000000004,24401.350000000002,24362.24,24365.340000000004,4598
2026-04-22T08:15:00+00:00,24365.340000000004,24366.360000000004,24301.350000000002,24320.360000000004,4702
2026-04-22T08:30:00+00:00,24320.360000000004,24341.860000000004,24289.350000000002,24332.350000000002,4791
2026-04-22T08:45:00+00:00,24332.350000000002,24369.860000000004,24324.840000000004,24361.360000000004,3319
2026-04-22T09:00:00+00:00,24361.360000000004,24400.350000000002,24355.340000000004,24380.350000000002,5324
2026-04-22T09:15:00+00:00,24380.350000000002,24396.340000000004,24358.350000000002,24361.350000000002,3043
2026-04-22T09:30:00+00:00,24361.350000000002,24366.860000000004,24331.350000000002,24360.360000000004,3346
2026-04-22T09:45:00+00:00,24360.360000000004,24362.360000000004,24273.840000000004,24290.340000000004,4365
2026-04-22T10:00:00+00:00,24290.340000000004,24315.360000000004,24231.860000000004,24261.850000000002,5380
2026-04-22T10:15:00+00:00,24261.850000000002,24298.860000000004,24244.340000000004,24293.360000000004,4400
2026-04-22T10:30:00+00:00,24293.360000000004,24322.360000000004,24276.360000000004,24288.850000000002,3537
2026-04-22T10:45:00+00:00,24288.850000000002,24311.360000000004,24288.340000000004,24305.340000000004,3065
2026-04-22T11:00:00+00:00,24305.340000000004,24316.340000000004,24295.350000000002,24301.350000000002,3811
2026-04-22T11:15:00+00:00,24301.350000000002,24333.860000000004,24299.850000000002,24331.340000000004,2895
2026-04-22T11:30:00+00:00,24331.340000000004,24350.360000000004,24315.360000000004,24320.850000000002,4117
2026-04-22T11:45:00+00:00,24320.850000000002,24375.360000000004,24320.850000000002,24357.340000000004,3389
2026-04-22T12:00:00+00:00,24357.340000000004,24380.360000000004,24347.340000000004,24371.360000000004,3161
2026-04-22T12:15:00+00:00,24371.360000000004,24393.360000000004,24341.350000000002,24344.360000000004,3775
2026-04-22T12:30:00+00:00,24344.360000000004,24345.340000000004,24303.850000000002,24320.360000000004,5211
2026-04-22T12:45:00+00:00,24320.360000000004,24331.360000000004,24292.360000000004,24305.350000000002,4018
2026-04-22T13:00:00+00:00,24305.350000000002,24383.860000000004,24297.340000000004,24319.360000000004,6162
2026-04-22T13:15:00+00:00,24319.360000000004,24379.850000000002,24295.340000000004,24332.860000000004,6409
2026-04-22T13:30:00+00:00,24332.860000000004,24337.360000000004,24276.850000000002,24291.350000000002,9015
2026-04-22T13:45:00+00:00,24291.350000000002,24316.860000000004,24279.850000000002,24300.350000000002,6113
2026-04-22T14:00:00+00:00,24300.350000000002,24305.350000000002,24271.840000000004,24291.340000000004,5156
2026-04-22T14:15:00+00:00,24291.340000000004,24333.860000000004,24290.340000000004,24314.340000000004,5272
2026-04-22T14:30:00+00:00,24314.340000000004,24332.360000000004,24278.850000000002,24280.360000000004,7703
2026-04-22T14:45:00+00:00,24280.360000000004,24295.340000000004,24223.340000000004,24257.840000000004,5088.96320630749
2026-04-22T15:00:00+00:00,24257.840000000004,24281.350000000002,24234.860000000004,24252.860000000004,5963
2026-04-22T15:15:00+00:00,24252.860000000004,24293.860000000004,24234.840000000004,24282.350000000002,4612
2026-04-22T15:30:00+00:00,24282.350000000002,24293.850000000002,24242.840000000004,24245.350000000002,3561
2026-04-22T15:45:00+00:00,24245.350000000002,24276.360000000004,24240.840000000004,24261.850000000002,2324
2026-04-22T16:00:00+00:00,24261.850000000002,24290.500000000004,24253.500000000004,24277.49,2460
2026-04-22T16:15:00+00:00,24277.49,24279.500000000004,24256.49,24263.510000000002,1842
2026-04-22T16:30:00+00:00,24263.510000000002,24282.010000000002,24249.510000000002,24259.99,2126
2026-04-22T16:45:00+00:00,24259.99,24272.010000000002,24250.500000000004,24254.99,1996
2026-04-22T17:00:00+00:00,24254.99,24308.99,24250.750000000004,24289.500000000004,1963
2026-04-22T17:15:00+00:00,24289.500000000004,24305.010000000002,24275.000000000004,24290.99,1045
2026-04-22T17:30:00+00:00,24290.99,24306.510000000002,24290.99,24300.000000000004,722
2026-04-22T17:45:00+00:00,24300.000000000004,24306.500000000004,24284.500000000004,24290.49,1312
2026-04-22T18:00:00+00:00,24290.49,24290.49,24267.49,24269.000000000004,844
2026-04-22T18:15:00+00:00,24269.000000000004,24269.000000000004,24228.500000000004,24242.510000000002,1234
2026-04-22T18:30:00+00:00,24242.510000000002,24258.510000000002,24239.99,24255.99,728
2026-04-22T18:45:00+00:00,24255.99,24258.510000000002,24241.49,24247.010000000002,758
2026-04-22T19:00:00+00:00,24247.010000000002,24257.510000000002,24204.49,24248.010000000002,3128
2026-04-22T19:15:00+00:00,24248.010000000002,24266.500000000004,24248.010000000002,24256.500000000004,1145
2026-04-22T19:30:00+00:00,24256.500000000004,24273.000000000004,24247.500000000004,24269.510000000002,1062
2026-04-22T19:45:00+00:00,24269.510000000002,24298.500000000004,24261.99,24286.750000000004,1348
2026-04-23T00:30:00+00:00,24286.750000000004,24286.750000000004,24165.22,24169.230000000003,1638
2026-04-23T00:45:00+00:00,24169.230000000003,24183.980000000003,24149.22,24166.22,1263
2026-04-23T01:00:00+00:00,24166.22,24171.230000000003,24116.22,24123.24,1516
2026-04-23T01:15:00+00:00,24123.24,24136.980000000003,24086.24,24096.97,1290
2026-04-23T01:30:00+00:00,24096.97,24117.99,24085.22,24091.24,1818
2026-04-23T01:45:00+00:00,24091.24,24092.99,24058.22,24065.49,1538
2026-04-23T02:00:00+00:00,24065.49,24068.47,23997.24,24000.980000000003,1595
2026-04-23T02:15:00+00:00,24000.980000000003,24036.97,23990.230000000003,24010.99,2465
2026-04-23T02:30:00+00:00,24010.99,24018.99,23984.22,24001.24,2038
2026-04-23T02:45:00+00:00,24001.24,24023.980000000003,23974.230000000003,23977.24,1716
2026-04-23T03:00:00+00:00,23977.24,24007.480000000003,23964.22,23969.230000000003,1597
2026-04-23T03:15:00+00:00,23969.230000000003,23976.99,23957.22,23957.22,1538
2026-04-23T03:30:00+00:00,23957.22,23965.980000000003,23938.22,23955.230000000003,1889
2026-04-23T03:45:00+00:00,23955.230000000003,23974.99,23947.230000000003,23959.22,1800
2026-04-23T04:00:00+00:00,23959.22,23973.99,23946.22,23969.980000000003,1639
2026-04-23T04:15:00+00:00,23969.980000000003,23980.99,23957.24,23967.97,1238
2026-04-23T04:30:00+00:00,23967.97,23995.49,23966.22,23994.99,974
2026-04-23T04:45:00+00:00,23994.99,24010.97,23985.99,24007.480000000003,1042
2026-04-23T05:00:00+00:00,24007.480000000003,24025.99,23999.24,24022.980000000003,853
2026-04-23T05:15:00+00:00,24022.980000000003,24028.49,24012.22,24018.230000000003,835
2026-04-23T05:30:00+00:00,24018.230000000003,24041.480000000003,24009.22,24026.230000000003,1471
2026-04-23T05:45:00+00:00,24026.230000000003,24075.99,24025.22,24075.99,1058
2026-04-23T06:00:00+00:00,24075.99,24101.47,24075.97,24086.480000000003,1566
2026-04-23T06:15:00+00:00,24086.480000000003,24118.47,24084.480000000003,24114.49,1241
2026-04-23T06:30:00+00:00,24114.49,24118.980000000003,24098.980000000003,24105.49,1312
2026-04-23T06:45:00+00:00,24105.49,24113.980000000003,24075.97,24106.99,1796
2026-04-23T07:00:00+00:00,24106.99,24210.840000000004,24096.320000000003,24192.820000000003,7117
2026-04-23T07:15:00+00:00,24192.820000000003,24217.33,24178.320000000003,24204.820000000003,4645
2026-04-23T07:30:00+00:00,24204.820000000003,24247.83,24181.33,24247.820000000003,5327
2026-04-23T07:45:00+00:00,24247.820000000003,24261.83,24215.83,24233.820000000003,4631
2026-04-23T08:00:00+00:00,24233.820000000003,24233.820000000003,24162.320000000003,24165.33,5594
2026-04-23T08:15:00+00:00,24165.33,24235.340000000004,24158.320000000003,24202.320000000003,4763
2026-04-23T08:30:00+00:00,24202.320000000003,24202.320000000003,24129.33,24133.820000000003,4974
2026-04-23T08:45:00+00:00,24133.820000000003,24152.340000000004,24119.820000000003,24121.840000000004,4709
2026-04-23T09:00:00+00:00,24121.840000000004,24128.33,24060.83,24113.83,5934
2026-04-23T09:15:00+00:00,24113.83,24169.820000000003,24109.33,24144.820000000003,5313
2026-04-23T09:30:00+00:00,24144.820000000003,24168.840000000004,24126.33,24142.340000000004,4459
2026-04-23T09:45:00+00:00,24142.340000000004,24142.340000000004,24098.320000000003,24108.340000000004,3935
2026-04-23T10:00:00+00:00,24108.340000000004,24132.320000000003,24083.820000000003,24093.33,4746
2026-04-23T10:15:00+00:00,24093.33,24149.83,24090.320000000003,24125.820000000003,3933
2026-04-23T10:30:00+00:00,24125.820000000003,24173.340000000004,24125.820000000003,24143.83,3977
2026-04-23T10:45:00+00:00,24143.83,24191.33,24137.840000000004,24183.340000000004,3716
2026-04-23T11:00:00+00:00,24183.340000000004,24195.820000000003,24132.820000000003,24152.840000000004,3893
2026-04-23T11:15:00+00:00,24152.840000000004,24167.320000000003,24119.840000000004,24137.340000000004,3531
2026-04-23T11:30:00+00:00,24137.340000000004,24173.340000000004,24112.320000000003,24160.320000000003,5626
2026-04-23T11:45:00+00:00,24160.320000000003,24220.83,24154.33,24202.840000000004,6229
2026-04-23T12:00:00+00:00,24202.840000000004,24277.320000000003,24196.83,24246.340000000004,6700
2026-04-23T12:15:00+00:00,24246.340000000004,24246.340000000004,24190.320000000003,24218.820000000003,3858
2026-04-23T12:30:00+00:00,24218.820000000003,24225.340000000004,24169.83,24171.840000000004,4278
2026-04-23T12:45:00+00:00,24171.840000000004,24195.83,24094.340000000004,24192.320000000003,7313
2026-04-23T13:00:00+00:00,24192.320000000003,24215.840000000004,24152.320000000003,24171.840000000004,4851
2026-04-23T13:15:00+00:00,24171.840000000004,24217.340000000004,24171.840000000004,24201.33,4162
2026-04-23T13:30:00+00:00,24201.33,24243.340000000004,24184.33,24235.320000000003,6984
2026-04-23T13:45:00+00:00,24235.320000000003,24255.340000000004,24215.320000000003,24222.83,5449
2026-04-23T14:00:00+00:00,24222.83,24245.840000000004,24197.83,24231.820000000003,8499
2026-04-23T14:15:00+00:00,24231.820000000003,24253.320000000003,24220.820000000003,24236.820000000003,5720
2026-04-23T14:30:00+00:00,24236.820000000003,24259.33,24222.820000000003,24244.83,4929
2026-04-23T14:45:00+00:00,24244.83,24273.340000000004,24236.83,24265.820000000003,4243
2026-04-23T15:00:00+00:00,24265.820000000003,24269.33,24222.320000000003,24223.83,3928
2026-04-23T15:15:00+00:00,24223.83,24255.820000000003,24223.320000000003,24245.320000000003,3540
2026-04-23T15:30:00+00:00,24245.320000000003,24247.33,24178.320000000003,24178.840000000004,3757
2026-04-23T15:45:00+00:00,24178.840000000004,24327.840000000004,24137.320000000003,24289.320000000003,7034
2026-04-23T16:00:00+00:00,24289.320000000003,24306.480000000003,24257.47,24283.480000000003,2883
2026-04-23T16:15:00+00:00,24283.480000000003,24316.49,24281.97,24301.980000000003,1879
2026-04-23T16:30:00+00:00,24301.980000000003,24313.99,24291.47,24311.99,1588
2026-04-23T16:45:00+00:00,24311.99,24320.480000000003,24279.47,24296.47,1562
2026-04-23T17:00:00+00:00,24296.47,24302.49,24138.49,24165.99,6476
2026-04-23T17:15:00+00:00,24165.99,24165.99,24079.480000000003,24087.99,7327
2026-04-23T17:30:00+00:00,24087.99,24134.49,23954.99,23979.980000000003,8491
2026-04-23T17:45:00+00:00,23979.980000000003,24181.97,23905.230000000003,24100.99,11080
2026-04-23T18:00:00+00:00,24100.99,24171.49,24087.97,24141.980000000003,7115
2026-04-23T18:15:00+00:00,24141.980000000003,24169.49,24131.24,24167.980000000003,3751
2026-04-23T18:30:00+00:00,24167.980000000003,24200.980000000003,24150.980000000003,24171.480000000003,2579
2026-04-23T18:45:00+00:00,24171.480000000003,24173.47,24097.24,24125.47,2695
2026-04-23T19:00:00+00:00,24125.47,24160.980000000003,24111.22,24154.47,3267
2026-04-23T19:15:00+00:00,24154.47,24170.49,24149.980000000003,24157.49,1700
2026-04-23T19:30:00+00:00,24157.49,24165.99,24103.480000000003,24119.99,3348
2026-04-23T19:45:00+00:00,24119.99,24165.74,24101.22,24158.72,2799
2026-04-24T00:30:00+00:00,24158.72,24260.4,24158.72,24222.65,909
2026-04-24T00:45:00+00:00,24222.65,24240.410000000003,24208.65,24224.65,1219
2026-04-24T01:00:00+00:00,24224.65,24231.410000000003,24191.4,24202.9,1325
2026-04-24T01:15:00+00:00,24202.9,24211.420000000002,24188.65,24203.65,1131
2026-04-24T01:30:00+00:00,24203.65,24207.920000000002,24153.65,24165.65,1330
2026-04-24T01:45:00+00:00,24165.65,24191.420000000002,24160.65,24181.410000000003,946
2026-04-24T02:00:00+00:00,24181.410000000003,24181.410000000003,24150.670000000002,24158.65,907
2026-04-24T02:15:00+00:00,24158.65,24169.410000000003,24116.65,24120.65,1140
2026-04-24T02:30:00+00:00,24120.65,24140.660000000003,24112.660000000003,24120.160000000003,888.4398931431883
2026-04-24T02:45:00+00:00,24120.160000000003,24129.920000000002,24108.15,24121.170000000002,610
2026-04-24T03:00:00+00:00,24121.170000000002,24128.170000000002,24102.15,24103.15,948
2026-04-24T03:15:00+00:00,24103.15,24125.910000000003,24102.15,24112.4,758
2026-04-24T03:30:00+00:00,24112.4,24138.910000000003,24103.170000000002,24123.15,1277
2026-04-24T03:45:00+00:00,24123.15,24159.910000000003,24122.15,24136.160000000003,655
2026-04-24T04:00:00+00:00,24136.160000000003,24179.4,24123.160000000003,24175.920000000002,1019
2026-04-24T04:15:00+00:00,24175.920000000002,24177.420000000002,24149.160000000003,24164.170000000002,757
2026-04-24T04:30:00+00:00,24164.170000000002,24184.9,24162.160000000003,24175.4,743
2026-04-24T04:45:00+00:00,24175.4,24195.910000000003,24170.170000000002,24189.920000000002,487
2026-04-24T05:00:00+00:00,24189.920000000002,24209.410000000003,24182.15,24198.160000000003,783
2026-04-24T05:15:00+00:00,24198.160000000003,24218.410000000003,24194.15,24213.410000000003,810
2026-04-24T05:30:00+00:00,24213.410000000003,24268.9,24213.4,24264.410000000003,769
2026-04-24T05:45:00+00:00,24264.410000000003,24267.420000000002,24249.15,24261.9,587
2026-04-24T06:00:00+00:00,24261.9,24281.420000000002,24249.410000000003,24279.920000000002,1186
2026-04-24T06:15:00+00:00,24279.920000000002,24282.920000000002,24250.4,24251.4,991
2026-04-24T06:30:00+00:00,24251.4,24272.920000000002,24243.4,24271.4,1164
2026-04-24T06:45:00+00:00,24271.4,24273.410000000003,24235.4,24249.910000000003,1283
2026-04-24T07:00:00+00:00,24249.910000000003,24285.250000000004,24210.770000000004,24211.260000000002,6590
2026-04-24T07:15:00+00:00,24211.260000000002,24261.270000000004,24179.250000000004,24251.270000000004,4507
2026-04-24T07:30:00+00:00,24251.270000000004,24251.270000000004,24188.770000000004,24206.770000000004,4514
2026-04-24T07:45:00+00:00,24206.770000000004,24242.270000000004,24198.260000000002,24239.750000000004,3149
2026-04-24T08:00:00+00:00,24239.750000000004,24244.770000000004,24160.260000000002,24172.270000000004,4285
2026-04-24T08:15:00+00:00,24172.270000000004,24267.270000000004,24160.760000000002,24172.260000000002,5860
2026-04-24T08:30:00+00:00,24172.260000000002,24172.770000000004,24122.760000000002,24126.270000000004,4215
2026-04-24T08:45:00+00:00,24126.270000000004,24147.270000000004,24081.250000000004,24105.250000000004,4034
2026-04-24T09:00:00+00:00,24105.250000000004,24125.270000000004,24084.760000000002,24104.750000000004,4040
2026-04-24T09:15:00+00:00,24104.750000000004,24115.760000000002,24053.260000000002,24060.250000000004,4706
2026-04-24T09:30:00+00:00,24060.250000000004,24116.760000000002,24055.270000000004,24116.260000000002,3216
2026-04-24T09:45:00+00:00,24116.260000000002,24133.270000000004,24080.760000000002,24091.770000000004,3871
2026-04-24T10:00:00+00:00,24091.770000000004,24146.260000000002,24086.760000000002,24131.770000000004,3175
2026-04-24T10:15:00+00:00,24131.770000000004,24157.270000000004,24128.260000000002,24140.250000000004,2261
2026-04-24T10:30:00+00:00,24140.250000000004,24150.770000000004,24121.760000000002,24142.250000000004,2372
2026-04-24T10:45:00+00:00,24142.250000000004,24161.770000000004,24132.250000000004,24133.250000000004,1990
2026-04-24T11:00:00+00:00,24133.250000000004,24305.770000000004,24133.250000000004,24285.760000000002,12453
2026-04-24T11:15:00+00:00,24285.760000000002,24380.270000000004,24256.250000000004,24378.250000000004,11373
2026-04-24T11:30:00+00:00,24378.250000000004,24396.260000000002,24263.260000000002,24264.270000000004,5702
2026-04-24T11:45:00+00:00,24264.270000000004,24275.250000000004,24237.250000000004,24273.270000000004,4018
2026-04-24T12:00:00+00:00,24273.270000000004,24322.250000000004,24254.760000000002,24308.250000000004,4438
2026-04-24T12:15:00+00:00,24308.250000000004,24319.760000000002,24251.270000000004,24273.770000000004,5250
2026-04-24T12:30:00+00:00,24273.770000000004,24276.770000000004,24189.760000000002,24195.760000000002,4068
2026-04-24T12:45:00+00:00,24195.760000000002,24209.760000000002,24145.270000000004,24198.760000000002,4662
2026-04-24T13:00:00+00:00,24198.760000000002,24233.260000000002,24190.750000000004,24202.760000000002,4389
2026-04-24T13:15:00+00:00,24202.760000000002,24240.770000000004,24199.250000000004,24219.260000000002,4091
2026-04-24T13:30:00+00:00,24219.260000000002,24231.770000000004,24187.260000000002,24217.250000000004,8982
2026-04-24T13:45:00+00:00,24217.250000000004,24231.270000000004,24166.750000000004,24180.260000000002,7425
2026-04-24T14:00:00+00:00,24180.260000000002,24233.770000000004,24153.250000000004,24203.750000000004,9248
2026-04-24T14:15:00+00:00,24203.750000000004,24229.260000000002,24162.270000000004,24191.760000000002,5855
2026-04-24T14:30:00+00:00,24191.760000000002,24242.250000000004,24180.750000000004,24231.260000000002,6068
2026-04-24T14:45:00+00:00,24231.260000000002,24239.270000000004,24195.770000000004,24216.760000000002,3920.2958582015544
2026-04-24T15:00:00+00:00,24216.760000000002,24225.27,24185.260000000002,24204.780000000002,4145
2026-04-24T15:15:00+00:00,24204.780000000002,24224.280000000002,24182.260000000002,24199.260000000002,3681
2026-04-24T15:30:00+00:00,24199.260000000002,24337.77,24181.280000000002,24312.280000000002,5052
2026-04-24T15:45:00+00:00,24312.280000000002,24364.27,24225.280000000002,24268.280000000002,7069
2026-04-24T16:00:00+00:00,24268.280000000002,24278.41,24238.420000000002,24262.41,2770
2026-04-24T16:15:00+00:00,24262.41,24275.43,24255.91,24260.920000000002,1366
2026-04-24T16:30:00+00:00,24260.920000000002,24283.920000000002,24229.91,24243.93,1851
2026-04-24T16:45:00+00:00,24243.93,24273.920000000002,24242.43,24271.420000000002,1800
2026-04-24T17:00:00+00:00,24271.420000000002,24282.420000000002,24258.43,24263.420000000002,1422
2026-04-24T17:15:00+00:00,24263.420000000002,24279.43,24254.920000000002,24274.93,882
2026-04-24T17:30:00+00:00,24274.93,24296.920000000002,24260.920000000002,24290.93,1319
2026-04-24T17:45:00+00:00,24290.93,24322.920000000002,24285.920000000002,24287.420000000002,1286
2026-04-24T18:00:00+00:00,24287.420000000002,24290.93,24272.420000000002,24280.43,855
2026-04-24T18:15:00+00:00,24280.43,24286.93,24264.43,24273.420000000002,1078
2026-04-24T18:30:00+00:00,24273.420000000002,24290.43,24271.420000000002,24284.93,762
2026-04-24T18:45:00+00:00,24284.93,24290.43,24276.91,24282.91,815
2026-04-24T19:00:00+00:00,24282.91,24305.920000000002,24282.91,24299.93,985
2026-04-24T19:15:00+00:00,24299.93,24312.93,24286.91,24295.920000000002,939
2026-04-24T19:30:00+00:00,24295.920000000002,24303.43,24288.41,24291.91,1002
2026-04-24T19:45:00+00:00,24291.91,24333.920000000002,24283.920000000002,24331.68,1226
2026-04-27T00:30:00+00:00,24331.68,24331.68,24204.23,24221.25,1020
2026-04-27T00:45:00+00:00,24221.25,24259.24,24220.23,24243.23,1032
2026-04-27T01:00:00+00:00,24243.23,24301.49,24243.23,24259.24,2768
2026-04-27T01:15:00+00:00,24259.24,24282.98,24242.23,24280.23,1406
2026-04-27T01:30:00+00:00,24280.23,24319,24271.24,24304.98,2004
2026-04-27T01:45:00+00:00,24304.98,24329.99,24301,24327.99,1751
2026-04-27T02:00:00+00:00,24327.99,24330.48,24303.24,24318.25,1548
2026-04-27T02:15:00+00:00,24318.25,24334.98,24305.48,24308.5,1052
2026-04-27T02:30:00+00:00,24308.5,24315,24288.98,24290.49,727
2026-04-27T02:45:00+00:00,24290.49,24302,24289.23,24297,393
2026-04-27T03:00:00+00:00,24297,24309.49,24282.23,24287.25,1416
2026-04-27T03:15:00+00:00,24287.25,24298.25,24282.24,24291.23,776
2026-04-27T03:30:00+00:00,24291.23,24304,24286.24,24302.98,687
2026-04-27T03:45:00+00:00,24302.98,24304.49,24284.23,24287.23,434.5432702192741
2026-04-27T04:00:00+00:00,24287.23,24290.98,24266.23,24275.24,1009
2026-04-27T04:15:00+00:00,24275.24,24292,24274.23,24289.49,509
2026-04-27T04:30:00+00:00,24289.49,24301,24286.25,24291.24,570
2026-04-27T04:45:00+00:00,24291.24,24295,24258.23,24264.25,579
2026-04-27T05:00:00+00:00,24264.25,24268,24232.98,24237.99,1075
2026-04-27T05:15:00+00:00,24237.99,24251,24231.25,24239.98,1039
2026-04-27T05:30:00+00:00,24239.98,24242.98,24203.23,24210,1516
2026-04-27T05:45:00+00:00,24210,24234,24205.49,24226.5,1014
2026-04-27T06:00:00+00:00,24226.5,24245.49,24218.5,24224.5,1643
2026-04-27T06:15:00+00:00,24224.5,24253,24215.98,24252,1061
2026-04-27T06:30:00+00:00,24252,24253.5,24223.48,24238.48,1465
2026-04-27T06:45:00+00:00,24238.48,24261.99,24235.48,24246.98,1243
2026-04-27T07:00:00+00:00,24246.98,24299.350000000002,24218.83,24282.33,6526
2026-04-27T07:15:00+00:00,24282.33,24300.33,24245.33,24250.850000000002,5331
2026-04-27T07:30:00+00:00,24250.850000000002,24268.84,24222.84,24248.350000000002,4468
2026-04-27T07:45:00+00:00,24248.350000000002,24267.83,24225.34,24226.34,3929
2026-04-27T08:00:00+00:00,24226.34,24244.350000000002,24198.23,24215.83,5776
2026-04-27T08:15:00+00:00,24215.83,24277.850000000002,24212.34,24271.33,3821
2026-04-27T08:30:00+00:00,24271.33,24310.34,24269.84,24303.33,3283
2026-04-27T08:45:00+00:00,24303.33,24307.350000000002,24277.33,24287.350000000002,2902
2026-04-27T09:00:00+00:00,24287.350000000002,24314.350000000002,24285.84,24309.350000000002,3216
2026-04-27T09:15:00+00:00,24309.350000000002,24310.83,24282.83,24306.33,2481
2026-04-27T09:30:00+00:00,24306.33,24338.850000000002,24302.34,24337.84,2186
2026-04-27T09:45:00+00:00,24337.84,24350.84,24332.83,24336.83,2045
2026-04-27T10:00:00+00:00,24336.83,24348.850000000002,24324.33,24332.83,2001
2026-04-27T10:15:00+00:00,24332.83,24352.850000000002,24325.33,24340.850000000002,1837
2026-04-27T10:30:00+00:00,24340.850000000002,24386.33,24338.33,24382.350000000002,2081
2026-04-27T10:45:00+00:00,24382.350000000002,24412.350000000002,24379.83,24399.83,2975
2026-04-27T11:00:00+00:00,24399.83,24416.850000000002,24392.83,24393.850000000002,2631
2026-04-27T11:15:00+00:00,24393.850000000002,24432.84,24386.83,24428.350000000002,2489
2026-04-27T11:30:00+00:00,24428.350000000002,24446.34,24421.84,24425.34,2513
2026-04-27T11:45:00+00:00,24425.34,24429.850000000002,24380.84,24396.850000000002,2319
2026-04-27T12:00:00+00:00,24396.850000000002,24403.850000000002,24371.83,24379.84,3040
2026-04-27T12:15:00+00:00,24379.84,24386.850000000002,24330.33,24341.34,3392
2026-04-27T12:30:00+00:00,24341.34,24364.350000000002,24314.850000000002,24330.350000000002,4186
2026-04-27T12:45:00+00:00,24330.350000000002,24337.350000000002,24260.84,24271.34,4285
2026-04-27T13:00:00+00:00,24271.34,24280.34,24217.350000000002,24221.83,6074
2026-04-27T13:15:00+00:00,24221.83,24269.83,24221.83,24267.34,4243
2026-04-27T13:30:00+00:00,24267.34,24314.350000000002,24239.33,24245.350000000002,9094
2026-04-27T13:45:00+00:00,24245.350000000002,24254.850000000002,24190.34,24250.83,8851
2026-04-27T14:00:00+00:00,24250.83,24259.350000000002,24195.34,24217.850000000002,8903
2026-04-27T14:15:00+00:00,24217.850000000002,24247.850000000002,24196.350000000002,24227.83,6728
2026-04-27T14:30:00+00:00,24227.83,24235.34,24187.33,24209.84,7791
2026-04-27T14:45:00+00:00,24209.84,24214.850000000002,24151.33,24155.33,5414
2026-04-27T15:00:00+00:00,24155.33,24162.350000000002,24109.83,24146.850000000002,5732
2026-04-27T15:15:00+00:00,24146.850000000002,24165.350000000002,24115.83,24158.350000000002,5273
2026-04-27T15:30:00+00:00,24158.350000000002,24175.34,24142.33,24167.34,3687
2026-04-27T15:45:00+00:00,24167.34,24210.350000000002,24162.33,24205.84,2267
2026-04-27T16:00:00+00:00,24205.84,24216.48,24189.98,24211.99,1686
2026-04-27T16:15:00+00:00,24211.99,24220,24193.49,24197,1180
2026-04-27T16:30:00+00:00,24197,24200,24188.5,24190,1280
2026-04-27T16:45:00+00:00,24190,24204.49,24188.48,24201.49,951
2026-04-27T17:00:00+00:00,24201.49,24215.98,24199.48,24205.5,656
2026-04-27T17:15:00+00:00,24205.5,24211.5,24173.5,24207.48,1478
2026-04-27T17:30:00+00:00,24207.48,24228.98,24197.99,24199,1197
2026-04-27T17:45:00+00:00,24199,24204,24193.48,24198.99,704
2026-04-27T18:00:00+00:00,24198.99,24202,24186,24198.99,559
2026-04-27T18:15:00+00:00,24198.99,24215.5,24198.98,24213.5,790
2026-04-27T18:30:00+00:00,24213.5,24216.99,24202,24202.99,794
2026-04-27T18:45:00+00:00,24202.99,24207.49,24198.49,24199.99,474
2026-04-27T19:00:00+00:00,24199.99,24206.98,24192.49,24205.5,640
2026-04-27T19:15:00+00:00,24205.5,24217.98,24201.99,24208.5,665
2026-04-27T19:30:00+00:00,24208.5,24214.99,24186.98,24194.49,793
2026-04-27T19:45:00+00:00,24194.49,24211.98,24149.75,24155.23,1388
2026-04-28T00:30:00+00:00,24155.23,24201.120000000003,24155.23,24198.63,859
2026-04-28T00:45:00+00:00,24198.63,24206.620000000003,24192.86,24194.61,581
2026-04-28T01:00:00+00:00,24194.61,24198.61,24177.88,24188.63,1091
2026-04-28T01:15:00+00:00,24188.63,24212.11,24180.870000000003,24208.120000000003,613
2026-04-28T01:30:00+00:00,24208.120000000003,24225.11,24195.86,24211.11,887
2026-04-28T01:45:00+00:00,24211.11,24213.13,24181.86,24186.120000000003,1344
2026-04-28T02:00:00+00:00,24186.120000000003,24199.120000000003,24172.88,24196.120000000003,874
2026-04-28T02:15:00+00:00,24196.120000000003,24208.13,24190.86,24201.61,662
2026-04-28T02:30:00+00:00,24201.61,24202.13,24180.11,24184.11,524
2026-04-28T02:45:00+00:00,24184.11,24193.620000000003,24174.88,24183.13,515
2026-04-28T03:00:00+00:00,24183.13,24195.13,24172.870000000003,24192.11,632
2026-04-28T03:15:00+00:00,24192.11,24205.61,24183.86,24203.63,448
2026-04-28T03:30:00+00:00,24203.63,24211.63,24197.86,24201.620000000003,518
2026-04-28T03:45:00+00:00,24201.620000000003,24207.63,24195.13,24201.63,562
2026-04-28T04:00:00+00:00,24201.63,24206.63,24191.86,24204.620000000003,497
2026-04-28T04:15:00+00:00,24204.620000000003,24217.13,24201.620000000003,24211.13,543
2026-04-28T04:30:00+00:00,24211.13,24231.11,24206.870000000003,24226.11,570
2026-04-28T04:45:00+00:00,24226.11,24230.620000000003,24212.620000000003,24216.120000000003,471
2026-04-28T05:00:00+00:00,24216.120000000003,24221.11,24165.63,24174.63,926
2026-04-28T05:15:00+00:00,24174.63,24180.13,24163.13,24171.61,696
2026-04-28T05:30:00+00:00,24171.61,24172.63,24116.620000000003,24144.620000000003,1433
2026-04-28T05:45:00+00:00,24144.620000000003,24155.13,24132.870000000003,24150.120000000003,807
2026-04-28T06:00:00+00:00,24150.120000000003,24161.61,24131.61,24159.61,1572
2026-04-28T06:15:00+00:00,24159.61,24171.620000000003,24136.11,24167.11,1308
2026-04-28T06:30:00+00:00,24167.11,24170.63,24133.63,24137.120000000003,1794
2026-04-28T06:45:00+00:00,24137.120000000003,24148.120000000003,24119.13,24144.11,1812
2026-04-28T07:00:00+00:00,24144.11,24151.98,24064.960000000003,24073.48,7301
2026-04-28T07:15:00+00:00,24073.48,24092.48,24054.960000000003,24085.48,6825
2026-04-28T07:30:00+00:00,24085.48,24170.960000000003,24084.98,24159.460000000003,5778
2026-04-28T07:45:00+00:00,24159.460000000003,24184.48,24146.460000000003,24180.48,5453
2026-04-28T08:00:00+00:00,24180.48,24180.48,24086.97,24112.48,8836
2026-04-28T08:15:00+00:00,24112.48,24205.48,24112.48,24205.48,6303
2026-04-28T08:30:00+00:00,24205.48,24212.97,24172.98,24186.48,4446
2026-04-28T08:45:00+00:00,24186.48,24200.47,24170.47,24198.960000000003,3715
2026-04-28T09:00:00+00:00,24198.960000000003,24214.48,24166.460000000003,24200.98,4643
2026-04-28T09:15:00+00:00,24200.98,24217.98,24185.98,24206.47,3850
2026-04-28T09:30:00+00:00,24206.47,24211.47,24174.960000000003,24190.98,3875
2026-04-28T09:45:00+00:00,24190.98,24194.98,24152.960000000003,24175.960000000003,3665
2026-04-28T10:00:00+00:00,24175.960000000003,24203.48,24169.960000000003,24172.460000000003,3837
2026-04-28T10:15:00+00:00,24172.460000000003,24193.47,24157.960000000003,24179.48,3507
2026-04-28T10:30:00+00:00,24179.48,24203.98,24175.960000000003,24178.460000000003,3315
2026-04-28T10:45:00+00:00,24178.460000000003,24213.47,24167.460000000003,24205.48,2839
2026-04-28T11:00:00+00:00,24205.48,24222.98,24142.960000000003,24147.47,4088
2026-04-28T11:15:00+00:00,24147.47,24148.97,24083.460000000003,24089.97,4702
2026-04-28T11:30:00+00:00,24089.97,24095.48,24024.960000000003,24070.98,5869
2026-04-28T11:45:00+00:00,24070.98,24082.98,24012.960000000003,24031.460000000003,7240
2026-04-28T12:00:00+00:00,24031.460000000003,24050.460000000003,24006.460000000003,24038.48,7939
2026-04-28T12:15:00+00:00,24038.48,24087.98,23971.48,23981.97,9413
2026-04-28T12:30:00+00:00,23981.97,24057.48,23956.98,24042.98,5480
2026-04-28T12:45:00+00:00,24042.98,24138.48,24039.97,24124.48,5279
2026-04-28T13:00:00+00:00,24124.48,24124.48,24060.960000000003,24063.48,4846
2026-04-28T13:15:00+00:00,24063.48,24101.98,24039.47,24078.47,5421
2026-04-28T13:30:00+00:00,24078.47,24129.97,24072.97,24111.47,11054
2026-04-28T13:45:00+00:00,24111.47,24118.48,24072.98,24089.960000000003,7231
2026-04-28T14:00:00+00:00,24089.960000000003,24108.47,24061.460000000003,24075.97,6447
2026-04-28T14:15:00+00:00,24075.97,24103.460000000003,24053.960000000003,24081.47,6817
2026-04-28T14:30:00+00:00,24081.47,24093.48,24028.460000000003,24048.48,7744
2026-04-28T14:45:00+00:00,24048.48,24086.48,24007.960000000003,24083.98,11061
2026-04-28T15:00:00+00:00,24083.98,24118.48,24075.460000000003,24100.47,8579
2026-04-28T15:15:00+00:00,24100.47,24120.960000000003,24088.98,24099.460000000003,6599
2026-04-28T15:30:00+00:00,24099.460000000003,24103.48,24052.48,24056.48,5758
2026-04-28T15:45:00+00:00,24056.48,24090.47,24030.98,24089.47,5637
2026-04-28T16:00:00+00:00,24089.47,24113.13,24070.61,24079.620000000003,3113
2026-04-28T16:15:00+00:00,24079.620000000003,24082.620000000003,24060.11,24074.120000000003,2278
2026-04-28T16:30:00+00:00,24074.120000000003,24077.61,24052.620000000003,24055.620000000003,2475
2026-04-28T16:45:00+00:00,24055.620000000003,24080.11,24049.13,24064.13,2574
2026-04-28T17:00:00+00:00,24064.13,24070.620000000003,24046.61,24059.63,1604
2026-04-28T17:15:00+00:00,24059.63,24061.11,24036.620000000003,24054.13,1372
2026-04-28T17:30:00+00:00,24054.13,24074.13,24054.13,24057.11,1310
2026-04-28T17:45:00+00:00,24057.11,24060.63,24040.63,24049.11,993
2026-04-28T18:00:00+00:00,24049.11,24059.13,24039.63,24046.620000000003,1106
2026-04-28T18:15:00+00:00,24046.620000000003,24070.61,24041.620000000003,24060.63,2023
2026-04-28T18:30:00+00:00,24060.63,24061.13,24038.11,24054.11,1037
2026-04-28T18:45:00+00:00,24054.11,24062.13,24049.620000000003,24053.11,763
2026-04-28T19:00:00+00:00,24053.11,24069.63,24047.120000000003,24061.11,1023
2026-04-28T19:15:00+00:00,24061.11,24061.11,24048.63,24056.11,1064
2026-04-28T19:30:00+00:00,24056.11,24058.11,24037.61,24052.620000000003,1014
2026-04-28T19:45:00+00:00,24052.620000000003,24063.13,24046.61,24057.36,1485
2026-04-29T00:30:00+00:00,24057.36,24116.34,24057.36,24114.84,279
2026-04-29T00:45:00+00:00,24114.84,24115.84,24101.84,24105.34,467
2026-04-29T01:00:00+00:00,24105.34,24106.82,24048.58,24065.33,2129
2026-04-29T01:15:00+00:00,24065.33,24081.34,24051.84,24053.34,1170
2026-04-29T01:30:00+00:00,24053.34,24094.33,24047.58,24085.82,1500
2026-04-29T01:45:00+00:00,24085.82,24089.83,24065.58,24074.84,833
2026-04-29T02:00:00+00:00,24074.84,24096.84,24074.59,24090.32,1047
2026-04-29T02:15:00+00:00,24090.32,24104.83,24085.32,24087.82,754
2026-04-29T02:30:00+00:00,24087.82,24088.84,24076.57,24079.82,553
2026-04-29T02:45:00+00:00,24079.82,24089.82,24073.58,24077.33,467
2026-04-29T03:00:00+00:00,24077.33,24093.32,24065.57,24091.32,586
2026-04-29T03:15:00+00:00,24091.32,24099.33,24087.58,24096.33,424
2026-04-29T03:30:00+00:00,24096.33,24097.82,24082.82,24083.33,274
2026-04-29T03:45:00+00:00,24083.33,24091.82,24077.57,24090.33,234
2026-04-29T04:00:00+00:00,24090.33,24097.34,24086.57,24094.33,272
2026-04-29T04:15:00+00:00,24094.33,24096.84,24086.57,24094.83,218
2026-04-29T04:30:00+00:00,24094.83,24113.84,24094.83,24109.83,356
2026-04-29T04:45:00+00:00,24109.83,24127.84,24107.34,24109.33,344
2026-04-29T05:00:00+00:00,24109.33,24129.84,24107.32,24117.84,476
2026-04-29T05:15:00+00:00,24117.84,24125.84,24112.32,24121.59,490
2026-04-29T05:30:00+00:00,24121.59,24144.32,24119.57,24143.84,523
2026-04-29T05:45:00+00:00,24143.84,24161.82,24141.32,24151.34,719
2026-04-29T06:00:00+00:00,24151.34,24182.32,24145.84,24151.33,1318
2026-04-29T06:15:00+00:00,24151.33,24158.34,24143.82,24151.34,1121
2026-04-29T06:30:00+00:00,24151.34,24154.83,24127.83,24136.33,1076
2026-04-29T06:45:00+00:00,24136.33,24145.32,24103.84,24104.84,1827
2026-04-29T07:00:00+00:00,24104.84,24155.68,24091.190000000002,24110.170000000002,7314
2026-04-29T07:15:00+00:00,24110.170000000002,24136.670000000002,24103.170000000002,24122.190000000002,5938
2026-04-29T07:30:00+00:00,24122.190000000002,24131.690000000002,24075.68,24077.170000000002,6124
2026-04-29T07:45:00+00:00,24077.170000000002,24079.670000000002,24046.170000000002,24056.68,5765
2026-04-29T08:00:00+00:00,24056.68,24088.170000000002,24000.690000000002,24015.190000000002,6963
2026-04-29T08:15:00+00:00,24015.190000000002,24034.690000000002,23994.170000000002,24022.18,6454
2026-04-29T08:30:00+00:00,24022.18,24028.690000000002,23980.170000000002,24020.670000000002,7179
2026-04-29T08:45:00+00:00,24020.670000000002,24034.68,24000.68,24006.170000000002,5180
2026-04-29T09:00:00+00:00,24006.170000000002,24050.190000000002,23996.68,24038.190000000002,5148
2026-04-29T09:15:00+00:00,24038.190000000002,24050.690000000002,24017.670000000002,24032.190000000002,4934
2026-04-29T09:30:00+00:00,24032.190000000002,24059.690000000002,24020.670000000002,24023.190000000002,6083
2026-04-29T09:45:00+00:00,24023.190000000002,24026.670000000002,23969.690000000002,23991.190000000002,4675
2026-04-29T10:00:00+00:00,23991.190000000002,24040.18,23978.170000000002,24039.670000000002,4110
2026-04-29T10:15:00+00:00,24039.670000000002,24086.690000000002,24038.18,24062.18,2947
2026-04-29T10:30:00+00:00,24062.18,24083.670000000002,24039.690000000002,24047.670000000002,3178
2026-04-29T10:45:00+00:00,24047.670000000002,24058.18,24034.670000000002,24044.670000000002,3051
2026-04-29T11:00:00+00:00,24044.670000000002,24050.190000000002,24015.670000000002,24035.170000000002,3797
2026-04-29T11:15:00+00:00,24035.170000000002,24058.190000000002,24016.670000000002,24043.190000000002,3279
2026-04-29T11:30:00+00:00,24043.190000000002,24076.670000000002,24033.670000000002,24044.68,3453
2026-04-29T11:45:00+00:00,24044.68,24068.190000000002,24026.670000000002,24064.190000000002,2648
2026-04-29T12:00:00+00:00,24064.190000000002,24081.670000000002,24058.170000000002,24059.68,2828
2026-04-29T12:15:00+00:00,24059.68,24084.190000000002,24044.670000000002,24065.68,3251
2026-04-29T12:30:00+00:00,24065.68,24065.68,24017.68,24045.690000000002,3784
2026-04-29T12:45:00+00:00,24045.690000000002,24063.190000000002,24029.190000000002,24056.18,3609
2026-04-29T13:00:00+00:00,24056.18,24100.170000000002,24056.18,24084.68,2891
2026-04-29T13:15:00+00:00,24084.68,24084.68,23996.670000000002,24021.670000000002,5372
2026-04-29T13:30:00+00:00,24021.670000000002,24035.68,23957.690000000002,23961.690000000002,7839
2026-04-29T13:45:00+00:00,23961.690000000002,24000.190000000002,23930.170000000002,23994.670000000002,6473
2026-04-29T14:00:00+00:00,23994.670000000002,24060.690000000002,23988.170000000002,24045.18,4987
2026-04-29T14:15:00+00:00,24045.18,24065.190000000002,24040.18,24040.690000000002,3689
2026-04-29T14:30:00+00:00,24040.690000000002,24063.190000000002,24020.170000000002,24039.170000000002,4087
2026-04-29T14:45:00+00:00,24039.170000000002,24052.170000000002,24017.670000000002,24048.670000000002,3361.4173852190647
2026-04-29T15:00:00+00:00,24048.670000000002,24062.68,23951.670000000002,23959.190000000002,3362
2026-04-29T15:15:00+00:00,23959.190000000002,23996.68,23955.18,23994.170000000002,4395
2026-04-29T15:30:00+00:00,23994.170000000002,24007.190000000002,23962.690000000002,23995.170000000002,5674
2026-04-29T15:45:00+00:00,23995.170000000002,24006.670000000002,23911.58,23939.690000000002,7576
2026-04-29T16:00:00+00:00,23939.690000000002,23965.34,23930.33,23940.83,3134
2026-04-29T16:15:00+00:00,23940.83,23952.84,23920.33,23921.33,2575
2026-04-29T16:30:00+00:00,23921.33,23921.82,23873.57,23896.82,3411
2026-04-29T16:45:00+00:00,23896.82,23919.34,23893.33,23915.84,2166
2026-04-29T17:00:00+00:00,23915.84,23917.33,23878.34,23890.34,1806
2026-04-29T17:15:00+00:00,23890.34,23918.34,23875.33,23918.33,2656
2026-04-29T17:30:00+00:00,23918.33,23933.83,23906.33,23914.82,1637
2026-04-29T17:45:00+00:00,23914.82,23943.34,23912.32,23935.57,2261
2026-04-29T18:00:00+00:00,23935.57,23950.84,23882.33,23904.84,3211
2026-04-29T18:15:00+00:00,23904.84,23928.84,23900.82,23904.82,2968
2026-04-29T18:30:00+00:00,23904.82,23925.84,23845.57,23849.84,5047
2026-04-29T18:45:00+00:00,23849.84,23913.84,23837.83,23909.82,3607
2026-04-29T19:00:00+00:00,23909.82,23925.84,23884.59,23923.84,2830
2026-04-29T19:15:00+00:00,23923.84,23932.83,23903.83,23904.84,1933
2026-04-29T19:30:00+00:00,23904.84,23904.84,23869.82,23896.33,2598
2026-04-29T19:45:00+00:00,23896.33,23902.83,23874.84,23886.59,2153
2026-04-30T00:30:00+00:00,23886.59,23959.350000000002,23886.59,23949.350000000002,879
2026-04-30T00:45:00+00:00,23949.350000000002,23971.34,23949.33,23960.850000000002,952
2026-04-30T01:00:00+00:00,23960.850000000002,23968.33,23939.84,23946.84,1572
2026-04-30T01:15:00+00:00,23946.84,23960.33,23943.34,23958.350000000002,943
2026-04-30T01:30:00+00:00,23958.350000000002,23976.33,23938.33,23954.850000000002,1356
2026-04-30T01:45:00+00:00,23954.850000000002,23983.34,23947.59,23981.84,865
2026-04-30T02:00:00+00:00,23981.84,23989.33,23974.600000000002,23983.84,799
2026-04-30T02:15:00+00:00,23983.84,23984.84,23922.58,23930.850000000002,791
2026-04-30T02:30:00+00:00,23930.850000000002,23930.850000000002,23843.58,23902.600000000002,3123
2026-04-30T02:45:00+00:00,23902.600000000002,23908.850000000002,23859.58,23870.83,2171
2026-04-30T03:00:00+00:00,23870.83,23878.34,23842.59,23855.33,1483
2026-04-30T03:15:00+00:00,23855.33,23858.34,23841.34,23842.59,1183
2026-04-30T03:30:00+00:00,23842.59,23855.34,23841.33,23844.600000000002,945
2026-04-30T03:45:00+00:00,23844.600000000002,23848.850000000002,23832.58,23834.58,671
2026-04-30T04:00:00+00:00,23834.58,23837.350000000002,23800.33,23816.850000000002,1203
2026-04-30T04:15:00+00:00,23816.850000000002,23822.350000000002,23778.84,23784.350000000002,1107
2026-04-30T04:30:00+00:00,23784.350000000002,23784.350000000002,23691.59,23736.850000000002,1728
2026-04-30T04:45:00+00:00,23736.850000000002,23740.350000000002,23696.59,23703.83,1526
2026-04-30T05:00:00+00:00,23703.83,23770.34,23696.59,23764.850000000002,1844
2026-04-30T05:15:00+00:00,23764.850000000002,23773.350000000002,23731.58,23740.33,1686
2026-04-30T05:30:00+00:00,23740.33,23782.84,23740.33,23767.350000000002,1215
2026-04-30T05:45:00+00:00,23767.350000000002,23771.850000000002,23721.350000000002,23730.350000000002,1647
2026-04-30T06:00:00+00:00,23730.350000000002,23739.34,23684.33,23691.83,2419
2026-04-30T06:15:00+00:00,23691.83,23702.850000000002,23663.33,23702.350000000002,2566
2026-04-30T06:30:00+00:00,23702.350000000002,23775.350000000002,23700.84,23748.83,3534
2026-04-30T06:45:00+00:00,23748.83,23768.850000000002,23722.83,23760.84,3364
2026-04-30T07:00:00+00:00,23760.84,23849.18,23706.7,23842.7,10266
2026-04-30T07:15:00+00:00,23842.7,23911.7,23837.18,23907.690000000002,8031
2026-04-30T07:30:00+00:00,23907.690000000002,23940.7,23884.2,23929.18,7264
2026-04-30T07:45:00+00:00,23929.18,23943.7,23895.68,23923.2,5548
2026-04-30T08:00:00+00:00,23923.2,23953.2,23919.190000000002,23938.68,8966
2026-04-30T08:15:00+00:00,23938.68,23969.190000000002,23914.7,23967.2,6849
2026-04-30T08:30:00+00:00,23967.2,23979.2,23932.18,23940.18,6702
2026-04-30T08:45:00+00:00,23940.18,23951.690000000002,23918.18,23921.2,5086
2026-04-30T09:00:00+00:00,23921.2,23957.7,23914.18,23950.190000000002,6460
2026-04-30T09:15:00+00:00,23950.190000000002,24001.7,23925.7,23999.18,6928
2026-04-30T09:30:00+00:00,23999.18,24060.18,23997.2,24024.7,9681
2026-04-30T09:45:00+00:00,24024.7,24061.7,24024.18,24034.190000000002,6727
2026-04-30T10:00:00+00:00,24034.190000000002,24082.690000000002,24031.18,24062.2,5916
2026-04-30T10:15:00+00:00,24062.2,24098.7,24056.190000000002,24083.690000000002,5071
2026-04-30T10:30:00+00:00,24083.690000000002,24107.190000000002,24035.18,24054.18,8633
2026-04-30T10:45:00+00:00,24054.18,24111.690000000002,24040.18,24101.2,5956
2026-04-30T11:00:00+00:00,24101.2,24190.68,24098.600000000002,24148.18,5552
2026-04-30T11:15:00+00:00,24148.18,24190.190000000002,24143.190000000002,24186.7,4972
2026-04-30T11:30:00+00:00,24186.7,24187.7,24151.7,24162.2,6084
2026-04-30T11:45:00+00:00,24162.2,24194.190000000002,24158.18,24178.7,4707
2026-04-30T12:00:00+00:00,24178.7,24197.190000000002,24163.190000000002,24196.7,3764
2026-04-30T12:15:00+00:00,24196.7,24255.7,24190.58,24234.68,3576
2026-04-30T12:30:00+00:00,24234.68,24243.18,24200.18,24210.7,5578
2026-04-30T12:45:00+00:00,24210.7,24244.690000000002,24203.18,24208.7,6060
2026-04-30T13:00:00+00:00,24208.7,24247.690000000002,24208.190000000002,24236.18,7998
2026-04-30T13:15:00+00:00,24236.18,24248.190000000002,24197.68,24199.690000000002,5659
2026-04-30T13:30:00+00:00,24199.690000000002,24207.2,24138.68,24169.18,10622
2026-04-30T13:45:00+00:00,24169.18,24178.68,24131.690000000002,24144.68,10359
2026-04-30T14:00:00+00:00,24144.68,24181.190000000002,24132.68,24171.190000000002,10641
2026-04-30T14:15:00+00:00,24171.190000000002,24239.690000000002,24153.18,24238.2,9094
2026-04-30T14:30:00+00:00,24238.2,24274.190000000002,24222.18,24255.190000000002,10602
2026-04-30T14:45:00+00:00,24255.190000000002,24309.2,24253.190000000002,24277.690000000002,6910.46976604679
2026-04-30T15:00:00+00:00,24277.690000000002,24316.210000000003,24267.190000000002,24309.710000000003,7208
2026-04-30T15:15:00+00:00,24309.710000000003,24332.700000000004,24283.200000000004,24320.710000000003,5858
2026-04-30T15:30:00+00:00,24320.710000000003,24366.710000000003,24294.690000000002,24296.710000000003,5616
2026-04-30T15:45:00+00:00,24296.710000000003,24321.210000000003,24282.690000000002,24317.210000000003,3452
2026-04-30T16:00:00+00:00,24317.210000000003,24335.340000000004,24305.340000000004,24330.340000000004,2103
2026-04-30T16:15:00+00:00,24330.340000000004,24330.350000000002,24310.340000000004,24316.360000000004,1636
2026-04-30T16:30:00+00:00,24316.360000000004,24333.360000000004,24313.840000000004,24321.360000000004,1753
2026-04-30T16:45:00+00:00,24321.360000000004,24324.860000000004,24303.340000000004,24314.840000000004,1966
2026-04-30T17:00:00+00:00,24314.840000000004,24340.840000000004,24314.340000000004,24333.350000000002,1613
2026-04-30T17:15:00+00:00,24333.350000000002,24333.360000000004,24314.840000000004,24326.360000000004,1332
2026-04-30T17:30:00+00:00,24326.360000000004,24353.360000000004,24326.360000000004,24341.340000000004,1739
2026-04-30T17:45:00+00:00,24341.340000000004,24349.350000000002,24336.840000000004,24342.350000000002,1587
2026-04-30T18:00:00+00:00,24342.350000000002,24367.860000000004,24340.850000000002,24364.340000000004,1377
2026-04-30T18:15:00+00:00,24364.340000000004,24375.850000000002,24358.340000000004,24361.340000000004,1071
2026-04-30T18:30:00+00:00,24361.340000000004,24376.840000000004,24351.860000000004,24353.350000000002,1053
2026-04-30T18:45:00+00:00,24353.350000000002,24368.360000000004,24347.340000000004,24351.860000000004,664
2026-04-30T19:00:00+00:00,24351.860000000004,24382.340000000004,24349.840000000004,24371.850000000002,1647
2026-04-30T19:15:00+00:00,24371.850000000002,24376.360000000004,24356.350000000002,24366.850000000002,1138
2026-04-30T19:30:00+00:00,24366.850000000002,24366.850000000002,24332.340000000004,24342.360000000004,1240
2026-04-30T19:45:00+00:00,24342.360000000004,24361.840000000004,24332.600000000002,24335.090000000004,1897
2026-05-04T00:30:00+00:00,24335.090000000004,24357.860000000004,24332.600000000002,24342.350000000002,878
2026-05-04T00:45:00+00:00,24342.350000000002,24374.860000000004,24341.350000000002,24367.350000000002,1148
2026-05-04T01:00:00+00:00,24367.350000000002,24371.350000000002,24334.850000000002,24355.360000000004,1374
2026-05-04T01:15:00+00:00,24355.360000000004,24370.850000000002,24344.370000000003,24350.870000000003,1287
2026-05-04T01:30:00+00:00,24350.870000000003,24384.370000000003,24346.360000000004,24374.360000000004,1041
2026-05-04T01:45:00+00:00,24374.360000000004,24382.870000000003,24368.860000000004,24380.870000000003,661
2026-05-04T02:00:00+00:00,24380.870000000003,24386.860000000004,24363.350000000002,24380.870000000003,1033
2026-05-04T02:15:00+00:00,24380.870000000003,24381.850000000002,24357.350000000002,24360.370000000003,1159
2026-05-04T02:30:00+00:00,24360.370000000003,24384.850000000002,24357.850000000002,24381.850000000002,823
2026-05-04T02:45:00+00:00,24381.850000000002,24401.370000000003,24378.870000000003,24388.370000000003,600
2026-05-04T03:00:00+00:00,24388.370000000003,24408.850000000002,24382.600000000002,24404.870000000003,454
2026-05-04T03:15:00+00:00,24404.870000000003,24405.370000000003,24394.600000000002,24397.350000000002,358
2026-05-04T03:30:00+00:00,24397.350000000002,24397.350000000002,24368.350000000002,24380.850000000002,437.1096763648251
2026-05-04T03:45:00+00:00,24380.850000000002,24396.370000000003,24380.850000000002,24390.610000000004,774
2026-05-04T04:00:00+00:00,24390.610000000004,24398.850000000002,24381.610000000004,24394.370000000003,394
2026-05-04T04:15:00+00:00,24394.370000000003,24397.370000000003,24379.870000000003,24381.360000000004,340
2026-05-04T04:30:00+00:00,24381.360000000004,24385.860000000004,24364.360000000004,24370.370000000003,415
2026-05-04T04:45:00+00:00,24370.370000000003,24382.870000000003,24369.870000000003,24378.350000000002,319
2026-05-04T05:00:00+00:00,24378.350000000002,24390.870000000003,24374.860000000004,24389.850000000002,528
2026-05-04T05:15:00+00:00,24389.850000000002,24433.350000000002,24388.610000000004,24395.350000000002,1179
2026-05-04T05:30:00+00:00,24395.350000000002,24423.850000000002,24390.350000000002,24423.370000000003,574
2026-05-04T05:45:00+00:00,24423.370000000003,24429.870000000003,24399.860000000004,24420.360000000004,731
2026-05-04T06:00:00+00:00,24420.360000000004,24434.860000000004,24404.360000000004,24413.870000000003,1889
2026-05-04T06:15:00+00:00,24413.870000000003,24424.360000000004,24391.870000000003,24405.350000000002,1177
2026-05-04T06:30:00+00:00,24405.350000000002,24418.850000000002,24338.350000000002,24338.850000000002,2024
2026-05-04T06:45:00+00:00,24338.850000000002,24359.350000000002,24323.870000000003,24354.860000000004,2195
2026-05-04T07:00:00+00:00,24354.860000000004,24374.220000000005,24300.700000000004,24356.220000000005,6789
2026-05-04T07:15:00+00:00,24356.220000000005,24416.220000000005,24353.220000000005,24398.200000000004,4173
2026-05-04T07:30:00+00:00,24398.200000000004,24435.220000000005,24369.220000000005,24433.200000000004,3336
2026-05-04T07:45:00+00:00,24433.200000000004,24448.210000000003,24382.700000000004,24386.210000000003,3052
2026-05-04T08:00:00+00:00,24386.210000000003,24393.210000000003,24329.710000000003,24348.720000000005,4969
2026-05-04T08:15:00+00:00,24348.720000000005,24379.220000000005,24330.700000000004,24371.200000000004,3944
2026-05-04T08:30:00+00:00,24371.200000000004,24384.220000000005,24350.710000000003,24353.200000000004,3538
2026-05-04T08:45:00+00:00,24353.200000000004,24356.220000000005,24328.200000000004,24337.210000000003,3361
2026-05-04T09:00:00+00:00,24337.210000000003,24383.710000000003,24330.710000000003,24378.210000000003,3171
2026-05-04T09:15:00+00:00,24378.210000000003,24405.220000000005,24371.720000000005,24397.700000000004,2146
2026-05-04T09:30:00+00:00,24397.700000000004,24431.220000000005,24392.720000000005,24418.710000000003,2069
2026-05-04T09:45:00+00:00,24418.710000000003,24442.700000000004,24402.720000000005,24415.200000000004,1636
2026-05-04T10:00:00+00:00,24415.200000000004,24437.220000000005,24102.220000000005,24141.710000000003,16906
2026-05-04T10:15:00+00:00,24141.710000000003,24247.220000000005,24108.200000000004,24237.710000000003,11023
2026-05-04T10:30:00+00:00,24237.710000000003,24375.220000000005,24210.200000000004,24322.720000000005,10612
2026-05-04T10:45:00+00:00,24322.720000000005,24356.720000000005,24307.700000000004,24309.710000000003,5007
2026-05-04T11:00:00+00:00,24309.710000000003,24351.710000000003,24281.710000000003,24308.700000000004,7459
2026-05-04T11:15:00+00:00,24308.700000000004,24350.210000000003,24304.200000000004,24305.210000000003,4179
2026-05-04T11:30:00+00:00,24305.210000000003,24310.720000000005,24239.200000000004,24288.700000000004,5881
2026-05-04T11:45:00+00:00,24288.700000000004,24317.220000000005,24265.700000000004,24297.720000000005,3979
2026-05-04T12:00:00+00:00,24297.720000000005,24318.200000000004,24290.200000000004,24303.220000000005,3813
2026-05-04T12:15:00+00:00,24303.220000000005,24353.710000000003,24285.700000000004,24317.200000000004,4960
2026-05-04T12:30:00+00:00,24317.200000000004,24333.220000000005,24275.200000000004,24318.710000000003,4130
2026-05-04T12:45:00+00:00,24318.710000000003,24322.720000000005,24277.700000000004,24287.710000000003,4529
2026-05-04T13:00:00+00:00,24287.710000000003,24310.200000000004,24194.710000000003,24256.720000000005,10632
2026-05-04T13:15:00+00:00,24256.720000000005,24265.700000000004,24222.220000000005,24234.720000000005,3820
2026-05-04T13:30:00+00:00,24234.720000000005,24283.720000000005,24211.700000000004,24243.210000000003,7865
2026-05-04T13:45:00+00:00,24243.210000000003,24248.220000000005,24216.220000000005,24229.700000000004,5432
2026-05-04T14:00:00+00:00,24229.700000000004,24230.720000000005,24151.620000000003,24200.710000000003,6116
2026-05-04T14:15:00+00:00,24200.710000000003,24261.710000000003,24196.700000000004,24218.210000000003,5455
2026-05-04T14:30:00+00:00,24218.210000000003,24244.700000000004,24210.700000000004,24223.720000000005,4419
2026-05-04T14:45:00+00:00,24223.720000000005,24245.220000000005,24150.700000000004,24155.710000000003,5119
2026-05-04T15:00:00+00:00,24155.710000000003,24188.210000000003,24124.210000000003,24176.200000000004,6738
2026-05-04T15:15:00+00:00,24176.200000000004,24198.200000000004,24004.720000000005,24072.200000000004,11668
2026-05-04T15:30:00+00:00,24072.200000000004,24075.200000000004,23992.700000000004,24033.710000000003,7597
2026-05-04T15:45:00+00:00,24033.710000000003,24038.720000000005,23960.710000000003,23996.200000000004,7466
2026-05-04T16:00:00+00:00,23996.200000000004,24006.350000000002,23879.610000000004,23919.370000000003,8603
2026-05-04T16:15:00+00:00,23919.370000000003,24002.370000000003,23906.350000000002,23958.870000000003,7016
2026-05-04T16:30:00+00:00,23958.870000000003,23978.860000000004,23917.870000000003,23918.360000000004,4525
2026-05-04T16:45:00+00:00,23918.360000000004,23932.860000000004,23904.600000000002,23916.850000000002,3371
2026-05-04T17:00:00+00:00,23916.850000000002,23971.370000000003,23915.350000000002,23957.370000000003,2824
2026-05-04T17:15:00+00:00,23957.370000000003,24026.370000000003,23942.610000000004,24017.350000000002,3448
2026-05-04T17:30:00+00:00,24017.350000000002,24019.370000000003,23982.370000000003,24005.870000000003,1689
2026-05-04T17:45:00+00:00,24005.870000000003,24014.860000000004,23996.360000000004,23996.860000000004,1084
2026-05-04T18:00:00+00:00,23996.860000000004,24015.370000000003,23975.370000000003,23975.870000000003,1071
2026-05-04T18:15:00+00:00,23975.870000000003,23975.870000000003,23923.360000000004,23939.370000000003,1701
2026-05-04T18:30:00+00:00,23939.370000000003,23943.360000000004,23920.350000000002,23928.370000000003,1252
2026-05-04T18:45:00+00:00,23928.370000000003,23936.370000000003,23901.350000000002,23926.370000000003,1737
2026-05-04T19:00:00+00:00,23926.370000000003,23959.350000000002,23916.850000000002,23954.850000000002,2454
2026-05-04T19:15:00+00:00,23954.850000000002,23961.370000000003,23925.350000000002,23947.850000000002,1505
2026-05-04T19:30:00+00:00,23947.850000000002,23958.350000000002,23938.850000000002,23939.870000000003,1035
2026-05-04T19:45:00+00:00,23939.870000000003,23961.370000000003,23934.870000000003,23948.610000000004,1906
2026-05-05T00:30:00+00:00,23948.610000000004,23948.610000000004,23929.730000000003,23940.980000000003,926
2026-05-05T00:45:00+00:00,23940.980000000003,23960.500000000004,23939.500000000004,23954.000000000004,1276
2026-05-05T01:00:00+00:00,23954.000000000004,23955.49,23936.99,23947.99,1511
2026-05-05T01:15:00+00:00,23947.99,23954.99,23933.480000000003,23938.49,1015
2026-05-05T01:30:00+00:00,23938.49,23960.99,23916.49,23933.74,1990
2026-05-05T01:45:00+00:00,23933.74,23957.000000000004,23932.750000000004,23942.500000000004,1218
2026-05-05T02:00:00+00:00,23942.500000000004,23954.980000000003,23937.980000000003,23942.480000000003,1134
2026-05-05T02:15:00+00:00,23942.480000000003,23959.500000000004,23937.750000000004,23957.000000000004,879
2026-05-05T02:30:00+00:00,23957.000000000004,23965.980000000003,23953.000000000004,23961.980000000003,801
2026-05-05T02:45:00+00:00,23961.980000000003,23963.49,23937.980000000003,23949.99,1220
2026-05-05T03:00:00+00:00,23949.99,23960.49,23940.000000000004,23959.980000000003,791
2026-05-05T03:15:00+00:00,23959.980000000003,23969.99,23953.980000000003,23966.500000000004,572
2026-05-05T03:30:00+00:00,23966.500000000004,23969.000000000004,23959.980000000003,23964.980000000003,631
2026-05-05T03:45:00+00:00,23964.980000000003,23975.000000000004,23959.750000000004,23966.480000000003,628
2026-05-05T04:00:00+00:00,23966.480000000003,23980.99,23962.000000000004,23977.500000000004,672
2026-05-05T04:15:00+00:00,23977.500000000004,23978.480000000003,23965.480000000003,23971.99,384
2026-05-05T04:30:00+00:00,23971.99,23974.000000000004,23960.980000000003,23968.730000000003,593
2026-05-05T04:45:00+00:00,23968.730000000003,23985.49,23964.49,23967.480000000003,693
2026-05-05T05:00:00+00:00,23967.480000000003,23971.500000000004,23952.99,23968.000000000004,1141
2026-05-05T05:15:00+00:00,23968.000000000004,23979.480000000003,23963.480000000003,23969.000000000004,950
2026-05-05T05:30:00+00:00,23969.000000000004,23995.480000000003,23962.480000000003,23994.49,1762
2026-05-05T05:45:00+00:00,23994.49,24016.500000000004,23991.99,23999.980000000003,990
2026-05-05T06:00:00+00:00,23999.980000000003,24021.000000000004,23989.980000000003,23991.49,3083
2026-05-05T06:15:00+00:00,23991.49,23997.49,23956.500000000004,23959.480000000003,2330
2026-05-05T06:30:00+00:00,23959.480000000003,24012.480000000003,23959.480000000003,24009.99,2880
2026-05-05T06:45:00+00:00,24009.99,24054.000000000004,24003.500000000004,24052.500000000004,2655
2026-05-05T07:00:00+00:00,24052.500000000004,24105.350000000002,24026.350000000002,24100.33,9561
2026-05-05T07:15:00+00:00,24100.33,24136.840000000004,24086.340000000004,24135.340000000004,6397
2026-05-05T07:30:00+00:00,24135.340000000004,24249.350000000002,24128.33,24203.33,9276
2026-05-05T07:45:00+00:00,24203.33,24208.350000000002,24168.340000000004,24170.840000000004,6427
2026-05-05T08:00:00+00:00,24170.840000000004,24226.83,24160.83,24221.350000000002,6801
2026-05-05T08:15:00+00:00,24221.350000000002,24281.33,24214.840000000004,24256.83,6289
2026-05-05T08:30:00+00:00,24256.83,24281.840000000004,24252.33,24264.33,5784
2026-05-05T08:45:00+00:00,24264.33,24291.350000000002,24250.340000000004,24285.840000000004,5252
2026-05-05T09:00:00+00:00,24285.840000000004,24288.350000000002,24245.33,24276.350000000002,5787
2026-05-05T09:15:00+00:00,24276.350000000002,24289.350000000002,24258.33,24267.340000000004,4795
2026-05-05T09:30:00+00:00,24267.340000000004,24301.350000000002,24260.83,24298.33,4653
2026-05-05T09:45:00+00:00,24298.33,24314.350000000002,24278.33,24300.33,3697
2026-05-05T10:00:00+00:00,24300.33,24310.350000000002,24284.340000000004,24290.350000000002,4233
2026-05-05T10:15:00+00:00,24290.350000000002,24302.340000000004,24284.340000000004,24291.340000000004,3106
2026-05-05T10:30:00+00:00,24291.340000000004,24360.850000000002,24290.33,24301.350000000002,5641
2026-05-05T10:45:00+00:00,24301.350000000002,24340.850000000002,24294.83,24337.350000000002,3434
2026-05-05T11:00:00+00:00,24337.350000000002,24371.350000000002,24307.340000000004,24322.340000000004,6287
2026-05-05T11:15:00+00:00,24322.340000000004,24372.850000000002,24301.33,24352.33,5830
2026-05-05T11:30:00+00:00,24352.33,24403.33,24346.33,24395.840000000004,3568
2026-05-05T11:45:00+00:00,24395.840000000004,24400.340000000004,24359.850000000002,24362.33,3569
2026-05-05T12:00:00+00:00,24362.33,24407.840000000004,24331.840000000004,24403.840000000004,6912
2026-05-05T12:15:00+00:00,24403.840000000004,24428.350000000002,24393.33,24419.850000000002,5649
2026-05-05T12:30:00+00:00,24419.850000000002,24431.350000000002,24355.340000000004,24365.840000000004,4338
2026-05-05T12:45:00+00:00,24365.840000000004,24369.850000000002,24339.33,24362.33,3582
2026-05-05T13:00:00+00:00,24362.33,24406.840000000004,24357.340000000004,24394.850000000002,4322
2026-05-05T13:15:00+00:00,24394.850000000002,24404.850000000002,24371.33,24380.33,3942
2026-05-05T13:30:00+00:00,24380.33,24384.850000000002,24305.350000000002,24323.33,6629
2026-05-05T13:45:00+00:00,24323.33,24365.340000000004,24322.83,24337.33,5588
2026-05-05T14:00:00+00:00,24337.33,24377.350000000002,24288.83,24312.850000000002,8315
2026-05-05T14:15:00+00:00,24312.850000000002,24336.350000000002,24261.840000000004,24311.33,11039
2026-05-05T14:30:00+00:00,24311.33,24333.340000000004,24285.340000000004,24328.33,5544
2026-05-05T14:45:00+00:00,24328.33,24365.350000000002,24302.83,24365.350000000002,4994
2026-05-05T15:00:00+00:00,24365.350000000002,24420.840000000004,24359.33,24416.340000000004,4763
2026-05-05T15:15:00+00:00,24416.340000000004,24440.840000000004,24406.340000000004,24433.33,4037
2026-05-05T15:30:00+00:00,24433.33,24470.350000000002,24415.83,24456.340000000004,4732
2026-05-05T15:45:00+00:00,24456.340000000004,24478.350000000002,24448.340000000004,24450.850000000002,2756
2026-05-05T16:00:00+00:00,24450.850000000002,24453.500000000004,24435.000000000004,24446.000000000004,2163
2026-05-05T16:15:00+00:00,24446.000000000004,24447.000000000004,24430.500000000004,24441.980000000003,1969
2026-05-05T16:30:00+00:00,24441.980000000003,24441.99,24418.980000000003,24427.99,1873
2026-05-05T16:45:00+00:00,24427.99,24435.480000000003,24416.980000000003,24420.000000000004,1465
2026-05-05T17:00:00+00:00,24420.000000000004,24426.480000000003,24410.980000000003,24424.49,1217
2026-05-05T17:15:00+00:00,24424.49,24438.000000000004,24423.99,24432.000000000004,1163
2026-05-05T17:30:00+00:00,24432.000000000004,24453.500000000004,24428.000000000004,24428.500000000004,1387
2026-05-05T17:45:00+00:00,24428.500000000004,24430.480000000003,24419.000000000004,24425.49,795
2026-05-05T18:00:00+00:00,24425.49,24437.49,24420.49,24433.000000000004,1045
2026-05-05T18:15:00+00:00,24433.000000000004,24443.500000000004,24427.99,24439.000000000004,795
2026-05-05T18:30:00+00:00,24439.000000000004,24447.500000000004,24433.980000000003,24445.99,632
2026-05-05T18:45:00+00:00,24445.99,24450.480000000003,24439.480000000003,24444.980000000003,536
2026-05-05T19:00:00+00:00,24444.980000000003,24451.500000000004,24443.99,24443.99,667
2026-05-05T19:15:00+00:00,24443.99,24457.49,24441.980000000003,24454.980000000003,673
2026-05-05T19:30:00+00:00,24454.980000000003,24475.000000000004,24449.99,24470.000000000004,809
2026-05-05T19:45:00+00:00,24470.000000000004,24470.49,24435.480000000003,24459.750000000004,2094
2026-05-06T00:30:00+00:00,24459.750000000004,24571.820000000003,24459.750000000004,24566.33,1541
2026-05-06T00:45:00+00:00,24566.33,24595.31,24558.320000000003,24591.31,1455
2026-05-06T01:00:00+00:00,24591.31,24612.81,24586.820000000003,24609.320000000003,2023
2026-05-06T01:15:00+00:00,24609.320000000003,24611.81,24583.31,24588.31,1661
2026-05-06T01:30:00+00:00,24588.31,24597.81,24575.81,24586.31,1951
2026-05-06T01:45:00+00:00,24586.31,24592.31,24563.31,24569.33,2059
2026-05-06T02:00:00+00:00,24569.33,24578.81,24558.820000000003,24566.820000000003,1689
2026-05-06T02:15:00+00:00,24566.820000000003,24575.83,24548.81,24549.83,1150
2026-05-06T02:30:00+00:00,24549.83,24558.81,24534.320000000003,24538.820000000003,1065
2026-05-06T02:45:00+00:00,24538.820000000003,24543.33,24529.83,24534.33,991
2026-05-06T03:00:00+00:00,24534.33,24552.820000000003,24530.320000000003,24548.83,1042
2026-05-06T03:15:00+00:00,24548.83,24563.33,24542.81,24555.820000000003,691
2026-05-06T03:30:00+00:00,24555.820000000003,24589.33,24555.820000000003,24579.820000000003,1184
2026-05-06T03:45:00+00:00,24579.820000000003,24581.83,24561.81,24563.33,829
2026-05-06T04:00:00+00:00,24563.33,24584.83,24560.820000000003,24584.320000000003,602
2026-05-06T04:15:00+00:00,24584.320000000003,24602.820000000003,24579.320000000003,24595.33,813
2026-05-06T04:30:00+00:00,24595.33,24601.820000000003,24583.820000000003,24596.83,1311
2026-05-06T04:45:00+00:00,24596.83,24635.820000000003,24595.81,24614.83,1189
2026-05-06T05:00:00+00:00,24614.83,24615.81,24591.31,24596.83,1246
2026-05-06T05:15:00+00:00,24596.83,24596.83,24574.06,24582.31,1287
2026-05-06T05:30:00+00:00,24582.31,24621.81,24582.31,24606.820000000003,1403
2026-05-06T05:45:00+00:00,24606.820000000003,24650.31,24603.81,24646.31,1392
2026-05-06T06:00:00+00:00,24646.31,24679.33,24627.820000000003,24634.320000000003,2100
2026-05-06T06:15:00+00:00,24634.320000000003,24662.83,24622.33,24642.820000000003,1723
2026-05-06T06:30:00+00:00,24642.820000000003,24656.81,24619.33,24654.31,2457
2026-05-06T06:45:00+00:00,24654.31,24673.81,24648.320000000003,24666.320000000003,2563
2026-05-06T07:00:00+00:00,24666.320000000003,24767.180000000004,24657.680000000004,24739.670000000002,9865
2026-05-06T07:15:00+00:00,24739.670000000002,24748.180000000004,24712.660000000003,24732.670000000002,6930
2026-05-06T07:30:00+00:00,24732.670000000002,24754.180000000004,24704.670000000002,24752.660000000003,6227
2026-05-06T07:45:00+00:00,24752.660000000003,24809.670000000002,24746.180000000004,24801.660000000003,6593
2026-05-06T08:00:00+00:00,24801.660000000003,24830.660000000003,24792.660000000003,24805.670000000002,7853
2026-05-06T08:15:00+00:00,24805.670000000002,24817.680000000004,24794.660000000003,24806.670000000002,5861
2026-05-06T08:30:00+00:00,24806.670000000002,24850.180000000004,24797.180000000004,24839.660000000003,4425
2026-05-06T08:45:00+00:00,24839.660000000003,25109.180000000004,24836.160000000003,25042.170000000002,16460
2026-05-06T09:00:00+00:00,25042.170000000002,25065.680000000004,24975.170000000002,24995.680000000004,12247
2026-05-06T09:15:00+00:00,24995.680000000004,25028.680000000004,24964.170000000002,24967.180000000004,8584
2026-05-06T09:30:00+00:00,24967.180000000004,25061.660000000003,24958.170000000002,25049.680000000004,7736
2026-05-06T09:45:00+00:00,25049.680000000004,25067.680000000004,25016.160000000003,25062.170000000002,6656
2026-05-06T10:00:00+00:00,25062.170000000002,25094.670000000002,25044.160000000003,25064.660000000003,7313
2026-05-06T10:15:00+00:00,25064.660000000003,25099.170000000002,25047.160000000003,25068.180000000004,5520
2026-05-06T10:30:00+00:00,25068.180000000004,25115.160000000003,25060.670000000002,25111.170000000002,6606
2026-05-06T10:45:00+00:00,25111.170000000002,25185.160000000003,25078.170000000002,25153.680000000004,10239
2026-05-06T11:00:00+00:00,25153.680000000004,25194.160000000003,25132.680000000004,25165.170000000002,9032
2026-05-06T11:15:00+00:00,25165.170000000002,25171.670000000002,25119.670000000002,25128.160000000003,6361
2026-05-06T11:30:00+00:00,25128.160000000003,25155.170000000002,25081.08,25088.660000000003,7458
2026-05-06T11:45:00+00:00,25088.660000000003,25110.170000000002,25048.670000000002,25062.680000000004,6845
2026-05-06T12:00:00+00:00,25062.680000000004,25067.660000000003,24901.06,24940.06,8176
2026-05-06T12:15:00+00:00,24940.06,24982.680000000004,24872.06,24973.670000000002,8677
2026-05-06T12:30:00+00:00,24973.670000000002,24982.170000000002,24949.660000000003,24963.660000000003,6785
2026-05-06T12:45:00+00:00,24963.660000000003,24985.180000000004,24948.180000000004,24974.160000000003,6570
2026-05-06T13:00:00+00:00,24974.160000000003,24989.180000000004,24905.170000000002,24956.680000000004,9617
2026-05-06T13:15:00+00:00,24956.680000000004,24978.160000000003,24934.680000000004,24951.180000000004,6093
2026-05-06T13:30:00+00:00,24951.180000000004,24961.160000000003,24901.160000000003,24912.180000000004,9391
2026-05-06T13:45:00+00:00,24912.180000000004,24921.660000000003,24869.160000000003,24911.670000000002,6990
2026-05-06T14:00:00+00:00,24911.670000000002,24959.180000000004,24881.170000000002,24950.160000000003,7503
2026-05-06T14:15:00+00:00,24950.160000000003,24970.670000000002,24920.160000000003,24925.160000000003,7229
2026-05-06T14:30:00+00:00,24925.160000000003,25029.660000000003,24920.180000000004,25014.660000000003,7394
2026-05-06T14:45:00+00:00,25014.660000000003,25022.180000000004,24958.160000000003,24990.180000000004,6406
2026-05-06T15:00:00+00:00,24990.180000000004,24997.680000000004,24954.680000000004,24972.660000000003,5024
2026-05-06T15:15:00+00:00,24972.660000000003,25012.180000000004,24964.670000000002,24989.660000000003,4604
2026-05-06T15:30:00+00:00,24989.660000000003,25004.180000000004,24936.660000000003,24955.170000000002,4338
2026-05-06T15:45:00+00:00,24955.170000000002,24965.680000000004,24940.670000000002,24948.160000000003,3212
2026-05-06T16:00:00+00:00,24948.160000000003,24962.83,24939.83,24959.83,2323
2026-05-06T16:15:00+00:00,24959.83,24966.33,24955.31,24956.320000000003,1894
2026-05-06T16:30:00+00:00,24956.320000000003,24975.83,24956.31,24963.81,1602
2026-05-06T16:45:00+00:00,24963.81,24967.33,24921.81,24937.820000000003,3050
2026-05-06T17:00:00+00:00,24937.820000000003,24961.33,24931.33,24939.31,1821
2026-05-06T17:15:00+00:00,24939.31,24942.820000000003,24931.31,24938.33,1028
2026-05-06T17:30:00+00:00,24938.33,24944.33,24926.820000000003,24942.81,1155
2026-05-06T17:45:00+00:00,24942.81,24950.81,24940.81,24950.81,1247
2026-05-06T18:00:00+00:00,24950.81,24969.33,24947.81,24966.31,1438
2026-05-06T18:15:00+00:00,24966.31,24979.33,24966.31,24972.31,1613
2026-05-06T18:30:00+00:00,24972.31,24976.83,24966.820000000003,24969.320000000003,1142.4924102184377
2026-05-06T18:45:00+00:00,24969.320000000003,24979.33,24968.81,24974.83,924
2026-05-06T19:00:00+00:00,24974.83,24992.33,24973.33,24989.33,1128
2026-05-06T19:15:00+00:00,24989.33,24995.320000000003,24978.81,24980.820000000003,746
2026-05-06T19:30:00+00:00,24980.820000000003,24992.83,24970.820000000003,24991.320000000003,1129
2026-05-06T19:45:00+00:00,24991.320000000003,25015.320000000003,24983.31,24984.08,1962
2026-05-07T00:30:00+00:00,24984.08,24984.08,24962.790000000005,24973.050000000003,1554
2026-05-07T00:45:00+00:00,24973.050000000003,24982.550000000003,24966.800000000003,24976.790000000005,1756
2026-05-07T01:00:00+00:00,24976.790000000005,25004.06,24956.790000000005,24988.56,2316
2026-05-07T01:15:00+00:00,24988.56,25001.050000000003,24984.550000000003,24993.050000000003,1909
2026-05-07T01:30:00+00:00,24993.050000000003,25022.56,24984.790000000005,25019.56,1889
2026-05-07T01:45:00+00:00,25019.56,25029.06,25005.540000000005,25005.540000000005,1645
2026-05-07T02:00:00+00:00,25005.540000000005,25016.06,24993.800000000003,24995.06,1802
2026-05-07T02:15:00+00:00,24995.06,25012.06,24992.540000000005,25012.06,1453
2026-05-07T02:30:00+00:00,25012.06,25015.56,24992.06,24994.540000000005,1668
2026-05-07T02:45:00+00:00,24994.540000000005,25005.550000000003,24989.06,24995.040000000005,1149
2026-05-07T03:00:00+00:00,24995.040000000005,24996.050000000003,24978.800000000003,24987.040000000005,1118
2026-05-07T03:15:00+00:00,24987.040000000005,25000.56,24978.56,24993.540000000005,942
2026-05-07T03:30:00+00:00,24993.540000000005,24998.56,24985.800000000003,24994.050000000003,888
2026-05-07T03:45:00+00:00,24994.050000000003,24994.050000000003,24980.540000000005,24980.56,744
2026-05-07T04:00:00+00:00,24980.56,24997.550000000003,24973.040000000005,24995.040000000005,998
2026-05-07T04:15:00+00:00,24995.040000000005,24997.06,24982.800000000003,24992.550000000003,740
2026-05-07T04:30:00+00:00,24992.550000000003,25002.56,24982.800000000003,24989.540000000005,720
2026-05-07T04:45:00+00:00,24989.540000000005,25009.050000000003,24987.040000000005,24997.040000000005,811
2026-05-07T05:00:00+00:00,24997.040000000005,25011.06,24982.040000000005,24987.550000000003,956
2026-05-07T05:15:00+00:00,24987.550000000003,24987.550000000003,24956.06,24962.06,917
2026-05-07T05:30:00+00:00,24962.06,24983.06,24962.06,24970.06,991
2026-05-07T05:45:00+00:00,24970.06,24975.56,24954.540000000005,24958.040000000005,737
2026-05-07T06:00:00+00:00,24958.040000000005,24973.540000000005,24940.040000000005,24940.56,1423
2026-05-07T06:15:00+00:00,24940.56,24967.040000000005,24937.050000000003,24955.540000000005,1208
2026-05-07T06:30:00+00:00,24955.540000000005,25004.56,24941.540000000005,24991.56,2440
2026-05-07T06:45:00+00:00,24991.56,24994.540000000005,24964.540000000005,24992.040000000005,2848
2026-05-07T07:00:00+00:00,24992.040000000005,25041.890000000003,24951.390000000003,25026.890000000003,12535
2026-05-07T07:15:00+00:00,25026.890000000003,25032.4,24972.390000000003,25020.890000000003,9761
2026-05-07T07:30:00+00:00,25020.890000000003,25050.4,25012.390000000003,25018.890000000003,6376
2026-05-07T07:45:00+00:00,25018.890000000003,25022.4,24970.390000000003,24981.890000000003,5942
2026-05-07T08:00:00+00:00,24981.890000000003,24996.910000000003,24970.4,24995.410000000003,6754
2026-05-07T08:15:00+00:00,24995.410000000003,25009.910000000003,24940.800000000003,24970.410000000003,7635
2026-05-07T08:30:00+00:00,24970.410000000003,24990.410000000003,24960.9,24961.910000000003,5021
2026-05-07T08:45:00+00:00,24961.910000000003,24968.910000000003,24908.410000000003,24917.910000000003,4163
2026-05-07T09:00:00+00:00,24917.910000000003,24932.910000000003,24908.890000000003,24924.4,3436
2026-05-07T09:15:00+00:00,24924.4,24946.410000000003,24919.390000000003,24938.890000000003,3771
2026-05-07T09:30:00+00:00,24938.890000000003,24952.9,24933.390000000003,24941.4,3777
2026-05-07T09:45:00+00:00,24941.4,24945.4,24893.390000000003,24907.410000000003,4037
2026-05-07T10:00:00+00:00,24907.410000000003,24913.890000000003,24875.4,24902.390000000003,4068
2026-05-07T10:15:00+00:00,24902.390000000003,24920.4,24890.390000000003,24903.410000000003,3519
2026-05-07T10:30:00+00:00,24903.410000000003,24936.410000000003,24888.910000000003,24928.4,3723
2026-05-07T10:45:00+00:00,24928.4,24932.910000000003,24885.390000000003,24888.390000000003,3651
2026-05-07T11:00:00+00:00,24888.390000000003,24905.9,24872.9,24903.910000000003,3767
2026-05-07T11:15:00+00:00,24903.910000000003,24919.410000000003,24895.390000000003,24901.9,3652
2026-05-07T11:30:00+00:00,24901.9,24925.410000000003,24893.410000000003,24915.9,2985
2026-05-07T11:45:00+00:00,24915.9,24916.390000000003,24883.390000000003,24894.9,3020
2026-05-07T12:00:00+00:00,24894.9,24916.410000000003,24887.890000000003,24904.4,3380
2026-05-07T12:15:00+00:00,24904.4,24947.9,24900.390000000003,24945.890000000003,3831
2026-05-07T12:30:00+00:00,24945.890000000003,24963.910000000003,24937.890000000003,24955.410000000003,3315
2026-05-07T12:45:00+00:00,24955.410000000003,24978.410000000003,24931.390000000003,24948.410000000003,3517
2026-05-07T13:00:00+00:00,24948.410000000003,24948.410000000003,24885.4,24888.4,4497
2026-05-07T13:15:00+00:00,24888.4,24912.4,24882.390000000003,24884.390000000003,4302
2026-05-07T13:30:00+00:00,24884.390000000003,24902.410000000003,24842.890000000003,24845.4,7032
2026-05-07T13:45:00+00:00,24845.4,24852.410000000003,24793.890000000003,24837.9,8802
2026-05-07T14:00:00+00:00,24837.9,24841.410000000003,24786.910000000003,24810.390000000003,6190
2026-05-07T14:15:00+00:00,24810.390000000003,24813.9,24755.910000000003,24783.4,6856
2026-05-07T14:30:00+00:00,24783.4,24801.410000000003,24762.890000000003,24767.4,6094
2026-05-07T14:45:00+00:00,24767.4,24788.4,24757.9,24784.9,4481
2026-05-07T15:00:00+00:00,24784.9,24788.9,24744.390000000003,24764.4,5196
2026-05-07T15:15:00+00:00,24764.4,24764.910000000003,24674.390000000003,24699.4,8476
2026-05-07T15:30:00+00:00,24699.4,24718.410000000003,24675.390000000003,24694.410000000003,5832
2026-05-07T15:45:00+00:00,24694.410000000003,24698.890000000003,24637.390000000003,24651.4,5276
2026-05-07T16:00:00+00:00,24651.4,24663.56,24608.550000000003,24617.550000000003,6537
2026-05-07T16:15:00+00:00,24617.550000000003,24647.06,24592.540000000005,24640.050000000003,6860
2026-05-07T16:30:00+00:00,24640.050000000003,24654.050000000003,24593.040000000005,24604.56,4776
2026-05-07T16:45:00+00:00,24604.56,24605.56,24575.540000000005,24589.540000000005,3907
2026-05-07T17:00:00+00:00,24589.540000000005,24610.540000000005,24581.040000000005,24594.050000000003,3251
2026-05-07T17:15:00+00:00,24594.050000000003,24606.06,24469.540000000005,24503.050000000003,8239
2026-05-07T17:30:00+00:00,24503.050000000003,24541.06,24485.550000000003,24518.550000000003,7125
2026-05-07T17:45:00+00:00,24518.550000000003,24544.040000000005,24482.56,24541.06,5425
2026-05-07T18:00:00+00:00,24541.06,24556.550000000003,24519.040000000005,24529.550000000003,4241
2026-05-07T18:15:00+00:00,24529.550000000003,24549.56,24509.550000000003,24516.040000000005,3271
2026-05-07T18:30:00+00:00,24516.040000000005,24528.540000000005,24454.800000000003,24473.06,4066
2026-05-07T18:45:00+00:00,24473.06,24508.040000000005,24456.050000000003,24505.550000000003,6361
2026-05-07T19:00:00+00:00,24505.550000000003,24528.06,24487.040000000005,24512.540000000005,3512
2026-05-07T19:15:00+00:00,24512.540000000005,24516.06,24441.56,24467.06,5098
2026-05-07T19:30:00+00:00,24467.06,24499.56,24465.540000000005,24483.550000000003,2625
2026-05-07T19:45:00+00:00,24483.550000000003,24498.06,24437.040000000005,24451.790000000005,4218
2026-05-08T00:30:00+00:00,24451.790000000005,24480.670000000002,24451.790000000005,24458.660000000003,356
2026-05-08T00:45:00+00:00,24458.660000000003,24475.15,24445.9,24472.4,342.965935334873
2026-05-08T01:00:00+00:00,24472.4,24507.15,24472.4,24496.160000000003,1704
2026-05-08T01:15:00+00:00,24496.160000000003,24502.670000000002,24481.410000000003,24484.4,1352
2026-05-08T01:30:00+00:00,24484.4,24488.670000000002,24460.410000000003,24476.160000000003,1349
2026-05-08T01:45:00+00:00,24476.160000000003,24481.170000000002,24462.410000000003,24469.660000000003,1175
2026-05-08T02:00:00+00:00,24469.660000000003,24481.160000000003,24461.65,24473.170000000002,1387
2026-05-08T02:15:00+00:00,24473.170000000002,24481.160000000003,24456.670000000002,24469.170000000002,1270
2026-05-08T02:30:00+00:00,24469.170000000002,24474.15,24428.4,24458.170000000002,2223
2026-05-08T02:45:00+00:00,24458.170000000002,24502.660000000003,24456.410000000003,24470.160000000003,1351
2026-05-08T03:00:00+00:00,24470.160000000003,24481.670000000002,24461.660000000003,24463.160000000003,1131
2026-05-08T03:15:00+00:00,24463.160000000003,24474.660000000003,24458.170000000002,24466.670000000002,862
2026-05-08T03:30:00+00:00,24466.670000000002,24495.170000000002,24466.65,24481.660000000003,1055
2026-05-08T03:45:00+00:00,24481.660000000003,24484.170000000002,24462.15,24475.65,838
2026-05-08T04:00:00+00:00,24475.65,24486.170000000002,24466.670000000002,24474.170000000002,865
2026-05-08T04:15:00+00:00,24474.170000000002,24481.660000000003,24454.410000000003,24479.65,1134
2026-05-08T04:30:00+00:00,24479.65,24485.15,24450.4,24458.670000000002,987
2026-05-08T04:45:00+00:00,24458.670000000002,24498.670000000002,24453.15,24484.65,1277
2026-05-08T05:00:00+00:00,24484.65,24500.15,24471.4,24483.65,1336
2026-05-08T05:15:00+00:00,24483.65,24496.170000000002,24473.170000000002,24483.670000000002,1036
2026-05-08T05:30:00+00:00,24483.670000000002,24507.160000000003,24481.420000000002,24496.670000000002,1318
2026-05-08T05:45:00+00:00,24496.670000000002,24507.170000000002,24487.65,24493.65,1165
2026-05-08T06:00:00+00:00,24493.65,24519.170000000002,24453.660000000003,24502.65,2335
2026-05-08T06:15:00+00:00,24502.65,24531.170000000002,24499.15,24507.160000000003,1641
2026-05-08T06:30:00+00:00,24507.160000000003,24514.670000000002,24463.160000000003,24477.170000000002,2181
2026-05-08T06:45:00+00:00,24477.170000000002,24484.670000000002,24457.65,24483.65,2248
2026-05-08T07:00:00+00:00,24483.65,24493.510000000002,24412.000000000004,24430.520000000004,7959
2026-05-08T07:15:00+00:00,24430.520000000004,24469.010000000002,24426.000000000004,24462.510000000002,6911
2026-05-08T07:30:00+00:00,24462.510000000002,24476.000000000004,24435.500000000004,24459.510000000002,6896
2026-05-08T07:45:00+00:00,24459.510000000002,24497.020000000004,24438.500000000004,24495.520000000004,6013
2026-05-08T08:00:00+00:00,24495.520000000004,24499.510000000002,24424.510000000002,24432.510000000002,6446
2026-05-08T08:15:00+00:00,24432.510000000002,24464.000000000004,24430.500000000004,24438.020000000004,6205
2026-05-08T08:30:00+00:00,24438.020000000004,24469.520000000004,24433.010000000002,24435.510000000002,5021
2026-05-08T08:45:00+00:00,24435.510000000002,24451.520000000004,24406.010000000002,24419.020000000004,4696
2026-05-08T09:00:00+00:00,24419.020000000004,24488.020000000004,24414.020000000004,24475.020000000004,4587
2026-05-08T09:15:00+00:00,24475.020000000004,24515.020000000004,24459.000000000004,24502.000000000004,3854
2026-05-08T09:30:00+00:00,24502.000000000004,24521.020000000004,24485.500000000004,24508.020000000004,3658
2026-05-08T09:45:00+00:00,24508.020000000004,24514.010000000002,24432.500000000004,24453.010000000002,5762
2026-05-08T10:00:00+00:00,24453.010000000002,24471.500000000004,24431.520000000004,24440.010000000002,3915
2026-05-08T10:15:00+00:00,24440.010000000002,24483.000000000004,24436.010000000002,24466.510000000002,3079
2026-05-08T10:30:00+00:00,24466.510000000002,24505.010000000002,24463.000000000004,24503.010000000002,3176
2026-05-08T10:45:00+00:00,24503.010000000002,24503.010000000002,24438.020000000004,24489.500000000004,4728
2026-05-08T11:00:00+00:00,24489.500000000004,24506.010000000002,24464.500000000004,24477.010000000002,4110
2026-05-08T11:15:00+00:00,24477.010000000002,24488.020000000004,24448.010000000002,24462.520000000004,3425
2026-05-08T11:30:00+00:00,24462.520000000004,24465.500000000004,24421.510000000002,24422.010000000002,3152
2026-05-08T11:45:00+00:00,24422.010000000002,24447.010000000002,24411.020000000004,24442.010000000002,2860
2026-05-08T12:00:00+00:00,24442.010000000002,24451.020000000004,24420.000000000004,24436.500000000004,3902
2026-05-08T12:15:00+00:00,24436.500000000004,24451.020000000004,24426.500000000004,24438.4,3320
2026-05-08T12:30:00+00:00,24438.4,24484.000000000004,24433.010000000002,24446.020000000004,4863
2026-05-08T12:45:00+00:00,24446.020000000004,24451.000000000004,24376.4,24405.520000000004,5298
2026-05-08T13:00:00+00:00,24405.520000000004,24431.000000000004,24387.010000000002,24399.520000000004,6488
2026-05-08T13:15:00+00:00,24399.520000000004,24460.010000000002,24390.510000000002,24456.000000000004,4732
2026-05-08T13:30:00+00:00,24456.000000000004,24470.500000000004,24419.500000000004,24447.010000000002,8131
2026-05-08T13:45:00+00:00,24447.010000000002,24489.010000000002,24445.500000000004,24488.510000000002,5030
2026-05-08T14:00:00+00:00,24488.510000000002,24490.020000000004,24396.010000000002,24409.010000000002,6753
2026-05-08T14:15:00+00:00,24409.010000000002,24429.020000000004,24390.000000000004,24391.020000000004,5588
2026-05-08T14:30:00+00:00,24391.020000000004,24393.020000000004,24341.520000000004,24361.520000000004,5213
2026-05-08T14:45:00+00:00,24361.520000000004,24367.520000000004,24336.510000000002,24342.520000000004,3650.961206707824
2026-05-08T15:00:00+00:00,24342.520000000004,24348.510000000002,24309.020000000004,24313.000000000004,4568
2026-05-08T15:15:00+00:00,24313.000000000004,24323.000000000004,24292.520000000004,24315.500000000004,3660
2026-05-08T15:30:00+00:00,24315.500000000004,24370.510000000002,24280.010000000002,24331.510000000002,4484
2026-05-08T15:45:00+00:00,24331.510000000002,24364.520000000004,24324.510000000002,24362.520000000004,2846
2026-05-08T16:00:00+00:00,24362.520000000004,24393.170000000002,24359.65,24366.65,2667
2026-05-08T16:15:00+00:00,24366.65,24373.660000000003,24357.65,24367.65,1499
2026-05-08T16:30:00+00:00,24367.65,24369.160000000003,24342.660000000003,24348.65,1518
2026-05-08T16:45:00+00:00,24348.65,24366.170000000002,24344.15,24346.660000000003,1880
2026-05-08T17:00:00+00:00,24346.660000000003,24370.160000000003,24340.660000000003,24370.160000000003,1827
2026-05-08T17:15:00+00:00,24370.160000000003,24379.170000000002,24364.160000000003,24370.170000000002,1088
2026-05-08T17:30:00+00:00,24370.170000000002,24374.170000000002,24346.15,24352.170000000002,955
2026-05-08T17:45:00+00:00,24352.170000000002,24354.170000000002,24340.170000000002,24350.170000000002,891
2026-05-08T18:00:00+00:00,24350.170000000002,24404.65,24347.65,24365.65,2839
2026-05-08T18:15:00+00:00,24365.65,24372.15,24354.65,24359.660000000003,1112
2026-05-08T18:30:00+00:00,24359.660000000003,24371.160000000003,24352.670000000002,24353.15,887
2026-05-08T18:45:00+00:00,24353.15,24359.170000000002,24330.15,24339.65,1522
2026-05-08T19:00:00+00:00,24339.65,24355.670000000002,24337.660000000003,24354.170000000002,1018
2026-05-08T19:15:00+00:00,24354.170000000002,24375.65,24351.660000000003,24372.170000000002,854
2026-05-08T19:30:00+00:00,24372.170000000002,24419.670000000002,24368.170000000002,24412.170000000002,1452
2026-05-08T19:45:00+00:00,24412.170000000002,24425.15,24393.160000000003,24409.920000000002,1614
2026-05-11T00:30:00+00:00,24409.920000000002,24409.920000000002,24281.99,24294.480000000003,969
2026-05-11T00:45:00+00:00,24294.480000000003,24310.99,24235.49,24266.970000000005,3496
2026-05-11T01:00:00+00:00,24266.970000000005,24283.49,24249.74,24275.49,3454
2026-05-11T01:15:00+00:00,24275.49,24299.99,24268.730000000003,24290.99,1922
2026-05-11T01:30:00+00:00,24290.99,24298.480000000003,24277.970000000005,24280.980000000003,2110
2026-05-11T01:45:00+00:00,24280.980000000003,24291.99,24270.720000000005,24284.470000000005,1662
2026-05-11T02:00:00+00:00,24284.470000000005,24293.49,24272.720000000005,24284.49,1355
2026-05-11T02:15:00+00:00,24284.49,24299.470000000005,24273.470000000005,24294.980000000003,1106
2026-05-11T02:30:00+00:00,24294.980000000003,24299.970000000005,24281.49,24288.480000000003,1194
2026-05-11T02:45:00+00:00,24288.480000000003,24290.49,24272.730000000003,24278.470000000005,994
2026-05-11T03:00:00+00:00,24278.470000000005,24288.980000000003,24257.74,24287.470000000005,1458
2026-05-11T03:15:00+00:00,24287.470000000005,24297.980000000003,24275.970000000005,24295.480000000003,1153
2026-05-11T03:30:00+00:00,24295.480000000003,24308.49,24290.49,24303.49,1065
2026-05-11T03:45:00+00:00,24303.49,24320.480000000003,24299.970000000005,24308.970000000005,786
2026-05-11T04:00:00+00:00,24308.970000000005,24311.49,24295.470000000005,24303.470000000005,835
2026-05-11T04:15:00+00:00,24303.470000000005,24323.470000000005,24303.470000000005,24318.480000000003,620
2026-05-11T04:30:00+00:00,24318.480000000003,24320.470000000005,24301.480000000003,24301.980000000003,611
2026-05-11T04:45:00+00:00,24301.980000000003,24304.49,24280.970000000005,24289.470000000005,633
2026-05-11T05:00:00+00:00,24289.470000000005,24293.49,24275.470000000005,24279.480000000003,775
2026-05-11T05:15:00+00:00,24279.480000000003,24298.49,24277.480000000003,24290.970000000005,918
2026-05-11T05:30:00+00:00,24290.970000000005,24300.980000000003,24262.970000000005,24265.99,891
2026-05-11T05:45:00+00:00,24265.99,24294.470000000005,24261.480000000003,24286.49,986
2026-05-11T06:00:00+00:00,24286.49,24303.980000000003,24279.480000000003,24294.480000000003,1630
2026-05-11T06:15:00+00:00,24294.480000000003,24298.99,24274.470000000005,24295.480000000003,1123
2026-05-11T06:30:00+00:00,24295.480000000003,24298.99,24276.49,24288.99,1248
2026-05-11T06:45:00+00:00,24288.99,24318.49,24281.99,24314.980000000003,1517
2026-05-11T07:00:00+00:00,24314.980000000003,24359.33,24307.83,24327.83,6615
2026-05-11T07:15:00+00:00,24327.83,24347.840000000004,24303.33,24308.33,5173
2026-05-11T07:30:00+00:00,24308.33,24323.340000000004,24269.820000000003,24307.83,5342
2026-05-11T07:45:00+00:00,24307.83,24320.33,24293.820000000003,24306.340000000004,4179
2026-05-11T08:00:00+00:00,24306.340000000004,24328.340000000004,24284.33,24321.83,5943
2026-05-11T08:15:00+00:00,24321.83,24364.340000000004,24318.820000000003,24338.33,4526
2026-05-11T08:30:00+00:00,24338.33,24376.83,24335.320000000003,24353.840000000004,3773
2026-05-11T08:45:00+00:00,24353.840000000004,24355.340000000004,24299.320000000003,24301.320000000003,2996
2026-05-11T09:00:00+00:00,24301.320000000003,24308.33,24284.840000000004,24296.340000000004,3152
2026-05-11T09:15:00+00:00,24296.340000000004,24315.340000000004,24294.33,24308.340000000004,2772
2026-05-11T09:30:00+00:00,24308.340000000004,24355.820000000003,24304.33,24352.320000000003,2572
2026-05-11T09:45:00+00:00,24352.320000000003,24370.320000000003,24316.820000000003,24317.33,2899
2026-05-11T10:00:00+00:00,24317.33,24328.340000000004,24289.83,24309.320000000003,2852
2026-05-11T10:15:00+00:00,24309.320000000003,24316.83,24288.820000000003,24310.320000000003,2618
2026-05-11T10:30:00+00:00,24310.320000000003,24325.820000000003,24285.840000000004,24303.33,2997
2026-05-11T10:45:00+00:00,24303.33,24317.340000000004,24285.320000000003,24302.840000000004,2528
2026-05-11T11:00:00+00:00,24302.840000000004,24324.820000000003,24292.340000000004,24302.820000000003,2518
2026-05-11T11:15:00+00:00,24302.820000000003,24306.840000000004,24281.320000000003,24291.83,2175
2026-05-11T11:30:00+00:00,24291.83,24307.820000000003,24273.83,24274.33,2292
2026-05-11T11:45:00+00:00,24274.33,24277.840000000004,24226.320000000003,24247.83,2610
2026-05-11T12:00:00+00:00,24247.83,24250.320000000003,24210.340000000004,24233.340000000004,2490
2026-05-11T12:15:00+00:00,24233.340000000004,24273.33,24223.83,24270.340000000004,2946
2026-05-11T12:30:00+00:00,24270.340000000004,24290.33,24264.33,24264.83,2914
2026-05-11T12:45:00+00:00,24264.83,24272.340000000004,24231.840000000004,24272.340000000004,4253
2026-05-11T13:00:00+00:00,24272.340000000004,24309.320000000003,24267.820000000003,24305.840000000004,2985
2026-05-11T13:15:00+00:00,24305.840000000004,24311.33,24283.820000000003,24305.320000000003,2486
2026-05-11T13:30:00+00:00,24305.320000000003,24335.840000000004,24297.320000000003,24315.83,4743
2026-05-11T13:45:00+00:00,24315.83,24349.340000000004,24314.320000000003,24327.33,2892
2026-05-11T14:00:00+00:00,24327.33,24327.83,24280.320000000003,24301.320000000003,3396
2026-05-11T14:15:00+00:00,24301.320000000003,24329.340000000004,24301.320000000003,24313.33,2862
2026-05-11T14:30:00+00:00,24313.33,24313.340000000004,24265.33,24303.83,5752
2026-05-11T14:45:00+00:00,24303.83,24317.340000000004,24281.83,24303.33,3149
2026-05-11T15:00:00+00:00,24303.33,24336.340000000004,24294.340000000004,24330.320000000003,2976
2026-05-11T15:15:00+00:00,24330.320000000003,24370.840000000004,24321.33,24362.340000000004,2495
2026-05-11T15:30:00+00:00,24362.340000000004,24365.33,24329.340000000004,24334.83,3076
2026-05-11T15:45:00+00:00,24334.83,24348.83,24325.83,24337.33,2771
2026-05-11T16:00:00+00:00,24337.33,24337.99,24320.970000000005,24325.99,1193
2026-05-11T16:15:00+00:00,24325.99,24336.470000000005,24321.970000000005,24328.480000000003,997
2026-05-11T16:30:00+00:00,24328.480000000003,24328.49,24263.470000000005,24274.480000000003,2675
2026-05-11T16:45:00+00:00,24274.480000000003,24283.99,24257.980000000003,24267.980000000003,1763
2026-05-11T17:00:00+00:00,24267.980000000003,24271.99,24252.99,24263.980000000003,1082
2026-05-11T17:15:00+00:00,24263.980000000003,24289.99,24256.970000000005,24284.99,932
2026-05-11T17:30:00+00:00,24284.99,24304.49,24284.49,24302.49,669
2026-05-11T17:45:00+00:00,24302.49,24304.99,24286.480000000003,24293.480000000003,777
2026-05-11T18:00:00+00:00,24293.480000000003,24312.49,24292.980000000003,24297.480000000003,914
2026-05-11T18:15:00+00:00,24297.480000000003,24300.480000000003,24284.970000000005,24296.99,977
2026-05-11T18:30:00+00:00,24296.99,24300.99,24284.970000000005,24288.480000000003,679
2026-05-11T18:45:00+00:00,24288.480000000003,24292.49,24271.49,24272.99,896
2026-05-11T19:00:00+00:00,24272.99,24288.49,24268.970000000005,24280.480000000003,1272
2026-05-11T19:15:00+00:00,24280.480000000003,24280.99,24263.970000000005,24264.99,649
2026-05-11T19:30:00+00:00,24264.99,24268.470000000005,24250.480000000003,24254.970000000005,860
2026-05-11T19:45:00+00:00,24254.970000000005,24301.480000000003,24253.980000000003,24299.24,1531
2026-05-12T00:30:00+00:00,24299.24,24299.24,24244.24,24246.99,993
2026-05-12T00:45:00+00:00,24246.99,24259.510000000002,24244.99,24249.99,982
2026-05-12T01:00:00+00:00,24249.99,24258.010000000002,24223.250000000004,24231.000000000004,1753
2026-05-12T01:15:00+00:00,24231.000000000004,24232.010000000002,24158.24,24168.99,1839
2026-05-12T01:30:00+00:00,24168.99,24174.000000000004,24075.260000000002,24140.99,3578
2026-05-12T01:45:00+00:00,24140.99,24169.99,24135.250000000004,24144.99,3037
2026-05-12T02:00:00+00:00,24144.99,24192.49,24135.260000000002,24186.500000000004,2608
2026-05-12T02:15:00+00:00,24186.500000000004,24189.510000000002,24163.24,24183.49,1984
2026-05-12T02:30:00+00:00,24183.49,24189.010000000002,24162.24,24170.500000000004,1530
2026-05-12T02:45:00+00:00,24170.500000000004,24209.510000000002,24168.24,24202.49,1411
2026-05-12T03:00:00+00:00,24202.49,24209.99,24177.99,24187.010000000002,1379
2026-05-12T03:15:00+00:00,24187.010000000002,24188.000000000004,24170.500000000004,24175.510000000002,854
2026-05-12T03:30:00+00:00,24175.510000000002,24195.500000000004,24175.510000000002,24191.500000000004,831
2026-05-12T03:45:00+00:00,24191.500000000004,24193.500000000004,24152.24,24158.010000000002,859
2026-05-12T04:00:00+00:00,24158.010000000002,24174.99,24150.010000000002,24152.99,1016
2026-05-12T04:15:00+00:00,24152.99,24173.49,24148.500000000004,24163.010000000002,942
2026-05-12T04:30:00+00:00,24163.010000000002,24170.49,24155.49,24168.500000000004,828
2026-05-12T04:45:00+00:00,24168.500000000004,24178.010000000002,24137.250000000004,24142.49,1080
2026-05-12T05:00:00+00:00,24142.49,24166.500000000004,24131.24,24151.99,1241
2026-05-12T05:15:00+00:00,24151.99,24167.010000000002,24145.000000000004,24158.010000000002,932
2026-05-12T05:30:00+00:00,24158.010000000002,24175.000000000004,24143.99,24164.510000000002,1098
2026-05-12T05:45:00+00:00,24164.510000000002,24183.010000000002,24159.99,24179.010000000002,1465
2026-05-12T06:00:00+00:00,24179.010000000002,24194.000000000004,24167.49,24180.99,1801
2026-05-12T06:15:00+00:00,24180.99,24188.010000000002,24154.500000000004,24159.010000000002,1497
2026-05-12T06:30:00+00:00,24159.010000000002,24164.010000000002,24129.500000000004,24145.010000000002,1701
2026-05-12T06:45:00+00:00,24145.010000000002,24149.510000000002,24063.500000000004,24076.010000000002,2206
2026-05-12T07:00:00+00:00,24076.010000000002,24099.360000000004,24020.840000000004,24093.860000000004,8857
2026-05-12T07:15:00+00:00,24093.860000000004,24161.360000000004,24074.840000000004,24160.350000000002,6467
2026-05-12T07:30:00+00:00,24160.350000000002,24210.340000000004,24158.840000000004,24185.840000000004,4378
2026-05-12T07:45:00+00:00,24185.840000000004,24195.860000000004,24140.360000000004,24144.340000000004,4107
2026-05-12T08:00:00+00:00,24144.340000000004,24161.350000000002,24114.360000000004,24140.850000000002,5110
2026-05-12T08:15:00+00:00,24140.850000000002,24187.860000000004,24124.350000000002,24160.840000000004,4683
2026-05-12T08:30:00+00:00,24160.840000000004,24174.850000000002,24144.840000000004,24167.360000000004,4297
2026-05-12T08:45:00+00:00,24167.360000000004,24200.350000000002,24131.340000000004,24145.850000000002,3983
2026-05-12T09:00:00+00:00,24145.850000000002,24157.340000000004,24115.840000000004,24152.360000000004,4095
2026-05-12T09:15:00+00:00,24152.360000000004,24166.850000000002,24137.840000000004,24160.840000000004,3350
2026-05-12T09:30:00+00:00,24160.840000000004,24227.850000000002,24145.340000000004,24145.840000000004,6267
2026-05-12T09:45:00+00:00,24145.840000000004,24155.360000000004,24103.350000000002,24114.360000000004,3562
2026-05-12T10:00:00+00:00,24114.360000000004,24137.860000000004,24104.840000000004,24118.840000000004,3121
2026-05-12T10:15:00+00:00,24118.840000000004,24127.840000000004,24100.860000000004,24125.360000000004,2401
2026-05-12T10:30:00+00:00,24125.360000000004,24127.840000000004,24090.840000000004,24097.860000000004,2988
2026-05-12T10:45:00+00:00,24097.860000000004,24110.860000000004,24083.850000000002,24105.840000000004,2330
2026-05-12T11:00:00+00:00,24105.840000000004,24165.360000000004,24084.360000000004,24115.350000000002,3929
2026-05-12T11:15:00+00:00,24115.350000000002,24118.350000000002,24089.340000000004,24106.340000000004,2778
2026-05-12T11:30:00+00:00,24106.340000000004,24129.860000000004,24088.850000000002,24120.860000000004,2740
2026-05-12T11:45:00+00:00,24120.860000000004,24123.350000000002,24093.850000000002,24103.840000000004,2401
2026-05-12T12:00:00+00:00,24103.840000000004,24113.360000000004,24061.350000000002,24075.360000000004,3126
2026-05-12T12:15:00+00:00,24075.360000000004,24103.340000000004,24066.340000000004,24075.250000000004,3083
2026-05-12T12:30:00+00:00,24075.250000000004,24135.850000000002,24057.350000000002,24125.850000000002,4555
2026-05-12T12:45:00+00:00,24125.850000000002,24175.860000000004,24125.840000000004,24148.850000000002,3266
2026-05-12T13:00:00+00:00,24148.850000000002,24152.360000000004,24103.360000000004,24107.860000000004,3524
2026-05-12T13:15:00+00:00,24107.860000000004,24114.860000000004,24057.350000000002,24061.840000000004,3092
2026-05-12T13:30:00+00:00,24061.840000000004,24075.840000000004,24042.340000000004,24051.340000000004,6170
2026-05-12T13:45:00+00:00,24051.340000000004,24067.360000000004,24027.850000000002,24040.360000000004,5217
2026-05-12T14:00:00+00:00,24040.360000000004,24081.840000000004,24032.340000000004,24074.850000000002,5916
2026-05-12T14:15:00+00:00,24074.850000000002,24084.360000000004,24030.860000000004,24051.860000000004,4342
2026-05-12T14:30:00+00:00,24051.860000000004,24054.860000000004,24015.840000000004,24044.350000000002,6223
2026-05-12T14:45:00+00:00,24044.350000000002,24049.360000000004,23983.840000000004,23987.340000000004,4478
2026-05-12T15:00:00+00:00,23987.340000000004,23995.860000000004,23950.840000000004,23966.860000000004,4598
2026-05-12T15:15:00+00:00,23966.860000000004,23986.340000000004,23937.340000000004,23985.350000000002,4176
2026-05-12T15:30:00+00:00,23985.350000000002,23994.860000000004,23954.350000000002,23987.340000000004,4665
2026-05-12T15:45:00+00:00,23987.340000000004,23995.340000000004,23971.340000000004,23975.350000000002,3359
2026-05-12T16:00:00+00:00,23975.350000000002,23999.510000000002,23960.99,23996.010000000002,3307
2026-05-12T16:15:00+00:00,23996.010000000002,24011.010000000002,23983.99,23990.010000000002,2124
2026-05-12T16:30:00+00:00,23990.010000000002,24007.000000000004,23975.49,23994.99,2928
2026-05-12T16:45:00+00:00,23994.99,24000.510000000002,23983.99,23999.010000000002,3048
2026-05-12T17:00:00+00:00,23999.010000000002,24034.000000000004,23997.49,24023.500000000004,1614
2026-05-12T17:15:00+00:00,24023.500000000004,24055.49,24022.510000000002,24027.010000000002,1699
2026-05-12T17:30:00+00:00,24027.010000000002,24038.510000000002,24020.49,24030.010000000002,1453
2026-05-12T17:45:00+00:00,24030.010000000002,24040.510000000002,24026.99,24033.000000000004,1378
2026-05-12T18:00:00+00:00,24033.000000000004,24041.010000000002,24017.010000000002,24029.99,2044
2026-05-12T18:15:00+00:00,24029.99,24064.000000000004,24029.99,24052.99,1762
2026-05-12T18:30:00+00:00,24052.99,24060.500000000004,24045.99,24058.000000000004,1114
2026-05-12T18:45:00+00:00,24058.000000000004,24066.000000000004,24049.010000000002,24052.500000000004,883
2026-05-12T19:00:00+00:00,24052.500000000004,24076.010000000002,24049.510000000002,24072.010000000002,837
2026-05-12T19:15:00+00:00,24072.010000000002,24076.010000000002,24051.500000000004,24057.000000000004,1106
2026-05-12T19:30:00+00:00,24057.000000000004,24078.010000000002,24057.000000000004,24077.010000000002,930
2026-05-12T19:45:00+00:00,24077.010000000002,24092.000000000004,24060.500000000004,24073.24,1630
2026-05-13T00:30:00+00:00,24073.24,24073.24,24018.430000000004,24040.660000000003,1829
2026-05-13T00:45:00+00:00,24040.660000000003,24054.170000000002,24031.420000000002,24048.170000000002,1733
2026-05-13T01:00:00+00:00,24048.170000000002,24072.170000000002,24046.680000000004,24062.660000000003,2061
2026-05-13T01:15:00+00:00,24062.660000000003,24080.180000000004,24044.160000000003,24079.670000000002,1959
2026-05-13T01:30:00+00:00,24079.670000000002,24089.170000000002,24064.410000000003,24080.180000000004,1675
2026-05-13T01:45:00+00:00,24080.180000000004,24095.170000000002,24063.670000000002,24069.180000000004,1530
2026-05-13T02:00:00+00:00,24069.180000000004,24079.670000000002,24059.430000000004,24062.660000000003,1738
2026-05-13T02:15:00+00:00,24062.660000000003,24075.680000000004,24061.180000000004,24067.180000000004,1089
2026-05-13T02:30:00+00:00,24067.180000000004,24073.180000000004,24056.660000000003,24065.180000000004,786
2026-05-13T02:45:00+00:00,24065.180000000004,24080.680000000004,24055.160000000003,24062.170000000002,1081
2026-05-13T03:00:00+00:00,24062.170000000002,24080.670000000002,24055.410000000003,24071.160000000003,1032
2026-05-13T03:15:00+00:00,24071.160000000003,24077.660000000003,24069.410000000003,24076.170000000002,879
2026-05-13T03:30:00+00:00,24076.170000000002,24105.670000000002,24075.660000000003,24102.670000000002,858
2026-05-13T03:45:00+00:00,24102.670000000002,24108.680000000004,24092.170000000002,24100.170000000002,915
2026-05-13T04:00:00+00:00,24100.170000000002,24104.180000000004,24094.660000000003,24101.160000000003,716
2026-05-13T04:15:00+00:00,24101.160000000003,24103.180000000004,24087.670000000002,24098.670000000002,741
2026-05-13T04:30:00+00:00,24098.670000000002,24120.180000000004,24089.680000000004,24118.160000000003,753
2026-05-13T04:45:00+00:00,24118.160000000003,24131.680000000004,24109.680000000004,24129.660000000003,775
2026-05-13T05:00:00+00:00,24129.660000000003,24148.660000000003,24097.420000000002,24143.180000000004,1198
2026-05-13T05:15:00+00:00,24143.180000000004,24146.680000000004,24124.660000000003,24136.180000000004,988
2026-05-13T05:30:00+00:00,24136.180000000004,24154.170000000002,24128.420000000002,24151.160000000003,933
2026-05-13T05:45:00+00:00,24151.160000000003,24159.170000000002,24144.680000000004,24153.670000000002,796
2026-05-13T06:00:00+00:00,24153.670000000002,24165.170000000002,24142.170000000002,24158.170000000002,1455
2026-05-13T06:15:00+00:00,24158.170000000002,24187.670000000002,24156.160000000003,24178.160000000003,1364
2026-05-13T06:30:00+00:00,24178.160000000003,24198.170000000002,24176.660000000003,24191.170000000002,1270
2026-05-13T06:45:00+00:00,24191.170000000002,24192.160000000003,24168.660000000003,24185.660000000003,1517
2026-05-13T07:00:00+00:00,24185.660000000003,24219.020000000004,24120.010000000002,24136.530000000002,9003
2026-05-13T07:15:00+00:00,24136.530000000002,24158.030000000002,24104.520000000004,24108.030000000002,6127
2026-05-13T07:30:00+00:00,24108.030000000002,24191.020000000004,24104.530000000002,24164.530000000002,5233
2026-05-13T07:45:00+00:00,24164.530000000002,24172.530000000002,24127.520000000004,24153.530000000002,4288
2026-05-13T08:00:00+00:00,24153.530000000002,24213.030000000002,24127.010000000002,24210.010000000002,6021
2026-05-13T08:15:00+00:00,24210.010000000002,24237.030000000002,24202.030000000002,24223.010000000002,4716
2026-05-13T08:30:00+00:00,24223.010000000002,24228.010000000002,24165.530000000002,24178.020000000004,3815
2026-05-13T08:45:00+00:00,24178.020000000004,24182.030000000002,24137.010000000002,24157.030000000002,3876
2026-05-13T09:00:00+00:00,24157.030000000002,24177.520000000004,24115.510000000002,24119.010000000002,3863
2026-05-13T09:15:00+00:00,24119.010000000002,24137.030000000002,24102.510000000002,24105.030000000002,3560
2026-05-13T09:30:00+00:00,24105.030000000002,24117.520000000004,24085.030000000002,24111.530000000002,4210
2026-05-13T09:45:00+00:00,24111.530000000002,24169.530000000002,24110.020000000004,24160.020000000004,3984
2026-05-13T10:00:00+00:00,24160.020000000004,24188.020000000004,24136.510000000002,24151.030000000002,4304
2026-05-13T10:15:00+00:00,24151.030000000002,24156.530000000002,24108.030000000002,24113.510000000002,3804
2026-05-13T10:30:00+00:00,24113.510000000002,24154.020000000004,24102.520000000004,24152.010000000002,3429
2026-05-13T10:45:00+00:00,24152.010000000002,24158.530000000002,24127.520000000004,24129.510000000002,2977
2026-05-13T11:00:00+00:00,24129.510000000002,24143.030000000002,24114.010000000002,24130.520000000004,2949
2026-05-13T11:15:00+00:00,24130.520000000004,24146.030000000002,24128.010000000002,24141.030000000002,2362
2026-05-13T11:30:00+00:00,24141.030000000002,24179.510000000002,24137.010000000002,24173.010000000002,2552
2026-05-13T11:45:00+00:00,24173.010000000002,24198.530000000002,24173.010000000002,24189.510000000002,1752
2026-05-13T12:00:00+00:00,24189.510000000002,24203.010000000002,24169.030000000002,24175.010000000002,2008
2026-05-13T12:15:00+00:00,24175.010000000002,24175.010000000002,24096.020000000004,24102.420000000002,2968
2026-05-13T12:30:00+00:00,24102.420000000002,24102.420000000002,24014.510000000002,24041.510000000002,5425
2026-05-13T12:45:00+00:00,24041.510000000002,24084.530000000002,24038.010000000002,24072.010000000002,4611
2026-05-13T13:00:00+00:00,24072.010000000002,24101.030000000002,24072.010000000002,24095.530000000002,3868
2026-05-13T13:15:00+00:00,24095.530000000002,24106.510000000002,24081.530000000002,24084.010000000002,2928
2026-05-13T13:30:00+00:00,24084.010000000002,24130.530000000002,24073.530000000002,24116.520000000004,7550
2026-05-13T13:45:00+00:00,24116.520000000004,24129.030000000002,24080.520000000004,24105.020000000004,7208
2026-05-13T14:00:00+00:00,24105.020000000004,24136.530000000002,24102.510000000002,24108.510000000002,5844
2026-05-13T14:15:00+00:00,24108.510000000002,24126.020000000004,24085.020000000004,24116.030000000002,4136
2026-05-13T14:30:00+00:00,24116.030000000002,24150.030000000002,24111.520000000004,24136.020000000004,3655
2026-05-13T14:45:00+00:00,24136.020000000004,24160.020000000004,24120.510000000002,24123.510000000002,3912.733144923718
2026-05-13T15:00:00+00:00,24123.510000000002,24130.530000000002,24101.530000000002,24109.030000000002,3391
2026-05-13T15:15:00+00:00,24109.030000000002,24122.020000000004,24101.510000000002,24109.520000000004,3145
2026-05-13T15:30:00+00:00,24109.520000000004,24176.530000000002,24096.010000000002,24151.520000000004,4180
2026-05-13T15:45:00+00:00,24151.520000000004,24151.520000000004,24120.510000000002,24126.510000000002,2915
2026-05-13T16:00:00+00:00,24126.510000000002,24155.180000000004,24124.160000000003,24151.160000000003,2023
2026-05-13T16:15:00+00:00,24151.160000000003,24199.680000000004,24148.170000000002,24179.170000000002,3206
2026-05-13T16:30:00+00:00,24179.170000000002,24188.660000000003,24162.670000000002,24178.180000000004,2694
2026-05-13T16:45:00+00:00,24178.180000000004,24196.680000000004,24172.660000000003,24186.670000000002,1708
2026-05-13T17:00:00+00:00,24186.670000000002,24194.670000000002,24182.680000000004,24184.160000000003,1101
2026-05-13T17:15:00+00:00,24184.160000000003,24203.660000000003,24181.660000000003,24199.680000000004,1025
2026-05-13T17:30:00+00:00,24199.680000000004,24199.680000000004,24182.160000000003,24182.160000000003,974
2026-05-13T17:45:00+00:00,24182.160000000003,24193.180000000004,24178.160000000003,24180.180000000004,911
2026-05-13T18:00:00+00:00,24180.180000000004,24191.680000000004,24178.160000000003,24185.170000000002,1109
2026-05-13T18:15:00+00:00,24185.170000000002,24203.180000000004,24185.160000000003,24201.170000000002,1021
2026-05-13T18:30:00+00:00,24201.170000000002,24204.680000000004,24193.660000000003,24194.670000000002,1030
2026-05-13T18:45:00+00:00,24194.670000000002,24218.660000000003,24194.180000000004,24210.660000000003,1338
2026-05-13T19:00:00+00:00,24210.660000000003,24227.680000000004,24208.670000000002,24227.170000000002,1070
2026-05-13T19:15:00+00:00,24227.170000000002,24231.660000000003,24221.170000000002,24227.660000000003,797
2026-05-13T19:30:00+00:00,24227.660000000003,24237.660000000003,24220.680000000004,24231.160000000003,765
2026-05-13T19:45:00+00:00,24231.160000000003,24243.680000000004,24216.180000000004,24237.910000000003,1657
2026-05-14T00:30:00+00:00,24237.910000000003,24287.620000000003,24237.910000000003,24284.610000000004,1179
2026-05-14T00:45:00+00:00,24284.610000000004,24296.620000000003,24281.850000000002,24291.600000000002,1129
2026-05-14T01:00:00+00:00,24291.600000000002,24295.610000000004,24276.860000000004,24286.620000000003,1349
2026-05-14T01:15:00+00:00,24286.620000000003,24290.110000000004,24259.110000000004,24280.100000000002,1080
2026-05-14T01:30:00+00:00,24280.100000000002,24280.600000000002,24243.110000000004,24251.610000000004,1323
2026-05-14T01:45:00+00:00,24251.610000000004,24252.600000000002,24225.600000000002,24228.600000000002,1411
2026-05-14T02:00:00+00:00,24228.600000000002,24239.120000000003,24221.610000000004,24231.120000000003,1017
2026-05-14T02:15:00+00:00,24231.120000000003,24240.120000000003,24217.870000000003,24233.110000000004,818
2026-05-14T02:30:00+00:00,24233.110000000004,24243.600000000002,24225.850000000002,24235.610000000004,824
2026-05-14T02:45:00+00:00,24235.610000000004,24236.610000000004,24208.600000000002,24223.620000000003,1321
2026-05-14T03:00:00+00:00,24223.620000000003,24236.600000000002,24217.860000000004,24232.120000000003,942
2026-05-14T03:15:00+00:00,24232.120000000003,24239.620000000003,24216.100000000002,24238.110000000004,1521
2026-05-14T03:30:00+00:00,24238.110000000004,24241.620000000003,24210.100000000002,24219.600000000002,1358
2026-05-14T03:45:00+00:00,24219.600000000002,24231.100000000002,24207.610000000004,24216.600000000002,1120
2026-05-14T04:00:00+00:00,24216.600000000002,24218.620000000003,24198.120000000003,24213.620000000003,1129
2026-05-14T04:15:00+00:00,24213.620000000003,24221.600000000002,24208.610000000004,24216.620000000003,589
2026-05-14T04:30:00+00:00,24216.620000000003,24241.120000000003,24213.100000000002,24236.620000000003,755
2026-05-14T04:45:00+00:00,24236.620000000003,24246.120000000003,24213.870000000003,24221.610000000004,1016
2026-05-14T05:00:00+00:00,24221.610000000004,24232.620000000003,24210.850000000002,24223.120000000003,1638
2026-05-14T05:15:00+00:00,24223.120000000003,24223.120000000003,24194.600000000002,24220.110000000004,1722
2026-05-14T05:30:00+00:00,24220.110000000004,24227.610000000004,24203.600000000002,24212.620000000003,1444
2026-05-14T05:45:00+00:00,24212.620000000003,24258.120000000003,24212.620000000003,24252.110000000004,2668
2026-05-14T06:00:00+00:00,24252.110000000004,24298.120000000003,24252.110000000004,24275.120000000003,2064
2026-05-14T06:15:00+00:00,24275.120000000003,24302.610000000004,24272.100000000002,24296.620000000003,1512
2026-05-14T06:30:00+00:00,24296.620000000003,24336.110000000004,24296.620000000003,24336.100000000002,1596
2026-05-14T06:45:00+00:00,24336.100000000002,24353.110000000004,24328.110000000004,24337.110000000004,2411
2026-05-14T07:00:00+00:00,24337.110000000004,24399.470000000005,24319.450000000004,24379.960000000003,6693
2026-05-14T07:15:00+00:00,24379.960000000003,24406.470000000005,24375.450000000004,24398.460000000003,4504
2026-05-14T07:30:00+00:00,24398.460000000003,24410.970000000005,24378.950000000004,24393.950000000004,4404
2026-05-14T07:45:00+00:00,24393.950000000004,24410.470000000005,24329.450000000004,24332.970000000005,4130
2026-05-14T08:00:00+00:00,24332.970000000005,24380.470000000005,24325.450000000004,24378.460000000003,5740
2026-05-14T08:15:00+00:00,24378.460000000003,24418.950000000004,24376.970000000005,24411.950000000004,4179
2026-05-14T08:30:00+00:00,24411.950000000004,24441.470000000005,24408.950000000004,24423.470000000005,4333
2026-05-14T08:45:00+00:00,24423.470000000005,24436.470000000005,24412.950000000004,24428.460000000003,2737
2026-05-14T09:00:00+00:00,24428.460000000003,24440.470000000005,24399.460000000003,24424.470000000005,4399
2026-05-14T09:15:00+00:00,24424.470000000005,24450.470000000005,24421.960000000003,24446.450000000004,2516
2026-05-14T09:30:00+00:00,24446.450000000004,24454.470000000005,24391.450000000004,24431.960000000003,4637
2026-05-14T09:45:00+00:00,24431.960000000003,24470.950000000004,24428.950000000004,24451.470000000005,3344
2026-05-14T10:00:00+00:00,24451.470000000005,24499.450000000004,24445.950000000004,24479.470000000005,4404
2026-05-14T10:15:00+00:00,24479.470000000005,24493.460000000003,24461.960000000003,24462.970000000005,4665
2026-05-14T10:30:00+00:00,24462.970000000005,24467.470000000005,24423.460000000003,24431.950000000004,2626
2026-05-14T10:45:00+00:00,24431.950000000004,24484.970000000005,24431.460000000003,24457.950000000004,4339
2026-05-14T11:00:00+00:00,24457.950000000004,24488.460000000003,24433.970000000005,24473.470000000005,3327
2026-05-14T11:15:00+00:00,24473.470000000005,24489.460000000003,24444.460000000003,24451.970000000005,3384
2026-05-14T11:30:00+00:00,24451.970000000005,24474.470000000005,24451.450000000004,24463.460000000003,2468
2026-05-14T11:45:00+00:00,24463.460000000003,24495.950000000004,24462.950000000004,24474.460000000003,2809
2026-05-14T12:00:00+00:00,24474.460000000003,24492.970000000005,24465.970000000005,24469.950000000004,3345
2026-05-14T12:15:00+00:00,24469.950000000004,24479.470000000005,24449.950000000004,24453.460000000003,2778
2026-05-14T12:30:00+00:00,24453.460000000003,24461.950000000004,24428.950000000004,24431.470000000005,2624
2026-05-14T12:45:00+00:00,24431.470000000005,24449.960000000003,24416.450000000004,24445.960000000003,2720
2026-05-14T13:00:00+00:00,24445.960000000003,24450.970000000005,24421.470000000005,24442.960000000003,2775
2026-05-14T13:15:00+00:00,24442.960000000003,24444.470000000005,24390.950000000004,24393.450000000004,2487
2026-05-14T13:30:00+00:00,24393.450000000004,24407.460000000003,24372.460000000003,24382.460000000003,5861
2026-05-14T13:45:00+00:00,24382.460000000003,24389.970000000005,24358.450000000004,24365.470000000005,6154
2026-05-14T14:00:00+00:00,24365.470000000005,24437.470000000005,24356.950000000004,24426.460000000003,5390
2026-05-14T14:15:00+00:00,24426.460000000003,24456.450000000004,24407.960000000003,24448.960000000003,3892
2026-05-14T14:30:00+00:00,24448.960000000003,24479.970000000005,24442.460000000003,24459.970000000005,3334
2026-05-14T14:45:00+00:00,24459.970000000005,24472.470000000005,24444.460000000003,24460.960000000003,4067
2026-05-14T15:00:00+00:00,24460.960000000003,24478.460000000003,24446.950000000004,24453.450000000004,3310
2026-05-14T15:15:00+00:00,24453.450000000004,24471.950000000004,24445.960000000003,24455.450000000004,2650
2026-05-14T15:30:00+00:00,24455.450000000004,24488.960000000003,24427.450000000004,24437.470000000005,2850
2026-05-14T15:45:00+00:00,24437.470000000005,24445.470000000005,24428.460000000003,24436.970000000005,1937
2026-05-14T16:00:00+00:00,24436.970000000005,24442.120000000003,24424.600000000002,24424.600000000002,1859
2026-05-14T16:15:00+00:00,24424.600000000002,24448.620000000003,24410.100000000002,24416.100000000002,2041
2026-05-14T16:30:00+00:00,24416.100000000002,24424.120000000003,24399.600000000002,24401.600000000002,2554
2026-05-14T16:45:00+00:00,24401.600000000002,24407.620000000003,24360.100000000002,24380.110000000004,2467
2026-05-14T17:00:00+00:00,24380.110000000004,24396.120000000003,24365.620000000003,24368.120000000003,1489
2026-05-14T17:15:00+00:00,24368.120000000003,24370.120000000003,24306.100000000002,24322.110000000004,3223
2026-05-14T17:30:00+00:00,24322.110000000004,24355.120000000003,24319.600000000002,24345.100000000002,1859
2026-05-14T17:45:00+00:00,24345.100000000002,24356.620000000003,24336.100000000002,24339.110000000004,1426
2026-05-14T18:00:00+00:00,24339.110000000004,24340.100000000002,24300.120000000003,24332.100000000002,2677
2026-05-14T18:15:00+00:00,24332.100000000002,24368.100000000002,24331.100000000002,24362.110000000004,1386
2026-05-14T18:30:00+00:00,24362.110000000004,24374.610000000004,24345.120000000003,24353.120000000003,1183
2026-05-14T18:45:00+00:00,24353.120000000003,24373.110000000004,24351.610000000004,24371.100000000002,910
2026-05-14T19:00:00+00:00,24371.100000000002,24376.600000000002,24366.100000000002,24368.620000000003,1075
2026-05-14T19:15:00+00:00,24368.620000000003,24377.600000000002,24362.100000000002,24362.120000000003,680
2026-05-14T19:30:00+00:00,24362.120000000003,24366.100000000002,24343.100000000002,24346.100000000002,1018
2026-05-14T19:45:00+00:00,24346.100000000002,24346.100000000002,24329.600000000002,24337.850000000002,2008
2026-05-15T00:30:00+00:00,24337.850000000002,24337.850000000002,24274.540000000005,24279.540000000005,2205
2026-05-15T00:45:00+00:00,24279.540000000005,24300.030000000002,24274.790000000005,24284.550000000003,1812
2026-05-15T01:00:00+00:00,24284.550000000003,24288.050000000003,24241.800000000003,24254.540000000005,2675
2026-05-15T01:15:00+00:00,24254.540000000005,24254.540000000005,24193.800000000003,24203.550000000003,2998
2026-05-15T01:30:00+00:00,24203.550000000003,24203.550000000003,24166.790000000005,24199.030000000002,3641
2026-05-15T01:45:00+00:00,24199.030000000002,24201.030000000002,24155.050000000003,24156.550000000003,2943
2026-05-15T02:00:00+00:00,24156.550000000003,24166.030000000002,24139.800000000003,24145.550000000003,3377
2026-05-15T02:15:00+00:00,24145.550000000003,24168.530000000002,24136.530000000002,24149.540000000005,2477
2026-05-15T02:30:00+00:00,24149.540000000005,24166.030000000002,24137.800000000003,24160.040000000005,1863
2026-05-15T02:45:00+00:00,24160.040000000005,24219.530000000002,24150.040000000005,24198.530000000002,2361
2026-05-15T03:00:00+00:00,24198.530000000002,24208.550000000003,24177.800000000003,24195.550000000003,1407
2026-05-15T03:15:00+00:00,24195.550000000003,24197.050000000003,24176.550000000003,24183.550000000003,1044
2026-05-15T03:30:00+00:00,24183.550000000003,24184.550000000003,24142.050000000003,24163.030000000002,2196
2026-05-15T03:45:00+00:00,24163.030000000002,24189.530000000002,24158.530000000002,24186.530000000002,1393
2026-05-15T04:00:00+00:00,24186.530000000002,24188.030000000002,24159.800000000003,24176.550000000003,1299
2026-05-15T04:15:00+00:00,24176.550000000003,24181.540000000005,24149.800000000003,24161.530000000002,1315
2026-05-15T04:30:00+00:00,24161.530000000002,24172.550000000003,24146.780000000002,24149.540000000005,1983
2026-05-15T04:45:00+00:00,24149.540000000005,24150.550000000003,24135.530000000002,24137.550000000003,1331
2026-05-15T05:00:00+00:00,24137.550000000003,24141.550000000003,24111.050000000003,24133.050000000003,2809
2026-05-15T05:15:00+00:00,24133.050000000003,24140.040000000005,24111.030000000002,24130.040000000005,2015
2026-05-15T05:30:00+00:00,24130.040000000005,24131.050000000003,24096.530000000002,24102.050000000003,2435
2026-05-15T05:45:00+00:00,24102.050000000003,24106.040000000005,24076.540000000005,24101.540000000005,3560
2026-05-15T06:00:00+00:00,24101.540000000005,24173.530000000002,24100.530000000002,24172.050000000003,3898
2026-05-15T06:15:00+00:00,24172.050000000003,24177.540000000005,24148.540000000005,24173.040000000005,2674
2026-05-15T06:30:00+00:00,24173.040000000005,24200.050000000003,24167.530000000002,24195.030000000002,3008
2026-05-15T06:45:00+00:00,24195.030000000002,24206.040000000005,24174.040000000005,24204.550000000003,2679
2026-05-15T07:00:00+00:00,24204.550000000003,24285.4,24191.390000000003,24281.390000000003,7121
2026-05-15T07:15:00+00:00,24281.390000000003,24297.880000000005,24251.380000000005,24264.9,5539
2026-05-15T07:30:00+00:00,24264.9,24276.880000000005,24198.380000000005,24209.880000000005,5064
2026-05-15T07:45:00+00:00,24209.880000000005,24224.4,24178.390000000003,24202.390000000003,5068
2026-05-15T08:00:00+00:00,24202.390000000003,24212.380000000005,24116.380000000005,24128.4,6591
2026-05-15T08:15:00+00:00,24128.4,24128.4,24034.380000000005,24037.380000000005,8226
2026-05-15T08:30:00+00:00,24037.380000000005,24103.9,24004.380000000005,24090.880000000005,8084
2026-05-15T08:45:00+00:00,24090.880000000005,24094.890000000003,24059.380000000005,24083.390000000003,5150
2026-05-15T09:00:00+00:00,24083.390000000003,24097.9,24061.380000000005,24071.380000000005,5954
2026-05-15T09:15:00+00:00,24071.380000000005,24071.380000000005,24026.380000000005,24063.380000000005,5010
2026-05-15T09:30:00+00:00,24063.380000000005,24064.4,24028.890000000003,24038.4,4707
2026-05-15T09:45:00+00:00,24038.4,24069.890000000003,24016.9,24054.4,6719
2026-05-15T10:00:00+00:00,24054.4,24093.390000000003,24027.380000000005,24085.390000000003,5919
2026-05-15T10:15:00+00:00,24085.390000000003,24110.4,24066.380000000005,24066.880000000005,5320
2026-05-15T10:30:00+00:00,24066.880000000005,24081.9,24038.390000000003,24081.9,5878
2026-05-15T10:45:00+00:00,24081.9,24173.4,24067.380000000005,24160.390000000003,10992
2026-05-15T11:00:00+00:00,24160.390000000003,24176.9,24079.880000000005,24099.390000000003,5920
2026-05-15T11:15:00+00:00,24099.390000000003,24109.9,24060.390000000003,24072.380000000005,4128
2026-05-15T11:30:00+00:00,24072.380000000005,24077.4,24027.4,24030.4,3963
2026-05-15T11:45:00+00:00,24030.4,24052.4,24012.380000000005,24015.880000000005,4237
2026-05-15T12:00:00+00:00,24015.880000000005,24015.880000000005,23965.380000000005,23972.880000000005,4390
2026-05-15T12:15:00+00:00,23972.880000000005,23997.880000000005,23959.880000000005,23976.390000000003,4347
2026-05-15T12:30:00+00:00,23976.390000000003,23977.9,23943.9,23944.9,4126
2026-05-15T12:45:00+00:00,23944.9,23993.4,23939.380000000005,23986.4,3450
2026-05-15T13:00:00+00:00,23986.4,23999.4,23969.390000000003,23980.880000000005,3557
2026-05-15T13:15:00+00:00,23980.880000000005,24018.4,23971.880000000005,24004.380000000005,3693
2026-05-15T13:30:00+00:00,24004.380000000005,24025.4,23937.880000000005,23937.890000000003,9295
2026-05-15T13:45:00+00:00,23937.890000000003,23993.880000000005,23924.9,23937.890000000003,8611
2026-05-15T14:00:00+00:00,23937.890000000003,23975.9,23914.380000000005,23967.4,9673
2026-05-15T14:15:00+00:00,23967.4,24024.4,23961.380000000005,23993.390000000003,7597
2026-05-15T14:30:00+00:00,23993.390000000003,24017.880000000005,23978.880000000005,24010.380000000005,6784
2026-05-15T14:45:00+00:00,24010.380000000005,24013.890000000003,23957.390000000003,23993.390000000003,6635.102285675984
2026-05-15T15:00:00+00:00,23993.390000000003,24006.9,23967.390000000003,23975.390000000003,5764
2026-05-15T15:15:00+00:00,23975.390000000003,23977.41,23928.390000000003,23960.390000000003,4483
2026-05-15T15:30:00+00:00,23960.390000000003,23975.890000000003,23912.390000000003,23918.41,5155
2026-05-15T15:45:00+00:00,23918.41,23919.41,23861.4,23891.390000000003,5201
2026-05-15T16:00:00+00:00,23891.390000000003,23896.56,23869.04,23889.04,4705
2026-05-15T16:15:00+00:00,23889.04,23909.56,23878.050000000003,23908.550000000003,2810
2026-05-15T16:30:00+00:00,23908.550000000003,23912.54,23894.04,23909.04,2725
2026-05-15T16:45:00+00:00,23909.04,23911.56,23884.050000000003,23901.56,2481
2026-05-15T17:00:00+00:00,23901.56,23929.06,23897.04,23923.04,1917
2026-05-15T17:15:00+00:00,23923.04,23951.550000000003,23918.04,23939.04,1598
2026-05-15T17:30:00+00:00,23939.04,23948.56,23936.06,23944.050000000003,1319
2026-05-15T17:45:00+00:00,23944.050000000003,23948.56,23937.04,23947.050000000003,995
2026-05-15T18:00:00+00:00,23947.050000000003,23958.06,23942.050000000003,23943.54,1301
2026-05-15T18:15:00+00:00,23943.54,23945.06,23913.06,23926.06,2320
2026-05-15T18:30:00+00:00,23926.06,23928.050000000003,23894.04,23916.06,2553
2026-05-15T18:45:00+00:00,23916.06,23925.06,23907.54,23919.550000000003,1205
2026-05-15T19:00:00+00:00,23919.550000000003,23920.56,23898.04,23904.550000000003,1856
2026-05-15T19:15:00+00:00,23904.550000000003,23921.04,23900.04,23909.050000000003,1661
2026-05-15T19:30:00+00:00,23909.050000000003,23918.06,23903.56,23907.04,1334
2026-05-15T19:45:00+00:00,23907.04,23928.050000000003,23891.54,23903.79,1971
2026-05-18T00:30:00+00:00,23903.79,23903.79,23755.11,23755.12,391
2026-05-18T00:45:00+00:00,23755.12,23818.88,23751.11,23816.88,4581
2026-05-18T01:00:00+00:00,23816.88,23823.88,23733.12,23733.38,6062
2026-05-18T01:15:00+00:00,23733.38,23741.88,23682.12,23698.87,6255
2026-05-18T01:30:00+00:00,23698.87,23733.37,23685.12,23732.38,5329
2026-05-18T01:45:00+00:00,23732.38,23770.88,23724.11,23742.38,4569
2026-05-18T02:00:00+00:00,23742.38,23752.88,23715.36,23748.87,4547
2026-05-18T02:15:00+00:00,23748.87,23771.86,23739.13,23761.88,3038
2026-05-18T02:30:00+00:00,23761.88,23763.86,23732.11,23741.37,2686
2026-05-18T02:45:00+00:00,23741.37,23746.38,23696.36,23702.38,2769
2026-05-18T03:00:00+00:00,23702.38,23724.88,23699.12,23703.12,2674
2026-05-18T03:15:00+00:00,23703.12,23718.36,23688.37,23713.88,2284
2026-05-18T03:30:00+00:00,23713.88,23739.87,23679.11,23732.88,3415
2026-05-18T03:45:00+00:00,23732.88,23734.88,23706.86,23717.87,2357
2026-05-18T04:00:00+00:00,23717.87,23764.38,23715.11,23753.36,2227
2026-05-18T04:15:00+00:00,23753.36,23773.38,23701.88,23712.88,2362
2026-05-18T04:30:00+00:00,23712.88,23753.38,23706.36,23744.11,2632
2026-05-18T04:45:00+00:00,23744.11,23757.38,23713.36,23721.87,2281
2026-05-18T05:00:00+00:00,23721.87,23770.86,23720.88,23747.36,2984
2026-05-18T05:15:00+00:00,23747.36,23751.87,23705.36,23751.36,3104
2026-05-18T05:30:00+00:00,23751.36,23778.88,23740.88,23771.87,3297
2026-05-18T05:45:00+00:00,23771.87,23779.37,23741.38,23742.37,2409
2026-05-18T06:00:00+00:00,23742.37,23755.37,23719.86,23747.88,3314
2026-05-18T06:15:00+00:00,23747.88,23762.88,23680.86,23684.37,3197
2026-05-18T06:30:00+00:00,23684.37,23710.37,23635.86,23708.88,3441
2026-05-18T06:45:00+00:00,23708.88,23764.37,23705.87,23763.37,3292
2026-05-18T07:00:00+00:00,23763.37,23855.23,23763.37,23808.72,8376
2026-05-18T07:15:00+00:00,23808.72,23896.23,23802.22,23892.23,7283
2026-05-18T07:30:00+00:00,23892.23,23903.22,23821.21,23837.21,6902
2026-05-18T07:45:00+00:00,23837.21,23897.21,23835.72,23877.72,5552
2026-05-18T08:00:00+00:00,23877.72,23915.22,23875.71,23903.73,4966
2026-05-18T08:15:00+00:00,23903.73,23953.23,23894.22,23948.72,3729
2026-05-18T08:30:00+00:00,23948.72,23977.21,23937.71,23965.73,3414
2026-05-18T08:45:00+00:00,23965.73,24003.73,23963.21,23996.73,2880
2026-05-18T09:00:00+00:00,23996.73,24007.72,23969.21,23981.21,2986
2026-05-18T09:15:00+00:00,23981.21,24009.71,23974.72,24006.22,2652
2026-05-18T09:30:00+00:00,24006.22,24018.72,23978.71,23996.72,2600
2026-05-18T09:45:00+00:00,23996.72,24016.73,23978.72,24015.72,2635
2026-05-18T10:00:00+00:00,24015.72,24025.73,23948.71,23950.22,4112
2026-05-18T10:15:00+00:00,23950.22,23987.23,23946.71,23984.72,3161
2026-05-18T10:30:00+00:00,23984.72,24011.73,23961.73,24010.73,3541
2026-05-18T10:45:00+00:00,24010.73,24030.73,23982.21,23987.73,2574
2026-05-18T11:00:00+00:00,23987.73,23990.73,23932.21,23990.23,4673
2026-05-18T11:15:00+00:00,23990.23,24030.21,23988.71,24001.73,2685
2026-05-18T11:30:00+00:00,24001.73,24248.23,23997.23,24207.21,12484
2026-05-18T11:45:00+00:00,24207.21,24213.71,24129.72,24138.71,7145
2026-05-18T12:00:00+00:00,24138.71,24188.73,24127.71,24153.23,4677
2026-05-18T12:15:00+00:00,24153.23,24173.71,24135.71,24167.73,3973
2026-05-18T12:30:00+00:00,24167.73,24346.23,24165.71,24330.72,7915
2026-05-18T12:45:00+00:00,24330.72,24383.73,24320.22,24383.21,7986
2026-05-18T13:00:00+00:00,24383.21,24391.71,24328.22,24361.21,7125
2026-05-18T13:15:00+00:00,24361.21,24376.73,24332.21,24343.21,3851
2026-05-18T13:30:00+00:00,24343.21,24370.73,24313.22,24323.22,8679
2026-05-18T13:45:00+00:00,24323.22,24440.73,24311.22,24412.71,9773
2026-05-18T14:00:00+00:00,24412.71,24428.73,24341.71,24397.22,10768
2026-05-18T14:15:00+00:00,24397.22,24438.73,24381.71,24388.73,9403
2026-05-18T14:30:00+00:00,24388.73,24396.71,24312.71,24338.22,10631
2026-05-18T14:45:00+00:00,24338.22,24376.72,24313.21,24358.73,9435
2026-05-18T15:00:00+00:00,24358.73,24367.73,24246.21,24283.21,12536
2026-05-18T15:15:00+00:00,24283.21,24300.71,24252.73,24253.71,8319
2026-05-18T15:30:00+00:00,24253.71,24346.73,24248.21,24327.72,6243
2026-05-18T15:45:00+00:00,24327.72,24343.73,24316.73,24321.22,5074
2026-05-18T16:00:00+00:00,24321.22,24322.88,24296.37,24318.36,4130
2026-05-18T16:15:00+00:00,24318.36,24341.38,24242.87,24256.88,5629
2026-05-18T16:30:00+00:00,24256.88,24315.38,24241.88,24275.36,5354
2026-05-18T16:45:00+00:00,24275.36,24301.86,24268.37,24268.87,3440
2026-05-18T17:00:00+00:00,24268.87,24314.87,24244.86,24301.36,3299
2026-05-18T17:15:00+00:00,24301.36,24320.36,24298.38,24312.38,2503
2026-05-18T17:30:00+00:00,24312.38,24317.88,24284.36,24302.37,3017
2026-05-18T17:45:00+00:00,24302.37,24312.38,24291.37,24294.86,2050
2026-05-18T18:00:00+00:00,24294.86,24301.86,24250.88,24251.86,3249
2026-05-18T18:15:00+00:00,24251.86,24252.86,24178.37,24206.86,4067
2026-05-18T18:30:00+00:00,24206.86,24229.88,24190.36,24210.36,3015
2026-05-18T18:45:00+00:00,24210.36,24213.87,24164.38,24169.86,3215
2026-05-18T19:00:00+00:00,24169.86,24349.88,24164.36,24291.88,7225
2026-05-18T19:15:00+00:00,24291.88,24308.38,24259.86,24275.38,3047
2026-05-18T19:30:00+00:00,24275.38,24357.87,24270.38,24353.86,3099
2026-05-18T19:45:00+00:00,24353.86,24404.36,24349.86,24399.11,2786
2026-05-19T00:30:00+00:00,24399.11,24399.11,24331.2,24349.2,3299
2026-05-19T00:45:00+00:00,24349.2,24362.19,24326.46,24335.19,3033
2026-05-19T01:00:00+00:00,24335.19,24370.7,24311.71,24343.69,3835
2026-05-19T01:15:00+00:00,24343.69,24347.71,24286.45,24318.19,3641
2026-05-19T01:30:00+00:00,24318.19,24357.21,24303.69,24348.7,3741
2026-05-19T01:45:00+00:00,24348.7,24355.21,24321.69,24323.69,3215
2026-05-19T02:00:00+00:00,24323.69,24324.19,24270.210000000003,24284.710000000003,3998
2026-05-19T02:15:00+00:00,24284.710000000003,24306.72,24267.710000000003,24300.210000000003,3039
2026-05-19T02:30:00+00:00,24300.210000000003,24319.72,24283.47,24301.22,2622
2026-05-19T02:45:00+00:00,24301.22,24307.710000000003,24277.460000000003,24287.7,2209
2026-05-19T03:00:00+00:00,24287.7,24306.72,24264.45,24288.210000000003,1996
2026-05-19T03:15:00+00:00,24288.210000000003,24320.710000000003,24286.210000000003,24314.2,1558
2026-05-19T03:30:00+00:00,24314.2,24339.710000000003,24304.7,24307.7,2073
2026-05-19T03:45:00+00:00,24307.7,24307.7,24276.7,24279.710000000003,1455
2026-05-19T04:00:00+00:00,24279.710000000003,24279.710000000003,24224.45,24243.45,2926
2026-05-19T04:15:00+00:00,24243.45,24246.210000000003,24198.45,24212.72,2013
2026-05-19T04:30:00+00:00,24212.72,24272.710000000003,24211.710000000003,24255.22,2154
2026-05-19T04:45:00+00:00,24255.22,24283.710000000003,24244.45,24271.72,1967
2026-05-19T05:00:00+00:00,24271.72,24286.72,24263.2,24281.22,2510
2026-05-19T05:15:00+00:00,24281.22,24292.210000000003,24230.47,24279.710000000003,3297
2026-05-19T05:30:00+00:00,24279.710000000003,24313.710000000003,24254.45,24282.22,2804
2026-05-19T05:45:00+00:00,24282.22,24311.72,24279.7,24289.74,2596
2026-05-19T06:00:00+00:00,24289.74,24314.74,24264.22,24308.730000000003,3133
2026-05-19T06:15:00+00:00,24308.730000000003,24356.24,24304.230000000003,24342.74,2270
2026-05-19T06:30:00+00:00,24342.74,24368.250000000004,24322.750000000004,24363.770000000004,2312
2026-05-19T06:45:00+00:00,24363.770000000004,24363.770000000004,24325.260000000002,24336.780000000002,2207
2026-05-19T07:00:00+00:00,24336.780000000002,24467.13,24330.110000000004,24451.63,7302
2026-05-19T07:15:00+00:00,24451.63,24499.620000000003,24432.610000000004,24493.110000000004,5469
2026-05-19T07:30:00+00:00,24493.110000000004,24599.63,24489.110000000004,24589.63,5568
2026-05-19T07:45:00+00:00,24589.63,24668.63,24586.63,24641.610000000004,6007
2026-05-19T08:00:00+00:00,24641.610000000004,24652.120000000003,24528.63,24573.120000000003,7044
2026-05-19T08:15:00+00:00,24573.120000000003,24605.120000000003,24535.620000000003,24569.13,6283
2026-05-19T08:30:00+00:00,24569.13,24645.13,24561.610000000004,24634.110000000004,4494
2026-05-19T08:45:00+00:00,24634.110000000004,24656.13,24632.620000000003,24644.110000000004,3459
2026-05-19T09:00:00+00:00,24644.110000000004,24657.63,24616.530000000002,24640.63,4683
2026-05-19T09:15:00+00:00,24640.63,24646.63,24581.620000000003,24611.63,6257
2026-05-19T09:30:00+00:00,24611.63,24618.13,24567.110000000004,24587.620000000003,6910
2026-05-19T09:45:00+00:00,24587.620000000003,24623.13,24576.110000000004,24622.110000000004,4068
2026-05-19T10:00:00+00:00,24622.110000000004,24644.13,24598.13,24640.120000000003,4178
2026-05-19T10:15:00+00:00,24640.120000000003,24644.63,24617.13,24636.620000000003,2930
2026-05-19T10:30:00+00:00,24636.620000000003,24699.620000000003,24606.610000000004,24617.63,6302
2026-05-19T10:45:00+00:00,24617.63,24683.620000000003,24597.610000000004,24664.620000000003,6569
2026-05-19T11:00:00+00:00,24664.620000000003,24673.63,24630.620000000003,24635.13,4944
2026-05-19T11:15:00+00:00,24635.13,24635.13,24594.610000000004,24610.610000000004,4555
2026-05-19T11:30:00+00:00,24610.610000000004,24634.13,24603.620000000003,24619.120000000003,3419
2026-05-19T11:45:00+00:00,24619.120000000003,24620.63,24562.620000000003,24567.120000000003,3923
2026-05-19T12:00:00+00:00,24567.120000000003,24619.63,24551.610000000004,24617.63,4633
2026-05-19T12:15:00+00:00,24617.63,24634.110000000004,24613.620000000003,24621.620000000003,3247
2026-05-19T12:30:00+00:00,24621.620000000003,24638.610000000004,24619.610000000004,24634.620000000003,4252
2026-05-19T12:45:00+00:00,24634.620000000003,24641.63,24607.610000000004,24618.120000000003,2960
2026-05-19T13:00:00+00:00,24618.120000000003,24625.63,24541.120000000003,24600.610000000004,5901
2026-05-19T13:15:00+00:00,24600.610000000004,24602.63,24490.610000000004,24495.620000000003,7036
2026-05-19T13:30:00+00:00,24495.620000000003,24526.620000000003,24444.110000000004,24451.120000000003,12540
2026-05-19T13:45:00+00:00,24451.120000000003,24546.63,24438.610000000004,24496.620000000003,10958
2026-05-19T14:00:00+00:00,24496.620000000003,24554.620000000003,24459.120000000003,24463.63,12087
2026-05-19T14:15:00+00:00,24463.63,24470.620000000003,24365.620000000003,24390.110000000004,10834
2026-05-19T14:30:00+00:00,24390.110000000004,24425.63,24379.13,24403.63,9030
2026-05-19T14:45:00+00:00,24403.63,24443.120000000003,24361.610000000004,24442.110000000004,7755
2026-05-19T15:00:00+00:00,24442.110000000004,24473.620000000003,24431.110000000004,24471.63,6840
2026-05-19T15:15:00+00:00,24471.63,24482.610000000004,24425.610000000004,24434.13,6021
2026-05-19T15:30:00+00:00,24434.13,24466.120000000003,24378.110000000004,24380.13,6738
2026-05-19T15:45:00+00:00,24380.13,24403.13,24370.610000000004,24387.63,5290
2026-05-19T16:00:00+00:00,24387.63,24404.770000000004,24346.270000000004,24360.780000000002,4047
2026-05-19T16:15:00+00:00,24360.780000000002,24413.760000000002,24360.780000000002,24399.270000000004,2965
2026-05-19T16:30:00+00:00,24399.270000000004,24415.780000000002,24374.770000000004,24386.770000000004,3455
2026-05-19T16:45:00+00:00,24386.770000000004,24402.270000000004,24380.270000000004,24393.780000000002,2490
2026-05-19T17:00:00+00:00,24393.780000000002,24398.280000000002,24381.270000000004,24394.780000000002,1374
2026-05-19T17:15:00+00:00,24394.780000000002,24400.280000000002,24385.760000000002,24390.270000000004,1463
2026-05-19T17:30:00+00:00,24390.270000000004,24400.780000000002,24376.760000000002,24398.260000000002,1865
2026-05-19T17:45:00+00:00,24398.260000000002,24410.260000000002,24386.280000000002,24401.260000000002,1436
2026-05-19T18:00:00+00:00,24401.260000000002,24420.280000000002,24400.260000000002,24413.280000000002,1378
2026-05-19T18:15:00+00:00,24413.280000000002,24413.780000000002,24367.760000000002,24369.280000000002,1748
2026-05-19T18:30:00+00:00,24369.280000000002,24386.760000000002,24358.260000000002,24373.270000000004,1622
2026-05-19T18:45:00+00:00,24373.270000000004,24376.270000000004,24336.280000000002,24343.770000000004,2044
2026-05-19T19:00:00+00:00,24343.770000000004,24389.260000000002,24343.770000000004,24387.780000000002,1530
2026-05-19T19:15:00+00:00,24387.780000000002,24390.780000000002,24347.280000000002,24365.260000000002,1570
2026-05-19T19:30:00+00:00,24365.260000000002,24370.270000000004,24336.280000000002,24337.260000000002,1620
2026-05-19T19:45:00+00:00,24337.260000000002,24341.280000000002,24302.780000000002,24329.510000000002,2503
2026-05-20T00:30:00+00:00,24329.510000000002,24338.440000000002,24267.680000000004,24282.700000000004,3039
2026-05-20T00:45:00+00:00,24282.700000000004,24319.700000000004,24279.680000000004,24294.700000000004,2934
2026-05-20T01:00:00+00:00,24294.700000000004,24312.930000000004,24240.680000000004,24287.680000000004,5935
2026-05-20T01:15:00+00:00,24287.680000000004,24295.700000000004,24247.440000000002,24254.440000000002,3291
2026-05-20T01:30:00+00:00,24254.440000000002,24259.430000000004,24218.680000000004,24245.690000000002,3296
2026-05-20T01:45:00+00:00,24245.690000000002,24325.680000000004,24238.680000000004,24285.690000000002,4561
2026-05-20T02:00:00+00:00,24285.690000000002,24306.430000000004,24274.680000000004,24290.680000000004,2849
2026-05-20T02:15:00+00:00,24290.680000000004,24316.690000000002,24271.680000000004,24274.690000000002,2480
2026-05-20T02:30:00+00:00,24274.690000000002,24275.430000000004,24195.690000000002,24215.700000000004,4309
2026-05-20T02:45:00+00:00,24215.700000000004,24223.690000000002,24202.690000000002,24205.700000000004,2892
2026-05-20T03:00:00+00:00,24205.700000000004,24206.440000000002,24156.700000000004,24174.430000000004,2362
2026-05-20T03:15:00+00:00,24174.430000000004,24229.440000000002,24170.700000000004,24222.690000000002,1943
2026-05-20T03:30:00+00:00,24222.690000000002,24257.940000000002,24199.680000000004,24232.700000000004,2136
2026-05-20T03:45:00+00:00,24232.700000000004,24246.430000000004,24222.680000000004,24238.440000000002,1773
2026-05-20T04:00:00+00:00,24238.440000000002,24277.450000000004,24234.690000000002,24274.680000000004,1885
2026-05-20T04:15:00+00:00,24274.680000000004,24284.440000000002,24245.680000000004,24259.680000000004,1458
2026-05-20T04:30:00+00:00,24259.680000000004,24262.440000000002,24232.680000000004,24249.690000000002,1556
2026-05-20T04:45:00+00:00,24249.690000000002,24257.930000000004,24224.680000000004,24240.450000000004,1241
2026-05-20T05:00:00+00:00,24240.450000000004,24288.440000000002,24236.680000000004,24275.430000000004,2030
2026-05-20T05:15:00+00:00,24275.430000000004,24282.450000000004,24251.680000000004,24254.680000000004,2062
2026-05-20T05:30:00+00:00,24254.680000000004,24293.950000000004,24254.680000000004,24272.690000000002,2367
2026-05-20T05:45:00+00:00,24272.690000000002,24299.440000000002,24266.690000000002,24285.680000000004,1592
2026-05-20T06:00:00+00:00,24285.680000000004,24320.450000000004,24276.680000000004,24310.430000000004,1874
2026-05-20T06:15:00+00:00,24310.430000000004,24370.450000000004,24308.430000000004,24355.440000000002,2242
2026-05-20T06:30:00+00:00,24355.440000000002,24360.930000000004,24328.430000000004,24333.930000000004,1676
2026-05-20T06:45:00+00:00,24333.930000000004,24369.940000000002,24333.450000000004,24366.430000000004,1644
2026-05-20T07:00:00+00:00,24366.430000000004,24392.300000000003,24321.280000000002,24366.790000000005,5419
2026-05-20T07:15:00+00:00,24366.790000000005,24416.790000000005,24358.780000000002,24412.290000000005,3272
2026-05-20T07:30:00+00:00,24412.290000000005,24416.280000000002,24355.300000000003,24385.800000000003,3108
2026-05-20T07:45:00+00:00,24385.800000000003,24390.290000000005,24312.280000000002,24313.780000000002,2739
2026-05-20T08:00:00+00:00,24313.780000000002,24349.800000000003,24281.780000000002,24312.300000000003,4777
2026-05-20T08:15:00+00:00,24312.300000000003,24391.780000000002,24291.780000000002,24390.280000000002,3845
2026-05-20T08:30:00+00:00,24390.280000000002,24437.780000000002,24382.300000000003,24428.300000000003,4505
2026-05-20T08:45:00+00:00,24428.300000000003,24461.290000000005,24422.800000000003,24440.280000000002,2893
2026-05-20T09:00:00+00:00,24440.280000000002,24477.300000000003,24428.800000000003,24429.290000000005,3012
2026-05-20T09:15:00+00:00,24429.290000000005,24474.790000000005,24428.280000000002,24472.300000000003,2007
2026-05-20T09:30:00+00:00,24472.300000000003,24481.800000000003,24459.300000000003,24476.790000000005,1797
2026-05-20T09:45:00+00:00,24476.790000000005,24501.790000000005,24469.780000000002,24491.790000000005,2010
2026-05-20T10:00:00+00:00,24491.790000000005,24545.280000000002,24489.280000000002,24543.800000000003,1893
2026-05-20T10:15:00+00:00,24543.800000000003,24564.800000000003,24533.300000000003,24554.790000000005,1621
2026-05-20T10:30:00+00:00,24554.790000000005,24596.280000000002,24550.800000000003,24562.790000000005,2764
2026-05-20T10:45:00+00:00,24562.790000000005,24578.290000000005,24520.280000000002,24525.280000000002,1747
2026-05-20T11:00:00+00:00,24525.280000000002,24532.800000000003,24507.780000000002,24511.800000000003,1975
2026-05-20T11:15:00+00:00,24511.800000000003,24542.300000000003,24511.780000000002,24538.780000000002,1468
2026-05-20T11:30:00+00:00,24538.780000000002,24548.780000000002,24506.780000000002,24527.780000000002,2226
2026-05-20T11:45:00+00:00,24527.780000000002,24537.800000000003,24488.780000000002,24507.800000000003,2572
2026-05-20T12:00:00+00:00,24507.800000000003,24541.800000000003,24502.290000000005,24531.300000000003,1948
2026-05-20T12:15:00+00:00,24531.300000000003,24567.300000000003,24526.280000000002,24557.800000000003,2357
2026-05-20T12:30:00+00:00,24557.800000000003,24570.790000000005,24498.780000000002,24502.790000000005,2767
2026-05-20T12:45:00+00:00,24502.790000000005,24508.790000000005,24473.280000000002,24475.280000000002,2046
2026-05-20T13:00:00+00:00,24475.280000000002,24508.290000000005,24466.290000000005,24491.290000000005,1897
2026-05-20T13:15:00+00:00,24491.290000000005,24502.780000000002,24472.780000000002,24483.280000000002,2391
2026-05-20T13:30:00+00:00,24483.280000000002,24516.780000000002,24441.780000000002,24507.790000000005,6141
2026-05-20T13:45:00+00:00,24507.790000000005,24553.800000000003,24507.790000000005,24545.790000000005,5129
2026-05-20T14:00:00+00:00,24545.790000000005,24617.780000000002,24463.300000000003,24551.280000000002,6892
2026-05-20T14:15:00+00:00,24551.280000000002,24738.290000000005,24546.290000000005,24666.300000000003,18372
2026-05-20T14:30:00+00:00,24666.300000000003,24703.800000000003,24624.280000000002,24672.790000000005,7781
2026-05-20T14:45:00+00:00,24672.790000000005,24716.300000000003,24638.280000000002,24683.300000000003,5739
2026-05-20T15:00:00+00:00,24683.300000000003,24726.800000000003,24674.290000000005,24708.300000000003,3575
2026-05-20T15:15:00+00:00,24708.300000000003,24899.800000000003,24701.290000000005,24747.800000000003,13569
2026-05-20T15:30:00+00:00,24747.800000000003,24768.300000000003,24729.680000000004,24758.280000000002,5464
2026-05-20T15:45:00+00:00,24758.280000000002,24763.800000000003,24696.300000000003,24719.280000000002,3952
2026-05-20T16:00:00+00:00,24719.280000000002,24751.950000000004,24711.430000000004,24749.940000000002,2674
2026-05-20T16:15:00+00:00,24749.940000000002,24751.930000000004,24683.690000000002,24700.450000000004,3891
2026-05-20T16:30:00+00:00,24700.450000000004,24738.940000000002,24677.680000000004,24736.450000000004,3216
2026-05-20T16:45:00+00:00,24736.450000000004,24743.450000000004,24710.440000000002,24725.940000000002,3039
2026-05-20T17:00:00+00:00,24725.940000000002,24755.430000000004,24707.950000000004,24739.930000000004,2980
2026-05-20T17:15:00+00:00,24739.930000000004,24760.930000000004,24732.450000000004,24748.440000000002,2171
2026-05-20T17:30:00+00:00,24748.440000000002,24771.450000000004,24738.450000000004,24753.930000000004,2157
2026-05-20T17:45:00+00:00,24753.930000000004,24762.450000000004,24742.930000000004,24745.440000000002,1058
2026-05-20T18:00:00+00:00,24745.440000000002,24760.930000000004,24729.680000000004,24748.950000000004,1414
2026-05-20T18:15:00+00:00,24748.950000000004,24756.940000000002,24742.940000000002,24755.950000000004,1362
2026-05-20T18:30:00+00:00,24755.950000000004,24771.950000000004,24749.430000000004,24749.940000000002,1133
2026-05-20T18:45:00+00:00,24749.940000000002,24764.930000000004,24746.930000000004,24761.440000000002,1269
2026-05-20T19:00:00+00:00,24761.440000000002,24769.450000000004,24750.930000000004,24758.450000000004,684
2026-05-20T19:15:00+00:00,24758.450000000004,24773.440000000002,24758.450000000004,24765.930000000004,599
2026-05-20T19:30:00+00:00,24765.930000000004,24795.940000000002,24762.450000000004,24786.940000000002,1028
2026-05-20T19:45:00+00:00,24786.940000000002,24788.950000000004,24762.430000000004,24782.200000000004,1696
2026-05-21T00:30:00+00:00,24782.200000000004,24782.200000000004,24698.520000000004,24718.790000000005,1288
2026-05-21T00:45:00+00:00,24718.790000000005,24753.780000000002,24713.530000000002,24744.770000000004,1326
2026-05-21T01:00:00+00:00,24744.770000000004,24776.280000000002,24742.520000000004,24775.280000000002,2181
2026-05-21T01:15:00+00:00,24775.280000000002,24787.290000000005,24761.530000000002,24772.270000000004,1663
2026-05-21T01:30:00+00:00,24772.270000000004,24794.270000000004,24759.520000000004,24778.540000000005,1969
2026-05-21T01:45:00+00:00,24778.540000000005,24788.520000000004,24761.520000000004,24785.770000000004,1486
2026-05-21T02:00:00+00:00,24785.770000000004,24812.290000000005,24777.520000000004,24792.520000000004,1877
2026-05-21T02:15:00+00:00,24792.520000000004,24804.280000000002,24771.520000000004,24782.280000000002,932
2026-05-21T02:30:00+00:00,24782.280000000002,24786.780000000002,24750.540000000005,24759.520000000004,1050
2026-05-21T02:45:00+00:00,24759.520000000004,24769.780000000002,24739.520000000004,24753.780000000002,1236
2026-05-21T03:00:00+00:00,24753.780000000002,24761.290000000005,24740.520000000004,24753.280000000002,1136
2026-05-21T03:15:00+00:00,24753.280000000002,24767.770000000004,24741.540000000005,24749.270000000004,1061
2026-05-21T03:30:00+00:00,24749.270000000004,24754.280000000002,24736.520000000004,24743.770000000004,942
2026-05-21T03:45:00+00:00,24743.770000000004,24744.270000000004,24709.530000000002,24729.790000000005,935
2026-05-21T04:00:00+00:00,24729.790000000005,24749.290000000005,24724.520000000004,24747.770000000004,599
2026-05-21T04:15:00+00:00,24747.770000000004,24763.790000000005,24738.530000000002,24759.270000000004,522
2026-05-21T04:30:00+00:00,24759.270000000004,24763.770000000004,24734.530000000002,24754.520000000004,1010
2026-05-21T04:45:00+00:00,24754.520000000004,24778.280000000002,24750.520000000004,24763.520000000004,992
2026-05-21T05:00:00+00:00,24763.520000000004,24783.280000000002,24743.530000000002,24752.540000000005,942
2026-05-21T05:15:00+00:00,24752.540000000005,24771.280000000002,24744.520000000004,24748.780000000002,1487
2026-05-21T05:30:00+00:00,24748.780000000002,24749.290000000005,24700.530000000002,24716.290000000005,1460
2026-05-21T05:45:00+00:00,24716.290000000005,24717.290000000005,24647.520000000004,24688.270000000004,2371
2026-05-21T06:00:00+00:00,24688.270000000004,24718.270000000004,24676.520000000004,24687.790000000005,1701
2026-05-21T06:15:00+00:00,24687.790000000005,24740.770000000004,24673.280000000002,24715.290000000005,2271
2026-05-21T06:30:00+00:00,24715.290000000005,24728.790000000005,24682.790000000005,24683.780000000002,1736
2026-05-21T06:45:00+00:00,24683.780000000002,24683.780000000002,24658.770000000004,24677.290000000005,2166
2026-05-21T07:00:00+00:00,24677.290000000005,24729.63,24661.120000000003,24683.620000000003,5517
2026-05-21T07:15:00+00:00,24683.620000000003,24690.120000000003,24600.520000000004,24610.620000000003,4541
2026-05-21T07:30:00+00:00,24610.620000000003,24690.13,24610.520000000004,24683.63,3573
2026-05-21T07:45:00+00:00,24683.63,24739.140000000003,24679.13,24717.640000000003,2722
2026-05-21T08:00:00+00:00,24717.640000000003,24846.13,24713.140000000003,24826.640000000003,5516
2026-05-21T08:15:00+00:00,24826.640000000003,24867.120000000003,24759.140000000003,24808.640000000003,5955
2026-05-21T08:30:00+00:00,24808.640000000003,24812.620000000003,24754.120000000003,24790.13,3658
2026-05-21T08:45:00+00:00,24790.13,24811.140000000003,24767.620000000003,24799.120000000003,4315
2026-05-21T09:00:00+00:00,24799.120000000003,24847.140000000003,24789.120000000003,24834.620000000003,4171
2026-05-21T09:15:00+00:00,24834.620000000003,24888.640000000003,24833.620000000003,24881.620000000003,3480
2026-05-21T09:30:00+00:00,24881.620000000003,24898.63,24842.140000000003,24843.120000000003,3084
2026-05-21T09:45:00+00:00,24843.120000000003,24873.140000000003,24831.13,24865.620000000003,2265
2026-05-21T10:00:00+00:00,24865.620000000003,24877.140000000003,24851.120000000003,24871.640000000003,2118
2026-05-21T10:15:00+00:00,24871.640000000003,24883.63,24690.13,24707.640000000003,8653
2026-05-21T10:30:00+00:00,24707.640000000003,24710.640000000003,24529.530000000002,24599.120000000003,12953
2026-05-21T10:45:00+00:00,24599.120000000003,24617.140000000003,24553.120000000003,24572.620000000003,8615
2026-05-21T11:00:00+00:00,24572.620000000003,24625.140000000003,24553.13,24605.120000000003,5522
2026-05-21T11:15:00+00:00,24605.120000000003,24657.13,24593.13,24632.120000000003,4415
2026-05-21T11:30:00+00:00,24632.120000000003,24644.140000000003,24587.620000000003,24615.620000000003,3582
2026-05-21T11:45:00+00:00,24615.620000000003,24632.13,24583.620000000003,24600.620000000003,2854
2026-05-21T12:00:00+00:00,24600.620000000003,24622.63,24587.140000000003,24607.640000000003,3165
2026-05-21T12:15:00+00:00,24607.640000000003,24614.140000000003,24541.120000000003,24548.520000000004,3330
2026-05-21T12:30:00+00:00,24548.520000000004,24621.120000000003,24540.620000000003,24572.120000000003,7434
2026-05-21T12:45:00+00:00,24572.120000000003,24597.13,24550.530000000002,24585.640000000003,4751
2026-05-21T13:00:00+00:00,24585.640000000003,24627.63,24572.120000000003,24591.640000000003,4931
2026-05-21T13:15:00+00:00,24591.640000000003,24629.140000000003,24587.13,24608.120000000003,3609
2026-05-21T13:30:00+00:00,24608.120000000003,24612.640000000003,24534.120000000003,24550.540000000005,7526
2026-05-21T13:45:00+00:00,24550.540000000005,24711.640000000003,24550.540000000005,24696.620000000003,9080
2026-05-21T14:00:00+00:00,24696.620000000003,24714.120000000003,24649.640000000003,24660.63,6606
2026-05-21T14:15:00+00:00,24660.63,24676.640000000003,24610.120000000003,24666.63,7054
2026-05-21T14:30:00+00:00,24666.63,24698.13,24663.13,24672.140000000003,4818
2026-05-21T14:45:00+00:00,24672.140000000003,24724.640000000003,24659.13,24716.63,5022
2026-05-21T15:00:00+00:00,24716.63,24726.640000000003,24653.120000000003,24690.140000000003,6871
2026-05-21T15:15:00+00:00,24690.140000000003,24706.620000000003,24654.620000000003,24659.640000000003,4209
2026-05-21T15:30:00+00:00,24659.640000000003,24665.140000000003,24607.63,24650.640000000003,4726
2026-05-21T15:45:00+00:00,24650.640000000003,24665.620000000003,24634.63,24640.620000000003,2571
2026-05-21T16:00:00+00:00,24640.620000000003,24681.790000000005,24640.620000000003,24672.270000000004,3642
2026-05-21T16:15:00+00:00,24672.270000000004,24672.270000000004,24638.290000000005,24660.280000000002,2464
2026-05-21T16:30:00+00:00,24660.280000000002,24670.790000000005,24651.290000000005,24661.790000000005,2173
2026-05-21T16:45:00+00:00,24661.790000000005,24666.290000000005,24633.770000000004,24651.780000000002,1968
2026-05-21T17:00:00+00:00,24651.780000000002,24784.280000000002,24651.290000000005,24737.280000000002,4410
2026-05-21T17:15:00+00:00,24737.280000000002,24843.290000000005,24731.520000000004,24828.270000000004,6265
2026-05-21T17:30:00+00:00,24828.270000000004,24888.280000000002,24815.520000000004,24879.290000000005,3515
2026-05-21T17:45:00+00:00,24879.290000000005,24925.780000000002,24863.540000000005,24895.270000000004,3900
2026-05-21T18:00:00+00:00,24895.270000000004,24913.270000000004,24837.530000000002,24866.780000000002,3596
2026-05-21T18:15:00+00:00,24866.780000000002,24883.290000000005,24854.540000000005,24870.790000000005,2187
2026-05-21T18:30:00+00:00,24870.790000000005,24875.290000000005,24846.270000000004,24871.280000000002,1814
2026-05-21T18:45:00+00:00,24871.280000000002,24877.780000000002,24773.540000000005,24806.780000000002,5523
2026-05-21T19:00:00+00:00,24806.780000000002,24866.290000000005,24798.290000000005,24865.770000000004,2902
2026-05-21T19:15:00+00:00,24865.770000000004,24875.290000000005,24837.540000000005,24849.770000000004,1522
2026-05-21T19:30:00+00:00,24849.770000000004,24859.770000000004,24830.280000000002,24838.280000000002,1772
2026-05-21T19:45:00+00:00,24838.280000000002,24859.790000000005,24796.270000000004,24841.530000000002,3586
2026-05-22T00:30:00+00:00,24841.530000000002,24879.140000000003,24841.530000000002,24859.890000000003,932
2026-05-22T00:45:00+00:00,24859.890000000003,24871.640000000003,24854.38,24859.390000000003,792.433031042902
2026-05-22T01:00:00+00:00,24859.390000000003,24865.13,24838.390000000003,24856.390000000003,1587
2026-05-22T01:15:00+00:00,24856.390000000003,24871.120000000003,24845.38,24858.370000000003,1406
2026-05-22T01:30:00+00:00,24858.370000000003,24866.140000000003,24840.370000000003,24860.390000000003,1657
2026-05-22T01:45:00+00:00,24860.390000000003,24883.63,24859.370000000003,24866.140000000003,972
2026-05-22T02:00:00+00:00,24866.140000000003,24873.140000000003,24849.370000000003,24863.38,1413
2026-05-22T02:15:00+00:00,24863.38,24871.370000000003,24841.38,24847.120000000003,971
2026-05-22T02:30:00+00:00,24847.120000000003,24889.140000000003,24836.390000000003,24870.140000000003,1086
2026-05-22T02:45:00+00:00,24870.140000000003,24883.390000000003,24861.38,24880.120000000003,1278
2026-05-22T03:00:00+00:00,24880.120000000003,24887.13,24840.88,24846.88,709.8621279472284
2026-05-22T03:15:00+00:00,24846.88,24870.13,24838.890000000003,24862.890000000003,598
2026-05-22T03:30:00+00:00,24862.890000000003,24875.640000000003,24851.870000000003,24858.13,820
2026-05-22T03:45:00+00:00,24858.13,24873.63,24856.620000000003,24865.620000000003,494
2026-05-22T04:00:00+00:00,24865.620000000003,24922.63,24861.620000000003,24904.890000000003,954
2026-05-22T04:15:00+00:00,24904.890000000003,24906.890000000003,24869.870000000003,24876.890000000003,581
2026-05-22T04:30:00+00:00,24876.890000000003,24903.640000000003,24867.890000000003,24878.890000000003,778
2026-05-22T04:45:00+00:00,24878.890000000003,24888.13,24866.870000000003,24885.88,645
2026-05-22T05:00:00+00:00,24885.88,24925.620000000003,24882.870000000003,24907.890000000003,1114
2026-05-22T05:15:00+00:00,24907.890000000003,24914.63,24869.88,24892.890000000003,992
2026-05-22T05:30:00+00:00,24892.890000000003,24904.640000000003,24881.890000000003,24884.88,862
2026-05-22T05:45:00+00:00,24884.88,24889.640000000003,24832.870000000003,24833.88,1625
2026-05-22T06:00:00+00:00,24833.88,24859.13,24813.870000000003,24858.120000000003,1315
2026-05-22T06:15:00+00:00,24858.120000000003,24868.13,24840.120000000003,24852.120000000003,1780
2026-05-22T06:30:00+00:00,24852.120000000003,24892.620000000003,24845.120000000003,24877.640000000003,1692
2026-05-22T06:45:00+00:00,24877.640000000003,24880.13,24853.620000000003,24868.13,1595
2026-05-22T07:00:00+00:00,24868.13,24869.99,24747.980000000003,24758.97,6290
2026-05-22T07:15:00+00:00,24758.97,24827.47,24754.99,24810.97,3378
2026-05-22T07:30:00+00:00,24810.97,24815.480000000003,24711.97,24735.97,4219
2026-05-22T07:45:00+00:00,24735.97,24757.980000000003,24721.47,24754.99,2924
2026-05-22T08:00:00+00:00,24754.99,24777.99,24707.97,24748.99,3464
2026-05-22T08:15:00+00:00,24748.99,24792.97,24737.97,24757.980000000003,4872
2026-05-22T08:30:00+00:00,24757.980000000003,24765.980000000003,24665.99,24749.480000000003,5153
2026-05-22T08:45:00+00:00,24749.480000000003,24755.480000000003,24729.980000000003,24740.97,2517
2026-05-22T09:00:00+00:00,24740.97,24741.480000000003,24705.980000000003,24718.47,3271
2026-05-22T09:15:00+00:00,24718.47,24765.980000000003,24711.97,24750.480000000003,2407
2026-05-22T09:30:00+00:00,24750.480000000003,24765.980000000003,24722.49,24747.47,2564
2026-05-22T09:45:00+00:00,24747.47,24786.980000000003,24742.97,24780.99,2237
2026-05-22T10:00:00+00:00,24780.99,24816.97,24766.97,24796.97,1886
2026-05-22T10:15:00+00:00,24796.97,24818.480000000003,24787.97,24810.480000000003,1686
2026-05-22T10:30:00+00:00,24810.480000000003,24813.49,24776.480000000003,24784.47,1949
2026-05-22T10:45:00+00:00,24784.47,24790.480000000003,24768.99,24778.99,1735
2026-05-22T11:00:00+00:00,24778.99,24797.49,24748.980000000003,24756.99,1895
2026-05-22T11:15:00+00:00,24756.99,24760.980000000003,24743.47,24755.97,1760
2026-05-22T11:30:00+00:00,24755.97,24814.480000000003,24754.97,24809.47,1691
2026-05-22T11:45:00+00:00,24809.47,24853.980000000003,24803.980000000003,24806.980000000003,2807
2026-05-22T12:00:00+00:00,24806.980000000003,24955.980000000003,24803.480000000003,24904.47,5501
2026-05-22T12:15:00+00:00,24904.47,24923.47,24860.49,24869.980000000003,6564
2026-05-22T12:30:00+00:00,24869.980000000003,24875.99,24837.97,24858.99,2776
2026-05-22T12:45:00+00:00,24858.99,24927.99,24854.97,24918.97,2262
2026-05-22T13:00:00+00:00,24918.97,24945.49,24886.980000000003,24921.49,5101
2026-05-22T13:15:00+00:00,24921.49,24940.480000000003,24901.97,24903.980000000003,2910
2026-05-22T13:30:00+00:00,24903.980000000003,24922.99,24869.99,24916.47,7026
2026-05-22T13:45:00+00:00,24916.47,24932.99,24872.97,24887.97,4444
2026-05-22T14:00:00+00:00,24887.97,24888.49,24829.97,24846.99,5211
2026-05-22T14:15:00+00:00,24846.99,24860.480000000003,24833.97,24857.980000000003,3527
2026-05-22T14:30:00+00:00,24857.980000000003,24884.980000000003,24849.47,24882.480000000003,2282
2026-05-22T14:45:00+00:00,24882.480000000003,24919.99,24880.97,24909.97,1827.5900916436735
2026-05-22T15:00:00+00:00,24909.97,24923.47,24893.960000000003,24903.45,1879
2026-05-22T15:15:00+00:00,24903.45,24935.960000000003,24901.960000000003,24931.97,2093
2026-05-22T15:30:00+00:00,24931.97,24938.460000000003,24875.45,24881.460000000003,2792
2026-05-22T15:45:00+00:00,24881.460000000003,24891.960000000003,24846.45,24860.95,1668
2026-05-22T16:00:00+00:00,24860.95,24871.600000000002,24838.620000000003,24864.61,1689
2026-05-22T16:15:00+00:00,24864.61,24868.11,24846.100000000002,24863.120000000003,1720
2026-05-22T16:30:00+00:00,24863.120000000003,24872.120000000003,24857.100000000002,24864.11,1377
2026-05-22T16:45:00+00:00,24864.11,24874.120000000003,24843.100000000002,24850.11,1231
2026-05-22T17:00:00+00:00,24850.11,24867.11,24850.11,24854.620000000003,828
2026-05-22T17:15:00+00:00,24854.620000000003,24905.61,24802.36,24900.61,3365
2026-05-22T17:30:00+00:00,24900.61,24939.61,24869.350000000002,24874.100000000002,3111
2026-05-22T17:45:00+00:00,24874.100000000002,24877.61,24851.100000000002,24854.120000000003,1509
2026-05-22T18:00:00+00:00,24854.120000000003,24860.620000000003,24818.61,24840.620000000003,1883
2026-05-22T18:15:00+00:00,24840.620000000003,24856.11,24828.11,24841.120000000003,1351
2026-05-22T18:30:00+00:00,24841.120000000003,24870.61,24836.11,24847.620000000003,1307
2026-05-22T18:45:00+00:00,24847.620000000003,24851.600000000002,24830.600000000002,24842.61,853
2026-05-22T19:00:00+00:00,24842.61,24844.100000000002,24797.350000000002,24816.100000000002,2248
2026-05-22T19:15:00+00:00,24816.100000000002,24825.120000000003,24789.100000000002,24794.120000000003,1424
2026-05-22T19:30:00+00:00,24794.120000000003,24819.620000000003,24793.61,24816.620000000003,1349
2026-05-22T19:45:00+00:00,24816.620000000003,24817.120000000003,24786.350000000002,24801.86,1553
2026-05-25T00:30:00+00:00,24801.86,25079.65,24801.86,25050.640000000003,723
2026-05-25T00:45:00+00:00,25050.640000000003,25095.88,25038.9,25039.88,963
2026-05-25T01:00:00+00:00,25039.88,25059.65,25036.890000000003,25054.65,1306
2026-05-25T01:15:00+00:00,25054.65,25080.65,25043.88,25079.13,913
2026-05-25T01:30:00+00:00,25079.13,25123.15,25067.890000000003,25115.65,1031
2026-05-25T01:45:00+00:00,25115.65,25116.640000000003,25097.88,25112.65,570
2026-05-25T02:00:00+00:00,25112.65,25143.13,25103.9,25133.640000000003,668
2026-05-25T02:15:00+00:00,25133.640000000003,25133.640000000003,25110.65,25115.9,830
2026-05-25T02:30:00+00:00,25115.9,25142.13,25109.88,25128.140000000003,735
2026-05-25T02:45:00+00:00,25128.140000000003,25137.140000000003,25120.88,25129.13,538.4505844845909
2026-05-25T03:00:00+00:00,25129.13,25152.640000000003,25117.88,25143.65,920
2026-05-25T03:15:00+00:00,25143.65,25177.65,25131.88,25158.88,872
2026-05-25T03:30:00+00:00,25158.88,25178.63,25137.9,25161.65,896
2026-05-25T03:45:00+00:00,25161.65,25172.140000000003,25144.88,25150.15,887
2026-05-25T04:00:00+00:00,25150.15,25177.65,25144.88,25177.65,481
2026-05-25T04:15:00+00:00,25177.65,25178.640000000003,25157.640000000003,25160.890000000003,416
2026-05-25T04:30:00+00:00,25160.890000000003,25194.65,25157.88,25188.88,408
2026-05-25T04:45:00+00:00,25188.88,25205.65,25168.890000000003,25180.65,483
2026-05-25T05:00:00+00:00,25180.65,25202.65,25175.890000000003,25191.88,519.4128365515365
2026-05-25T05:15:00+00:00,25191.88,25233.63,25188.9,25205.9,703
2026-05-25T05:30:00+00:00,25205.9,25212.13,25173.88,25194.15,715
2026-05-25T05:45:00+00:00,25194.15,25194.15,25154.63,25155.15,676
2026-05-25T06:00:00+00:00,25155.15,25158.140000000003,25117.13,25141.63,1143
2026-05-25T06:15:00+00:00,25141.63,25146.13,25101.63,25146.13,1164
2026-05-25T06:30:00+00:00,25146.13,25157.140000000003,25130.65,25149.13,929
2026-05-25T06:45:00+00:00,25149.13,25165.640000000003,25125.63,25129.63,1220
2026-05-25T07:00:00+00:00,25129.63,25205.000000000004,25127.49,25142.49,3635
2026-05-25T07:15:00+00:00,25142.49,25166.000000000004,25060.500000000004,25151.49,3857
2026-05-25T07:30:00+00:00,25151.49,25222.000000000004,25145.980000000003,25157.980000000003,3619
2026-05-25T07:45:00+00:00,25157.980000000003,25185.980000000003,25144.99,25183.000000000004,1665
2026-05-25T08:00:00+00:00,25183.000000000004,25188.49,25151.99,25182.99,1882
2026-05-25T08:15:00+00:00,25182.99,25200.000000000004,25170.000000000004,25195.49,1389
2026-05-25T08:30:00+00:00,25195.49,25204.500000000004,25186.480000000003,25199.480000000003,1200
2026-05-25T08:45:00+00:00,25199.480000000003,25207.500000000004,25182.480000000003,25187.500000000004,1056
2026-05-25T09:00:00+00:00,25187.500000000004,25208.500000000004,25184.500000000004,25203.500000000004,1006
2026-05-25T09:15:00+00:00,25203.500000000004,25223.99,25200.49,25216.99,938
2026-05-25T09:30:00+00:00,25216.99,25245.49,25215.99,25237.49,996
2026-05-25T09:45:00+00:00,25237.49,25255.480000000003,25230.480000000003,25235.500000000004,1039
2026-05-25T10:00:00+00:00,25235.500000000004,25260.500000000004,25222.980000000003,25251.000000000004,1096
2026-05-25T10:15:00+00:00,25251.000000000004,25279.500000000004,25251.000000000004,25253.49,1027
2026-05-25T10:30:00+00:00,25253.49,25274.500000000004,25244.480000000003,25271.49,846
2026-05-25T10:45:00+00:00,25271.49,25272.49,25252.480000000003,25258.480000000003,706
2026-05-25T11:00:00+00:00,25258.480000000003,25264.500000000004,25231.000000000004,25240.500000000004,852
2026-05-25T11:15:00+00:00,25240.500000000004,25263.500000000004,25240.000000000004,25258.500000000004,694
2026-05-25T11:30:00+00:00,25258.500000000004,25279.99,25257.480000000003,25278.480000000003,1076
2026-05-25T11:45:00+00:00,25278.480000000003,25302.980000000003,25268.980000000003,25276.500000000004,1154
2026-05-25T12:00:00+00:00,25276.500000000004,25292.500000000004,25265.49,25285.49,841
2026-05-25T12:15:00+00:00,25285.49,25337.49,25280.480000000003,25284.480000000003,1459
2026-05-25T12:30:00+00:00,25284.480000000003,25309.980000000003,25282.980000000003,25298.49,970
2026-05-25T12:45:00+00:00,25298.49,25306.500000000004,25272.99,25283.500000000004,1158
2026-05-25T13:00:00+00:00,25283.500000000004,25290.500000000004,25268.99,25284.000000000004,1020
2026-05-25T13:15:00+00:00,25284.000000000004,25286.500000000004,25267.980000000003,25285.480000000003,846
2026-05-25T13:30:00+00:00,25285.480000000003,25312.99,25285.480000000003,25312.99,933
2026-05-25T13:45:00+00:00,25312.99,25342.000000000004,25300.99,25327.49,1007
2026-05-25T14:00:00+00:00,25327.49,25347.980000000003,25321.000000000004,25322.49,1007
2026-05-25T14:15:00+00:00,25322.49,25382.000000000004,25322.480000000003,25380.500000000004,932
2026-05-25T14:30:00+00:00,25380.500000000004,25382.500000000004,25353.980000000003,25357.99,863
2026-05-25T14:45:00+00:00,25357.99,25387.99,25351.99,25373.99,997
2026-05-25T15:00:00+00:00,25373.99,25455.000000000004,25350.49,25417.480000000003,2860
2026-05-25T15:15:00+00:00,25417.480000000003,25431.000000000004,25391.99,25402.500000000004,1983
2026-05-25T15:30:00+00:00,25402.500000000004,25407.49,25374.980000000003,25405.99,1893
2026-05-25T15:45:00+00:00,25405.99,25414.480000000003,25398.000000000004,25406.980000000003,512
2026-05-25T16:00:00+00:00,25406.980000000003,25408.13,25385.140000000003,25397.65,270
2026-05-25T16:15:00+00:00,25397.65,25401.65,25390.15,25391.15,257
2026-05-25T16:30:00+00:00,25391.15,25393.65,25381.65,25390.63,203
2026-05-25T16:45:00+00:00,25390.63,25407.640000000003,25381.640000000003,25403.15,501
2026-05-25T17:00:00+00:00,25403.15,25421.65,25399.65,25411.65,226
2026-05-25T17:15:00+00:00,25411.65,25411.65,25391.640000000003,25403.13,222
2026-05-25T17:30:00+00:00,25403.13,25410.13,25397.15,25402.65,131
2026-05-25T17:45:00+00:00,25402.65,25402.65,25397.640000000003,25399.65,82.08002828463589
2026-05-25T18:00:00+00:00,25399.65,25403.15,25394.140000000003,25394.15,171.05539519109897
2026-05-25T18:15:00+00:00,25394.15,25395.65,25385.13,25386.15,124.29195918087808
2026-05-25T18:30:00+00:00,25386.15,25389.140000000003,25384.13,25389.140000000003,91.84295477676594
2026-05-25T18:45:00+00:00,25389.140000000003,25394.63,25388.140000000003,25393.140000000003,132
2026-05-25T19:00:00+00:00,25393.140000000003,25395.15,25382.63,25391.65,98
2026-05-25T19:15:00+00:00,25391.65,25395.65,25388.63,25393.15,131.478431372549
2026-05-25T19:30:00+00:00,25393.15,25398.63,25387.15,25391.640000000003,139
2026-05-25T19:45:00+00:00,25391.640000000003,25405.9,25387.65,25405.390000000003,321
2026-05-26T00:30:00+00:00,25405.390000000003,25405.390000000003,25316.58,25320.340000000004,1938
2026-05-26T00:45:00+00:00,25320.340000000004,25325.350000000002,25307.58,25312.590000000004,1399
2026-05-26T01:00:00+00:00,25312.590000000004,25336.850000000002,25299.58,25330.590000000004,2869
2026-05-26T01:15:00+00:00,25330.590000000004,25346.340000000004,25308.590000000004,25314.600000000002,2511
2026-05-26T01:30:00+00:00,25314.600000000002,25320.33,25289.58,25290.590000000004,2509
2026-05-26T01:45:00+00:00,25290.590000000004,25337.350000000002,25289.58,25322.58,2033
2026-05-26T02:00:00+00:00,25322.58,25333.350000000002,25310.590000000004,25320.83,1313
2026-05-26T02:15:00+00:00,25320.83,25330.350000000002,25308.58,25312.340000000004,1234
2026-05-26T02:30:00+00:00,25312.340000000004,25337.350000000002,25311.590000000004,25323.590000000004,1511
2026-05-26T02:45:00+00:00,25323.590000000004,25348.340000000004,25319.58,25337.33,1130
2026-05-26T03:00:00+00:00,25337.33,25343.340000000004,25308.58,25309.590000000004,1076
2026-05-26T03:15:00+00:00,25309.590000000004,25351.340000000004,25308.590000000004,25340.600000000002,1053
2026-05-26T03:30:00+00:00,25340.600000000002,25355.850000000002,25334.58,25335.83,1303
2026-05-26T03:45:00+00:00,25335.83,25359.83,25327.590000000004,25352.33,835
2026-05-26T04:00:00+00:00,25352.33,25353.850000000002,25317.58,25346.340000000004,866
2026-05-26T04:15:00+00:00,25346.340000000004,25354.340000000004,25334.590000000004,25344.840000000004,772
2026-05-26T04:30:00+00:00,25344.840000000004,25351.83,25326.58,25333.33,1124
2026-05-26T04:45:00+00:00,25333.33,25334.850000000002,25310.58,25326.33,1129
2026-05-26T05:00:00+00:00,25326.33,25328.83,25301.58,25317.340000000004,1129
2026-05-26T05:15:00+00:00,25317.340000000004,25328.850000000002,25306.83,25320.850000000002,754
2026-05-26T05:30:00+00:00,25320.850000000002,25335.350000000002,25301.58,25320.350000000002,1147
2026-05-26T05:45:00+00:00,25320.350000000002,25323.350000000002,25298.58,25310.33,872
2026-05-26T06:00:00+00:00,25310.33,25344.850000000002,25302.340000000004,25343.83,963
2026-05-26T06:15:00+00:00,25343.83,25378.350000000002,25331.850000000002,25359.340000000004,1274
2026-05-26T06:30:00+00:00,25359.340000000004,25385.83,25329.340000000004,25374.33,1374
2026-05-26T06:45:00+00:00,25374.33,25376.850000000002,25350.840000000004,25364.33,1423
2026-05-26T07:00:00+00:00,25364.33,25383.190000000002,25301.180000000004,25350.180000000004,6467
2026-05-26T07:15:00+00:00,25350.180000000004,25351.190000000002,25298.180000000004,25299.7,3901
2026-05-26T07:30:00+00:00,25299.7,25300.2,25249.180000000004,25281.7,4339
2026-05-26T07:45:00+00:00,25281.7,25317.7,25255.190000000002,25279.7,2976
2026-05-26T08:00:00+00:00,25279.7,25293.7,25217.180000000004,25218.2,3335
2026-05-26T08:15:00+00:00,25218.2,25253.690000000002,25216.190000000002,25225.680000000004,2308
2026-05-26T08:30:00+00:00,25225.680000000004,25227.2,25196.2,25219.680000000004,2641
2026-05-26T08:45:00+00:00,25219.680000000004,25221.690000000002,25188.680000000004,25193.690000000002,2136
2026-05-26T09:00:00+00:00,25193.690000000002,25221.2,25179.190000000002,25196.180000000004,2597
2026-05-26T09:15:00+00:00,25196.180000000004,25240.7,25188.690000000002,25238.190000000002,2517
2026-05-26T09:30:00+00:00,25238.190000000002,25248.2,25210.680000000004,25217.190000000002,1878
2026-05-26T09:45:00+00:00,25217.190000000002,25226.2,25209.2,25221.180000000004,1658
2026-05-26T10:00:00+00:00,25221.180000000004,25257.2,25202.7,25252.190000000002,1836
2026-05-26T10:15:00+00:00,25252.190000000002,25293.680000000004,25235.2,25276.690000000002,2110
2026-05-26T10:30:00+00:00,25276.690000000002,25308.2,25250.7,25262.690000000002,2737
2026-05-26T10:45:00+00:00,25262.690000000002,25286.2,25246.180000000004,25279.680000000004,1564
2026-05-26T11:00:00+00:00,25279.680000000004,25298.2,25275.690000000002,25280.180000000004,1433
2026-05-26T11:15:00+00:00,25280.180000000004,25283.7,25253.680000000004,25254.190000000002,1372
2026-05-26T11:30:00+00:00,25254.190000000002,25264.2,25217.180000000004,25262.180000000004,3459
2026-05-26T11:45:00+00:00,25262.180000000004,25283.680000000004,25258.190000000002,25267.180000000004,1298
2026-05-26T12:00:00+00:00,25267.180000000004,25283.2,25230.180000000004,25276.7,2452
2026-05-26T12:15:00+00:00,25276.7,25292.7,25272.680000000004,25284.190000000002,1453
2026-05-26T12:30:00+00:00,25284.190000000002,25287.690000000002,25265.2,25265.680000000004,1300
2026-05-26T12:45:00+00:00,25265.680000000004,25294.7,25261.180000000004,25273.690000000002,1392
2026-05-26T13:00:00+00:00,25273.690000000002,25281.2,25263.690000000002,25278.7,1553
2026-05-26T13:15:00+00:00,25278.7,25297.2,25272.690000000002,25276.2,1384
2026-05-26T13:30:00+00:00,25276.2,25286.7,25257.680000000004,25277.680000000004,3942
2026-05-26T13:45:00+00:00,25277.680000000004,25289.680000000004,25218.7,25262.7,4132
2026-05-26T14:00:00+00:00,25262.7,25295.690000000002,25249.690000000002,25276.2,2976
2026-05-26T14:15:00+00:00,25276.2,25283.690000000002,25243.680000000004,25256.690000000002,2606
2026-05-26T14:30:00+00:00,25256.690000000002,25260.7,25219.690000000002,25229.7,3196
2026-05-26T14:45:00+00:00,25229.7,25254.180000000004,25223.2,25246.7,2234
2026-05-26T15:00:00+00:00,25246.7,25248.7,25212.680000000004,25214.2,2952
2026-05-26T15:15:00+00:00,25214.2,25221.2,25196.690000000002,25210.2,2791
2026-05-26T15:30:00+00:00,25210.2,25225.2,25169.680000000004,25187.190000000002,2819
2026-05-26T15:45:00+00:00,25187.190000000002,25205.7,25181.180000000004,25203.690000000002,2520
2026-05-26T16:00:00+00:00,25203.690000000002,25219.350000000002,25198.840000000004,25200.33,1614
2026-05-26T16:15:00+00:00,25200.33,25221.350000000002,25195.33,25217.840000000004,1232
2026-05-26T16:30:00+00:00,25217.840000000004,25237.850000000002,25201.83,25204.840000000004,1259
2026-05-26T16:45:00+00:00,25204.840000000004,25210.350000000002,25195.83,25203.850000000002,1208
2026-05-26T17:00:00+00:00,25203.850000000002,25212.350000000002,25194.83,25211.840000000004,915
2026-05-26T17:15:00+00:00,25211.840000000004,25213.350000000002,25187.340000000004,25190.83,1162
2026-05-26T17:30:00+00:00,25190.83,25205.350000000002,25188.83,25193.850000000002,907
2026-05-26T17:45:00+00:00,25193.850000000002,25202.850000000002,25189.340000000004,25191.850000000002,715
2026-05-26T18:00:00+00:00,25191.850000000002,25208.33,25180.340000000004,25207.33,657
2026-05-26T18:15:00+00:00,25207.33,25210.340000000004,25197.850000000002,25200.350000000002,696
2026-05-26T18:30:00+00:00,25200.350000000002,25215.350000000002,25199.850000000002,25212.840000000004,805
2026-05-26T18:45:00+00:00,25212.840000000004,25215.850000000002,25205.83,25210.350000000002,803
2026-05-26T19:00:00+00:00,25210.350000000002,25215.350000000002,25200.350000000002,25210.840000000004,695
2026-05-26T19:15:00+00:00,25210.840000000004,25226.33,25210.340000000004,25224.83,505
2026-05-26T19:30:00+00:00,25224.83,25247.350000000002,25224.83,25235.83,457
2026-05-26T19:45:00+00:00,25235.83,25255.340000000004,25232.33,25246.08,1073
2026-05-27T00:30:00+00:00,25246.08,25270.15,25246.08,25259.140000000003,1176
2026-05-27T00:45:00+00:00,25259.140000000003,25273.9,25259.140000000003,25267.140000000003,1640
2026-05-27T01:00:00+00:00,25267.140000000003,25272.9,25254.13,25263.390000000003,2989
2026-05-27T01:15:00+00:00,25263.390000000003,25270.4,25241.13,25248.38,1272
2026-05-27T01:30:00+00:00,25248.38,25255.890000000003,25238.13,25244.15,2282
2026-05-27T01:45:00+00:00,25244.15,25249.9,25234.13,25238.390000000003,1059
2026-05-27T02:00:00+00:00,25238.390000000003,25250.9,25231.13,25242.9,1473
2026-05-27T02:15:00+00:00,25242.9,25259.9,25242.390000000003,25254.15,1179
2026-05-27T02:30:00+00:00,25254.15,25260.9,25232.38,25244.88,838
2026-05-27T02:45:00+00:00,25244.88,25267.38,25244.88,25248.890000000003,741
2026-05-27T03:00:00+00:00,25248.890000000003,25260.9,25245.140000000003,25253.9,1218
2026-05-27T03:15:00+00:00,25253.9,25254.9,25237.140000000003,25244.140000000003,835
2026-05-27T03:30:00+00:00,25244.140000000003,25251.4,25237.15,25244.13,553
2026-05-27T03:45:00+00:00,25244.13,25247.890000000003,25222.13,25226.140000000003,983
2026-05-27T04:00:00+00:00,25226.140000000003,25250.4,25221.140000000003,25245.13,993
2026-05-27T04:15:00+00:00,25245.13,25249.9,25223.13,25227.390000000003,1055
2026-05-27T04:30:00+00:00,25227.390000000003,25254.9,25220.140000000003,25254.9,882
2026-05-27T04:45:00+00:00,25254.9,25265.890000000003,25245.15,25260.4,811
2026-05-27T05:00:00+00:00,25260.4,25277.890000000003,25245.4,25276.4,1386
2026-05-27T05:15:00+00:00,25276.4,25284.390000000003,25250.4,25279.88,1017
2026-05-27T05:30:00+00:00,25279.88,25288.4,25255.140000000003,25275.13,2328
2026-05-27T05:45:00+00:00,25275.13,25293.890000000003,25272.13,25285.9,1182
2026-05-27T06:00:00+00:00,25285.9,25303.4,25270.890000000003,25277.390000000003,1046
2026-05-27T06:15:00+00:00,25277.390000000003,25287.4,25267.88,25276.390000000003,871
2026-05-27T06:30:00+00:00,25276.390000000003,25276.4,25252.88,25270.9,904
2026-05-27T06:45:00+00:00,25270.9,25300.38,25267.4,25293.390000000003,1077
2026-05-27T07:00:00+00:00,25293.390000000003,25342.730000000003,25291.24,25327.250000000004,4936
2026-05-27T07:15:00+00:00,25327.250000000004,25372.74,25317.230000000003,25341.730000000003,3537
2026-05-27T07:30:00+00:00,25341.730000000003,25363.250000000004,25327.230000000003,25347.750000000004,2973
2026-05-27T07:45:00+00:00,25347.750000000004,25362.250000000004,25337.730000000003,25349.250000000004,2273
2026-05-27T08:00:00+00:00,25349.250000000004,25380.74,25325.230000000003,25358.74,3491
2026-05-27T08:15:00+00:00,25358.74,25364.250000000004,25317.74,25354.730000000003,2832
2026-05-27T08:30:00+00:00,25354.730000000003,25361.230000000003,25333.24,25339.250000000004,2538
2026-05-27T08:45:00+00:00,25339.250000000004,25367.230000000003,25329.230000000003,25344.750000000004,1907
2026-05-27T09:00:00+00:00,25344.750000000004,25387.730000000003,25341.230000000003,25380.750000000004,2274
2026-05-27T09:15:00+00:00,25380.750000000004,25404.750000000004,25361.230000000003,25367.24,1808
2026-05-27T09:30:00+00:00,25367.24,25384.750000000004,25365.730000000003,25372.230000000003,1499
2026-05-27T09:45:00+00:00,25372.230000000003,25389.730000000003,25357.250000000004,25364.750000000004,1581
2026-05-27T10:00:00+00:00,25364.750000000004,25390.74,25351.24,25387.24,2067
2026-05-27T10:15:00+00:00,25387.24,25387.24,25355.250000000004,25357.24,1260
2026-05-27T10:30:00+00:00,25357.24,25361.24,25329.730000000003,25345.230000000003,1585
2026-05-27T10:45:00+00:00,25345.230000000003,25372.230000000003,25345.230000000003,25361.24,1329
2026-05-27T11:00:00+00:00,25361.24,25370.730000000003,25308.74,25320.250000000004,1775
2026-05-27T11:15:00+00:00,25320.250000000004,25340.730000000003,25299.230000000003,25300.24,2018
2026-05-27T11:30:00+00:00,25300.24,25317.24,25268.24,25299.250000000004,1522
2026-05-27T11:45:00+00:00,25299.250000000004,25305.230000000003,25267.730000000003,25269.230000000003,1463
2026-05-27T12:00:00+00:00,25269.230000000003,25272.24,25239.24,25241.24,1506
2026-05-27T12:15:00+00:00,25241.24,25382.24,25236.230000000003,25358.74,9797
2026-05-27T12:30:00+00:00,25358.74,25370.74,25295.730000000003,25333.730000000003,5288
2026-05-27T12:45:00+00:00,25333.730000000003,25335.250000000004,25261.230000000003,25270.230000000003,3460
2026-05-27T13:00:00+00:00,25270.230000000003,25293.750000000004,25257.250000000004,25282.730000000003,3088
2026-05-27T13:15:00+00:00,25282.730000000003,25283.250000000004,25253.13,25258.24,2554
2026-05-27T13:30:00+00:00,25258.24,25271.750000000004,25222.750000000004,25231.250000000004,5534
2026-05-27T13:45:00+00:00,25231.250000000004,25269.250000000004,25226.730000000003,25262.230000000003,5400
2026-05-27T14:00:00+00:00,25262.230000000003,25273.730000000003,25226.230000000003,25235.24,4081
2026-05-27T14:15:00+00:00,25235.24,25243.24,25179.74,25212.250000000004,4986
2026-05-27T14:30:00+00:00,25212.250000000004,25221.250000000004,25109.140000000003,25184.230000000003,6299
2026-05-27T14:45:00+00:00,25184.230000000003,25227.74,25181.24,25224.74,3290.8086612484212
2026-05-27T15:00:00+00:00,25224.74,25247.730000000003,25196.250000000004,25208.74,3881
2026-05-27T15:15:00+00:00,25208.74,25227.24,25196.230000000003,25224.230000000003,3201
2026-05-27T15:30:00+00:00,25224.230000000003,25247.74,25147.24,25154.250000000004,4033
2026-05-27T15:45:00+00:00,25154.250000000004,25182.74,25140.74,25170.730000000003,3047
2026-05-27T16:00:00+00:00,25170.730000000003,25191.390000000003,25142.890000000003,25185.4,2388
2026-05-27T16:15:00+00:00,25185.4,25205.38,25181.390000000003,25194.890000000003,1295
2026-05-27T16:30:00+00:00,25194.890000000003,25214.4,25187.890000000003,25203.38,1051
2026-05-27T16:45:00+00:00,25203.38,25209.4,25197.38,25199.390000000003,851
2026-05-27T17:00:00+00:00,25199.390000000003,25203.9,25160.38,25173.4,1789
2026-05-27T17:15:00+00:00,25173.4,25191.88,25167.390000000003,25180.38,918
2026-05-27T17:30:00+00:00,25180.38,25186.4,25172.890000000003,25174.4,697
2026-05-27T17:45:00+00:00,25174.4,25190.38,25168.390000000003,25173.4,704
2026-05-27T18:00:00+00:00,25173.4,25181.38,25156.390000000003,25181.38,675
2026-05-27T18:15:00+00:00,25181.38,25203.38,25179.38,25201.88,796
2026-05-27T18:30:00+00:00,25201.88,25212.390000000003,25194.890000000003,25200.88,528
2026-05-27T18:45:00+00:00,25200.88,25206.890000000003,25195.390000000003,25199.9,367
2026-05-27T19:00:00+00:00,25199.9,25215.4,25199.9,25214.390000000003,453
2026-05-27T19:15:00+00:00,25214.390000000003,25221.38,25207.38,25209.88,532
2026-05-27T19:30:00+00:00,25209.88,25236.38,25206.38,25233.4,633
2026-05-27T19:45:00+00:00,25233.4,25233.4,25206.88,25216.15,1138
2026-05-28T00:30:00+00:00,25216.15,25216.15,25147.04,25169.04,1946
2026-05-28T00:45:00+00:00,25169.04,25211.81,25169.04,25203.04,1594
2026-05-28T01:00:00+00:00,25203.04,25211.29,25182.050000000003,25196.050000000003,2166
2026-05-28T01:15:00+00:00,25196.050000000003,25201.31,25177.06,25190.06,1788
2026-05-28T01:30:00+00:00,25190.06,25207.81,25159.800000000003,25163.31,1912
2026-05-28T01:45:00+00:00,25163.31,25184.79,25150.81,25184.79,1669
2026-05-28T02:00:00+00:00,25184.79,25199.31,25156.04,25157.800000000003,1888
2026-05-28T02:15:00+00:00,25157.800000000003,25170.300000000003,25147.04,25158.800000000003,1299
2026-05-28T02:30:00+00:00,25158.800000000003,25164.800000000003,25124.29,25127.800000000003,1365
2026-05-28T02:45:00+00:00,25127.800000000003,25137.81,25119.800000000003,25122.31,1240
2026-05-28T03:00:00+00:00,25122.31,25128.800000000003,25086.81,25099.04,1826
2026-05-28T03:15:00+00:00,25099.04,25108.800000000003,25055.79,25063.06,2178
2026-05-28T03:30:00+00:00,25063.06,25067.81,24976.04,24978.04,3851
2026-05-28T03:45:00+00:00,24978.04,24996.800000000003,24967.04,24971.81,3609
2026-05-28T04:00:00+00:00,24971.81,24973.81,24922.050000000003,24932.31,1941
2026-05-28T04:15:00+00:00,24932.31,24949.79,24916.04,24936.29,2506
2026-05-28T04:30:00+00:00,24936.29,24983.29,24935.04,24962.06,1677
2026-05-28T04:45:00+00:00,24962.06,24976.81,24943.050000000003,24964.81,2055
2026-05-28T05:00:00+00:00,24964.81,24983.79,24945.04,24974.04,1866
2026-05-28T05:15:00+00:00,24974.04,25009.300000000003,24946.31,25007.300000000003,1903
2026-05-28T05:30:00+00:00,25007.300000000003,25076.800000000003,25002.04,25066.800000000003,2373
2026-05-28T05:45:00+00:00,25066.800000000003,25079.800000000003,25056.050000000003,25064.300000000003,1273
2026-05-28T06:00:00+00:00,25064.300000000003,25085.800000000003,25053.29,25076.81,1170
2026-05-28T06:15:00+00:00,25076.81,25100.29,25073.29,25089.79,875
2026-05-28T06:30:00+00:00,25089.79,25094.29,25061.300000000003,25084.300000000003,1062
2026-05-28T06:45:00+00:00,25084.300000000003,25109.79,25071.79,25095.800000000003,1365
2026-05-28T07:00:00+00:00,25095.800000000003,25171.660000000003,25080.160000000003,25145.160000000003,4942
2026-05-28T07:15:00+00:00,25145.160000000003,25161.160000000003,25132.140000000003,25152.65,3216
2026-05-28T07:30:00+00:00,25152.65,25164.160000000003,25123.140000000003,25136.160000000003,3059
2026-05-28T07:45:00+00:00,25136.160000000003,25153.65,25101.140000000003,25152.140000000003,3084
2026-05-28T08:00:00+00:00,25152.140000000003,25187.160000000003,25134.640000000003,25178.140000000003,4071
2026-05-28T08:15:00+00:00,25178.140000000003,25182.660000000003,25132.15,25151.160000000003,2933
2026-05-28T08:30:00+00:00,25151.160000000003,25157.160000000003,25129.15,25147.160000000003,2377
2026-05-28T08:45:00+00:00,25147.160000000003,25171.660000000003,25143.140000000003,25171.140000000003,1640
2026-05-28T09:00:00+00:00,25171.140000000003,25189.640000000003,25148.640000000003,25170.640000000003,1974
2026-05-28T09:15:00+00:00,25170.640000000003,25186.640000000003,25158.660000000003,25163.640000000003,1845
2026-05-28T09:30:00+00:00,25163.640000000003,25165.140000000003,25118.15,25126.640000000003,1927
2026-05-28T09:45:00+00:00,25126.640000000003,25165.15,25124.140000000003,25135.65,1663
2026-05-28T10:00:00+00:00,25135.65,25149.660000000003,25116.140000000003,25132.160000000003,1741
2026-05-28T10:15:00+00:00,25132.160000000003,25136.660000000003,25095.640000000003,25104.15,2211
2026-05-28T10:30:00+00:00,25104.15,25112.160000000003,25073.160000000003,25079.15,1888
2026-05-28T10:45:00+00:00,25079.15,25093.160000000003,25014.640000000003,25049.65,3666
2026-05-28T11:00:00+00:00,25049.65,25079.660000000003,25041.15,25054.140000000003,3238
2026-05-28T11:15:00+00:00,25054.140000000003,25079.160000000003,25053.140000000003,25072.15,2019
2026-05-28T11:30:00+00:00,25072.15,25081.640000000003,25049.65,25069.140000000003,1644
2026-05-28T11:45:00+00:00,25069.140000000003,25069.660000000003,25037.140000000003,25037.140000000003,1475
2026-05-28T12:00:00+00:00,25037.140000000003,25046.140000000003,25021.160000000003,25045.640000000003,1530
2026-05-28T12:15:00+00:00,25045.640000000003,25049.15,25004.160000000003,25021.06,1527
2026-05-28T12:30:00+00:00,25021.06,25072.660000000003,25018.04,25069.160000000003,2421
2026-05-28T12:45:00+00:00,25069.160000000003,25089.160000000003,25061.15,25083.160000000003,2147
2026-05-28T13:00:00+00:00,25083.160000000003,25109.160000000003,25049.660000000003,25054.660000000003,2370
2026-05-28T13:15:00+00:00,25054.660000000003,25059.15,25022.640000000003,25023.160000000003,1914
2026-05-28T13:30:00+00:00,25023.160000000003,25040.140000000003,24979.640000000003,25038.15,3970
2026-05-28T13:45:00+00:00,25038.15,25056.140000000003,25006.65,25049.160000000003,3421
2026-05-28T14:00:00+00:00,25049.160000000003,25262.65,25011.15,25195.15,8708
2026-05-28T14:15:00+00:00,25195.15,25206.160000000003,25114.15,25134.640000000003,8082
2026-05-28T14:30:00+00:00,25134.640000000003,25146.65,25084.15,25115.640000000003,5328
2026-05-28T14:45:00+00:00,25115.640000000003,25119.160000000003,25020.660000000003,25059.15,5953
2026-05-28T15:00:00+00:00,25059.15,25103.65,25053.140000000003,25087.140000000003,3887
2026-05-28T15:15:00+00:00,25087.140000000003,25108.640000000003,25058.640000000003,25103.160000000003,2731
2026-05-28T15:30:00+00:00,25103.160000000003,25107.140000000003,25071.140000000003,25085.660000000003,2615
2026-05-28T15:45:00+00:00,25085.660000000003,25107.15,25081.140000000003,25096.140000000003,1099
2026-05-28T16:00:00+00:00,25096.140000000003,25114.81,25078.31,25114.81,1072
2026-05-28T16:15:00+00:00,25114.81,25166.81,25105.31,25139.29,2136
2026-05-28T16:30:00+00:00,25139.29,25139.79,25115.300000000003,25132.800000000003,919
2026-05-28T16:45:00+00:00,25132.800000000003,25166.29,25132.800000000003,25161.300000000003,893
2026-05-28T17:00:00+00:00,25161.300000000003,25165.81,25138.79,25141.800000000003,733
2026-05-28T17:15:00+00:00,25141.800000000003,25152.31,25131.79,25133.79,649
2026-05-28T17:30:00+00:00,25133.79,25143.81,25125.29,25127.29,461
2026-05-28T17:45:00+00:00,25127.29,25137.81,25127.29,25132.79,507
2026-05-28T18:00:00+00:00,25132.79,25139.81,25117.29,25121.300000000003,704
2026-05-28T18:15:00+00:00,25121.300000000003,25145.300000000003,25107.31,25111.29,1709
2026-05-28T18:30:00+00:00,25111.29,25111.300000000003,25086.800000000003,25097.300000000003,744
2026-05-28T18:45:00+00:00,25097.300000000003,25117.81,25095.79,25102.79,525
2026-05-28T19:00:00+00:00,25102.79,25111.31,25095.79,25097.31,329
2026-05-28T19:15:00+00:00,25097.31,25099.800000000003,25088.31,25093.79,461
2026-05-28T19:30:00+00:00,25093.79,25106.81,25093.31,25093.31,645
2026-05-28T19:45:00+00:00,25093.31,25110.31,25088.29,25095.56,1155
2026-05-29T00:30:00+00:00,25095.56,25095.56,25070.750000000004,25080.770000000004,799
2026-05-29T00:45:00+00:00,25080.770000000004,25087.020000000004,25062.260000000002,25080.250000000004,1045.0110601564606
2026-05-29T01:00:00+00:00,25080.250000000004,25116.000000000004,25068.250000000004,25097.250000000004,2000
2026-05-29T01:15:00+00:00,25097.250000000004,25118.010000000002,25090.250000000004,25097.260000000002,2122
2026-05-29T01:30:00+00:00,25097.260000000002,25120.520000000004,25085.250000000004,25116.260000000002,2214
2026-05-29T01:45:00+00:00,25116.260000000002,25121.020000000004,25098.260000000002,25107.510000000002,1139
2026-05-29T02:00:00+00:00,25107.510000000002,25125.520000000004,25105.270000000004,25125.020000000004,1264
2026-05-29T02:15:00+00:00,25125.020000000004,25134.020000000004,25100.260000000002,25105.510000000002,1319
2026-05-29T02:30:00+00:00,25105.510000000002,25123.010000000002,25105.000000000004,25111.010000000002,1017
2026-05-29T02:45:00+00:00,25111.010000000002,25116.510000000002,25103.250000000004,25111.250000000004,1351
2026-05-29T03:00:00+00:00,25111.250000000004,25147.020000000004,25108.260000000002,25141.510000000002,1195
2026-05-29T03:15:00+00:00,25141.510000000002,25154.520000000004,25134.270000000004,25148.500000000004,907
2026-05-29T03:30:00+00:00,25148.500000000004,25158.020000000004,25143.250000000004,25154.010000000002,870
2026-05-29T03:45:00+00:00,25154.010000000002,25161.000000000004,25135.250000000004,25145.500000000004,1310
2026-05-29T04:00:00+00:00,25145.500000000004,25160.520000000004,25142.250000000004,25159.020000000004,873
2026-05-29T04:15:00+00:00,25159.020000000004,25177.020000000004,25152.260000000002,25176.000000000004,1212
2026-05-29T04:30:00+00:00,25176.000000000004,25178.000000000004,25167.270000000004,25175.020000000004,435
2026-05-29T04:45:00+00:00,25175.020000000004,25175.020000000004,25163.250000000004,25168.260000000002,752
2026-05-29T05:00:00+00:00,25168.260000000002,25181.520000000004,25160.260000000002,25169.000000000004,661
2026-05-29T05:15:00+00:00,25169.000000000004,25178.000000000004,25162.250000000004,25173.010000000002,600
2026-05-29T05:30:00+00:00,25173.010000000002,25173.010000000002,25148.250000000004,25171.020000000004,851
2026-05-29T05:45:00+00:00,25171.020000000004,25177.020000000004,25162.250000000004,25170.010000000002,645
2026-05-29T06:00:00+00:00,25170.010000000002,25181.510000000002,25160.000000000004,25167.020000000004,845
2026-05-29T06:15:00+00:00,25167.020000000004,25186.510000000002,25147.500000000004,25149.010000000002,950
2026-05-29T06:30:00+00:00,25149.010000000002,25164.510000000002,25144.510000000002,25162.010000000002,979
2026-05-29T06:45:00+00:00,25162.010000000002,25203.520000000004,25155.020000000004,25185.500000000004,1050
2026-05-29T07:00:00+00:00,25185.500000000004,25186.86,25110.350000000002,25140.370000000003,4826
2026-05-29T07:15:00+00:00,25140.370000000003,25146.370000000003,25078.350000000002,25121.36,3681
2026-05-29T07:30:00+00:00,25121.36,25135.870000000003,25105.370000000003,25121.870000000003,3614
2026-05-29T07:45:00+00:00,25121.870000000003,25172.850000000002,25113.370000000003,25166.350000000002,1961
2026-05-29T08:00:00+00:00,25166.350000000002,25187.370000000003,25141.350000000002,25168.870000000003,2928
2026-05-29T08:15:00+00:00,25168.870000000003,25176.370000000003,25149.850000000002,25168.36,2264
2026-05-29T08:30:00+00:00,25168.36,25175.850000000002,25145.36,25154.350000000002,1744
2026-05-29T08:45:00+00:00,25154.350000000002,25157.370000000003,25116.350000000002,25121.36,1827
2026-05-29T09:00:00+00:00,25121.36,25164.350000000002,25110.850000000002,25151.850000000002,2760
2026-05-29T09:15:00+00:00,25151.850000000002,25187.870000000003,25142.36,25168.36,2451
2026-05-29T09:30:00+00:00,25168.36,25191.370000000003,25165.870000000003,25180.350000000002,1947
2026-05-29T09:45:00+00:00,25180.350000000002,25205.870000000003,25154.850000000002,25157.870000000003,2357
2026-05-29T10:00:00+00:00,25157.870000000003,25163.36,25105.36,25121.370000000003,2001
2026-05-29T10:15:00+00:00,25121.370000000003,25157.870000000003,25117.870000000003,25128.370000000003,1691
2026-05-29T10:30:00+00:00,25128.370000000003,25144.36,25114.86,25140.350000000002,1684
2026-05-29T10:45:00+00:00,25140.350000000002,25155.870000000003,25134.370000000003,25140.870000000003,1199
2026-05-29T11:00:00+00:00,25140.870000000003,25154.870000000003,25111.36,25134.850000000002,1656
2026-05-29T11:15:00+00:00,25134.850000000002,25146.870000000003,25093.350000000002,25095.36,1646
2026-05-29T11:30:00+00:00,25095.36,25098.870000000003,25059.850000000002,25084.36,1844
2026-05-29T11:45:00+00:00,25084.36,25100.36,25030.350000000002,25095.86,2770
2026-05-29T12:00:00+00:00,25095.86,25113.370000000003,25061.36,25106.370000000003,2126
2026-05-29T12:15:00+00:00,25106.370000000003,25120.370000000003,25097.350000000002,25108.36,1518
2026-05-29T12:30:00+00:00,25108.36,25121.370000000003,25071.250000000004,25112.850000000002,2759
2026-05-29T12:45:00+00:00,25112.850000000002,25119.370000000003,25087.86,25108.370000000003,1892
2026-05-29T13:00:00+00:00,25108.370000000003,25139.86,25103.870000000003,25111.850000000002,1912
2026-05-29T13:15:00+00:00,25111.850000000002,25115.870000000003,25062.850000000002,25079.36,2207
2026-05-29T13:30:00+00:00,25079.36,25095.36,25043.850000000002,25064.86,3688
2026-05-29T13:45:00+00:00,25064.86,25088.370000000003,25049.36,25054.370000000003,2822
2026-05-29T14:00:00+00:00,25054.370000000003,25076.370000000003,25038.870000000003,25062.350000000002,3214
2026-05-29T14:15:00+00:00,25062.350000000002,25088.370000000003,25046.350000000002,25080.350000000002,3349
2026-05-29T14:30:00+00:00,25080.350000000002,25114.870000000003,25076.350000000002,25088.350000000002,3531
2026-05-29T14:45:00+00:00,25088.350000000002,25197.86,25069.370000000003,25151.850000000002,6723.26994392652
2026-05-29T15:00:00+00:00,25151.850000000002,25200.84,25138.84,25193.83,4162
2026-05-29T15:15:00+00:00,25193.83,25208.33,25116.33,25127.33,3800
2026-05-29T15:30:00+00:00,25127.33,25146.83,25052.84,25089.33,7559
2026-05-29T15:45:00+00:00,25089.33,25119.84,25080.350000000002,25111.350000000002,3196
2026-05-29T16:00:00+00:00,25111.350000000002,25127.99,25102.49,25120.000000000004,1407
2026-05-29T16:15:00+00:00,25120.000000000004,25121.480000000003,25095.480000000003,25104.49,1084
2026-05-29T16:30:00+00:00,25104.49,25135.000000000004,25098.99,25125.500000000004,1814
2026-05-29T16:45:00+00:00,25125.500000000004,25125.500000000004,25101.500000000004,25109.000000000004,1261
2026-05-29T17:00:00+00:00,25109.000000000004,25120.99,25099.99,25110.480000000003,903
2026-05-29T17:15:00+00:00,25110.480000000003,25119.99,25096.480000000003,25102.99,1223
2026-05-29T17:30:00+00:00,25102.99,25107.99,25089.49,25094.480000000003,846
2026-05-29T17:45:00+00:00,25094.480000000003,25096.000000000004,25058.99,25060.49,752
2026-05-29T18:00:00+00:00,25060.49,25076.980000000003,25059.49,25065.49,796
2026-05-29T18:15:00+00:00,25065.49,25075.500000000004,25059.49,25066.99,812
2026-05-29T18:30:00+00:00,25066.99,25087.500000000004,25066.99,25073.99,512
2026-05-29T18:45:00+00:00,25073.99,25073.99,25026.980000000003,25041.99,2107
2026-05-29T19:00:00+00:00,25041.99,25069.000000000004,25036.480000000003,25059.000000000004,813
2026-05-29T19:15:00+00:00,25059.000000000004,25072.000000000004,25051.000000000004,25070.49,488
2026-05-29T19:30:00+00:00,25070.49,25078.500000000004,25055.480000000003,25055.480000000003,711
2026-05-29T19:45:00+00:00,25055.480000000003,25074.500000000004,25045.99,25052.230000000003,1466
2026-06-01T00:30:00+00:00,25052.230000000003,25117.120000000003,25052.230000000003,25109.620000000003,1109
2026-06-01T00:45:00+00:00,25109.620000000003,25122.120000000003,25101.86,25118.620000000003,1092
2026-06-01T01:00:00+00:00,25118.620000000003,25128.100000000002,25087.86,25112.620000000003,1790
2026-06-01T01:15:00+00:00,25112.620000000003,25132.620000000003,25105.86,25112.620000000003,1267
2026-06-01T01:30:00+00:00,25112.620000000003,25134.11,25105.850000000002,25128.86,1457
2026-06-01T01:45:00+00:00,25128.86,25135.600000000002,25120.850000000002,25129.600000000002,1507
2026-06-01T02:00:00+00:00,25129.600000000002,25135.620000000003,25122.850000000002,25135.120000000003,1096
2026-06-01T02:15:00+00:00,25135.120000000003,25148.120000000003,25130.850000000002,25143.620000000003,626
2026-06-01T02:30:00+00:00,25143.620000000003,25148.11,25125.86,25131.850000000002,1151
2026-06-01T02:45:00+00:00,25131.850000000002,25136.620000000003,25125.86,25135.61,842
2026-06-01T03:00:00+00:00,25135.61,25144.620000000003,25128.850000000002,25132.100000000002,736
2026-06-01T03:15:00+00:00,25132.100000000002,25133.620000000003,25106.850000000002,25122.11,1139
2026-06-01T03:30:00+00:00,25122.11,25141.11,25090.86,25092.61,1087
2026-06-01T03:45:00+00:00,25092.61,25095.620000000003,25079.61,25085.86,1206
2026-06-01T04:00:00+00:00,25085.86,25107.61,25079.86,25107.100000000002,1081
2026-06-01T04:15:00+00:00,25107.100000000002,25122.620000000003,25101.850000000002,25119.120000000003,955
2026-06-01T04:30:00+00:00,25119.120000000003,25139.100000000002,25111.850000000002,25136.11,783
2026-06-01T04:45:00+00:00,25136.11,25136.11,25114.850000000002,25120.870000000003,743
2026-06-01T05:00:00+00:00,25120.870000000003,25129.100000000002,25113.850000000002,25123.600000000002,673
2026-06-01T05:15:00+00:00,25123.600000000002,25123.620000000003,25101.850000000002,25103.600000000002,896
2026-06-01T05:30:00+00:00,25103.600000000002,25132.100000000002,25101.850000000002,25131.620000000003,1117
2026-06-01T05:45:00+00:00,25131.620000000003,25135.61,25125.100000000002,25130.61,484
2026-06-01T06:00:00+00:00,25130.61,25141.120000000003,25115.61,25127.620000000003,1324
2026-06-01T06:15:00+00:00,25127.620000000003,25132.120000000003,25078.11,25081.11,902
2026-06-01T06:30:00+00:00,25081.11,25099.600000000002,25073.600000000002,25087.620000000003,1028
2026-06-01T06:45:00+00:00,25087.620000000003,25097.61,25059.11,25090.100000000002,1574
2026-06-01T07:00:00+00:00,25090.100000000002,25155.960000000003,25064.47,25133.960000000003,6064
2026-06-01T07:15:00+00:00,25133.960000000003,25140.97,25104.47,25120.45,4396
2026-06-01T07:30:00+00:00,25120.45,25128.95,25090.45,25096.95,3007
2026-06-01T07:45:00+00:00,25096.95,25140.97,25089.45,25134.97,2112
2026-06-01T08:00:00+00:00,25134.97,25188.460000000003,25131.97,25154.460000000003,3380
2026-06-01T08:15:00+00:00,25154.460000000003,25154.97,25121.45,25142.460000000003,2929
2026-06-01T08:30:00+00:00,25142.460000000003,25151.45,25101.45,25150.960000000003,2745
2026-06-01T08:45:00+00:00,25150.960000000003,25158.97,25122.95,25151.47,2331
2026-06-01T09:00:00+00:00,25151.47,25196.97,25148.850000000002,25195.47,2039
2026-06-01T09:15:00+00:00,25195.47,25208.460000000003,25170.460000000003,25207.45,1845
2026-06-01T09:30:00+00:00,25207.45,25216.45,25162.97,25163.97,2129
2026-06-01T09:45:00+00:00,25163.97,25165.97,25121.45,25143.97,2203
2026-06-01T10:00:00+00:00,25143.97,25186.47,25128.95,25173.45,1956
2026-06-01T10:15:00+00:00,25173.45,25197.960000000003,25164.460000000003,25190.95,1776
2026-06-01T10:30:00+00:00,25190.95,25210.47,25189.95,25210.45,1551
2026-06-01T10:45:00+00:00,25210.45,25253.45,25200.47,25212.97,2646
2026-06-01T11:00:00+00:00,25212.97,25229.960000000003,25176.960000000003,25189.97,2595
2026-06-01T11:15:00+00:00,25189.97,25199.960000000003,25177.95,25196.960000000003,1745
2026-06-01T11:30:00+00:00,25196.960000000003,25249.95,25190.95,25231.45,2206
2026-06-01T11:45:00+00:00,25231.45,25243.97,25208.460000000003,25238.97,2157
2026-06-01T12:00:00+00:00,25238.97,25255.460000000003,25219.45,25219.45,2451
2026-06-01T12:15:00+00:00,25219.45,25264.95,25214.45,25253.95,2645
2026-06-01T12:30:00+00:00,25253.95,25287.460000000003,25235.95,25277.97,3074
2026-06-01T12:45:00+00:00,25277.97,25305.47,25259.47,25268.47,3274
2026-06-01T13:00:00+00:00,25268.47,25272.95,24974.850000000002,25056.960000000003,10920
2026-06-01T13:15:00+00:00,25056.960000000003,25117.95,24999.45,25013.97,12348
2026-06-01T13:30:00+00:00,25013.97,25029.460000000003,24961.47,25007.47,10614
2026-06-01T13:45:00+00:00,25007.47,25036.97,24919.47,24929.850000000002,8466
2026-06-01T14:00:00+00:00,24929.850000000002,24995.47,24895.850000000002,24983.45,7304
2026-06-01T14:15:00+00:00,24983.45,25046.97,24928.460000000003,24962.95,8040
2026-06-01T14:30:00+00:00,24962.95,25001.47,24925.95,24964.960000000003,5054
2026-06-01T14:45:00+00:00,24964.960000000003,24968.97,24910.95,24920.960000000003,3620
2026-06-01T15:00:00+00:00,24920.960000000003,24994.460000000003,24904.460000000003,24979.960000000003,5037
2026-06-01T15:15:00+00:00,24979.960000000003,25002.460000000003,24959.45,24989.460000000003,3269
2026-06-01T15:30:00+00:00,24989.460000000003,25071.97,24985.97,25021.960000000003,6919
2026-06-01T15:45:00+00:00,25021.960000000003,25024.95,24986.95,24989.960000000003,2055
2026-06-01T16:00:00+00:00,24989.960000000003,25016.120000000003,24971.100000000002,24982.11,2568
2026-06-01T16:15:00+00:00,24982.11,24984.120000000003,24953.600000000002,24979.61,2019
2026-06-01T16:30:00+00:00,24979.61,25006.61,24978.100000000002,24992.600000000002,2084
2026-06-01T16:45:00+00:00,24992.600000000002,25064.61,24983.61,25057.11,3272
2026-06-01T17:00:00+00:00,25057.11,25063.120000000003,25018.120000000003,25033.100000000002,1710
2026-06-01T17:15:00+00:00,25033.100000000002,25106.600000000002,25028.61,25099.120000000003,1345
2026-06-01T17:30:00+00:00,25099.120000000003,25184.600000000002,25070.100000000002,25115.61,4285
2026-06-01T17:45:00+00:00,25115.61,25125.620000000003,25102.100000000002,25111.620000000003,1411
2026-06-01T18:00:00+00:00,25111.620000000003,25132.11,25111.620000000003,25116.61,845
2026-06-01T18:15:00+00:00,25116.61,25126.61,25110.11,25116.11,792
2026-06-01T18:30:00+00:00,25116.11,25118.61,25106.600000000002,25115.100000000002,499
2026-06-01T18:45:00+00:00,25115.100000000002,25119.600000000002,25110.100000000002,25112.100000000002,411
2026-06-01T19:00:00+00:00,25112.100000000002,25124.61,25104.11,25114.100000000002,707
2026-06-01T19:15:00+00:00,25114.100000000002,25130.120000000003,25113.600000000002,25130.11,501
2026-06-01T19:30:00+00:00,25130.11,25130.11,25103.100000000002,25110.100000000002,655
2026-06-01T19:45:00+00:00,25110.100000000002,25112.620000000003,25074.600000000002,25077.86,1019
2026-06-02T00:30:00+00:00,25077.86,25077.86,25001.43,25016.160000000003,1690
2026-06-02T00:45:00+00:00,25016.160000000003,25017.660000000003,24975.420000000002,24988.670000000002,1706
2026-06-02T01:00:00+00:00,24988.670000000002,25041.170000000002,24983.43,25037.410000000003,5300
2026-06-02T01:15:00+00:00,25037.410000000003,25051.18,25013.410000000003,25033.660000000003,3123
2026-06-02T01:30:00+00:00,25033.660000000003,25068.670000000002,25018.410000000003,25032.420000000002,2682
2026-06-02T01:45:00+00:00,25032.420000000002,25034.170000000002,25001.410000000003,25015.160000000003,2692
2026-06-02T02:00:00+00:00,25015.160000000003,25041.18,25013.410000000003,25038.68,3404
2026-06-02T02:15:00+00:00,25038.68,25054.18,25020.420000000002,25047.43,2653
2026-06-02T02:30:00+00:00,25047.43,25061.670000000002,25043.410000000003,25057.18,1716
2026-06-02T02:45:00+00:00,25057.18,25066.160000000003,25047.410000000003,25060.170000000002,1956
2026-06-02T03:00:00+00:00,25060.170000000002,25070.170000000002,25037.410000000003,25060.170000000002,1368
2026-06-02T03:15:00+00:00,25060.170000000002,25067.660000000003,25035.670000000002,25043.660000000003,1754
2026-06-02T03:30:00+00:00,25043.660000000003,25067.68,25030.410000000003,25066.160000000003,2518
2026-06-02T03:45:00+00:00,25066.160000000003,25083.68,25060.410000000003,25076.43,1587
2026-06-02T04:00:00+00:00,25076.43,25103.170000000002,25075.170000000002,25085.68,1360
2026-06-02T04:15:00+00:00,25085.68,25094.18,25075.410000000003,25084.420000000002,1138
2026-06-02T04:30:00+00:00,25084.420000000002,25099.170000000002,25075.43,25088.170000000002,1040
2026-06-02T04:45:00+00:00,25088.170000000002,25118.660000000003,25082.43,25118.660000000003,1239
2026-06-02T05:00:00+00:00,25118.660000000003,25123.68,25101.420000000002,25117.170000000002,1402
2026-06-02T05:15:00+00:00,25117.170000000002,25144.660000000003,25111.660000000003,25128.160000000003,1519
2026-06-02T05:30:00+00:00,25128.160000000003,25142.68,25116.670000000002,25130.670000000002,1320
2026-06-02T05:45:00+00:00,25130.670000000002,25134.170000000002,25115.660000000003,25123.670000000002,1139
2026-06-02T06:00:00+00:00,25123.670000000002,25142.170000000002,25118.410000000003,25130.18,2531
2026-06-02T06:15:00+00:00,25130.18,25148.660000000003,25129.160000000003,25140.68,2255
2026-06-02T06:30:00+00:00,25140.68,25171.170000000002,25127.170000000002,25155.18,3074
2026-06-02T06:45:00+00:00,25155.18,25187.68,25144.660000000003,25186.68,2867
2026-06-02T07:00:00+00:00,25186.68,25235.030000000002,25173.010000000002,25228.010000000002,9399
2026-06-02T07:15:00+00:00,25228.010000000002,25261.010000000002,25214.010000000002,25223.030000000002,8328
2026-06-02T07:30:00+00:00,25223.030000000002,25277.02,25218.010000000002,25272.010000000002,3532
2026-06-02T07:45:00+00:00,25272.010000000002,25329.02,25255.02,25327.52,6171
2026-06-02T08:00:00+00:00,25327.52,25367.010000000002,25322.510000000002,25326.530000000002,7848
2026-06-02T08:15:00+00:00,25326.530000000002,25341.530000000002,25276.52,25278.030000000002,9835
2026-06-02T08:30:00+00:00,25278.030000000002,25289.530000000002,25248.010000000002,25274.52,7351
2026-06-02T08:45:00+00:00,25274.52,25287.530000000002,25260.030000000002,25269.52,5377
2026-06-02T09:00:00+00:00,25269.52,25279.530000000002,25248.510000000002,25267.530000000002,5999
2026-06-02T09:15:00+00:00,25267.530000000002,25277.010000000002,25233.510000000002,25245.530000000002,5327
2026-06-02T09:30:00+00:00,25245.530000000002,25251.030000000002,25193.43,25242.52,5787
2026-06-02T09:45:00+00:00,25242.52,25275.02,25241.010000000002,25245.510000000002,4214
2026-06-02T10:00:00+00:00,25245.510000000002,25267.530000000002,25229.010000000002,25255.530000000002,4605
2026-06-02T10:15:00+00:00,25255.530000000002,25276.530000000002,25253.52,25261.52,4249
2026-06-02T10:30:00+00:00,25261.52,25267.52,25234.510000000002,25259.030000000002,3960
2026-06-02T10:45:00+00:00,25259.030000000002,25270.030000000002,25232.010000000002,25232.510000000002,4530
2026-06-02T11:00:00+00:00,25232.510000000002,25236.030000000002,25206.52,25211.010000000002,4269
2026-06-02T11:15:00+00:00,25211.010000000002,25232.530000000002,25199.030000000002,25223.030000000002,4254
2026-06-02T11:30:00+00:00,25223.030000000002,25224.030000000002,25188.030000000002,25193.510000000002,4652
2026-06-02T11:45:00+00:00,25193.510000000002,25217.530000000002,25190.010000000002,25209.02,3919
2026-06-02T12:00:00+00:00,25209.02,25222.530000000002,25178.52,25209.030000000002,4384
2026-06-02T12:15:00+00:00,25209.030000000002,25217.530000000002,25168.02,25194.02,4652
2026-06-02T12:30:00+00:00,25194.02,25197.530000000002,25159.530000000002,25174.510000000002,7323
2026-06-02T12:45:00+00:00,25174.510000000002,25178.510000000002,25141.52,25149.010000000002,5234
2026-06-02T13:00:00+00:00,25149.010000000002,25156.530000000002,25087.510000000002,25117.010000000002,9970
2026-06-02T13:15:00+00:00,25117.010000000002,25132.510000000002,25090.510000000002,25118.52,6939
2026-06-02T13:30:00+00:00,25118.52,25151.030000000002,25095.510000000002,25112.510000000002,12397
2026-06-02T13:45:00+00:00,25112.510000000002,25128.530000000002,25062.510000000002,25074.530000000002,7758
2026-06-02T14:00:00+00:00,25074.530000000002,25123.530000000002,25060.510000000002,25113.510000000002,9178
2026-06-02T14:15:00+00:00,25113.510000000002,25119.530000000002,25065.510000000002,25080.530000000002,10280
2026-06-02T14:30:00+00:00,25080.530000000002,25125.510000000002,25073.510000000002,25120.530000000002,7948
2026-06-02T14:45:00+00:00,25120.530000000002,25139.02,25104.510000000002,25105.52,5923
2026-06-02T15:00:00+00:00,25105.52,25110.530000000002,25084.510000000002,25091.02,6154
2026-06-02T15:15:00+00:00,25091.02,25128.030000000002,25083.010000000002,25117.530000000002,5983
2026-06-02T15:30:00+00:00,25117.530000000002,25142.530000000002,25098.510000000002,25137.530000000002,5418
2026-06-02T15:45:00+00:00,25137.530000000002,25151.510000000002,25119.530000000002,25131.02,3520
2026-06-02T16:00:00+00:00,25131.02,25143.160000000003,25110.670000000002,25112.670000000002,4015
2026-06-02T16:15:00+00:00,25112.670000000002,25117.18,25082.660000000003,25086.68,3341
2026-06-02T16:30:00+00:00,25086.68,25090.68,25062.670000000002,25078.670000000002,2842
2026-06-02T16:45:00+00:00,25078.670000000002,25092.670000000002,25075.160000000003,25085.68,1495
2026-06-02T17:00:00+00:00,25085.68,25096.18,25070.670000000002,25071.670000000002,2274
2026-06-02T17:15:00+00:00,25071.670000000002,25071.670000000002,25055.160000000003,25065.160000000003,2606
2026-06-02T17:30:00+00:00,25065.160000000003,25070.170000000002,25056.160000000003,25061.670000000002,2193
2026-06-02T17:45:00+00:00,25061.670000000002,25072.18,25058.170000000002,25062.660000000003,1603
2026-06-02T18:00:00+00:00,25062.660000000003,25083.68,25061.160000000003,25076.68,1932
2026-06-02T18:15:00+00:00,25076.68,25088.670000000002,25072.160000000003,25080.670000000002,1381
2026-06-02T18:30:00+00:00,25080.670000000002,25097.170000000002,25077.170000000002,25094.170000000002,1852
2026-06-02T18:45:00+00:00,25094.170000000002,25100.68,25088.170000000002,25089.170000000002,774
2026-06-02T19:00:00+00:00,25089.170000000002,25101.68,25089.160000000003,25092.670000000002,683
2026-06-02T19:15:00+00:00,25092.670000000002,25105.68,25091.670000000002,25101.660000000003,979
2026-06-02T19:30:00+00:00,25101.660000000003,25109.18,25100.660000000003,25104.660000000003,953
2026-06-02T19:45:00+00:00,25104.660000000003,25115.18,25100.160000000003,25101.410000000003,1464
2026-06-03T00:30:00+00:00,25101.410000000003,25112.9,25088.660000000003,25111.890000000003,823
2026-06-03T00:45:00+00:00,25111.890000000003,25113.910000000003,25103.65,25110.410000000003,885
2026-06-03T01:00:00+00:00,25110.410000000003,25113.910000000003,25075.65,25089.65,3085
2026-06-03T01:15:00+00:00,25089.65,25102.410000000003,25084.640000000003,25097.65,1923
2026-06-03T01:30:00+00:00,25097.65,25113.9,25086.65,25089.65,1876
2026-06-03T01:45:00+00:00,25089.65,25107.4,25080.640000000003,25102.640000000003,891
2026-06-03T02:00:00+00:00,25102.640000000003,25113.410000000003,25097.65,25105.910000000003,1182
2026-06-03T02:15:00+00:00,25105.910000000003,25107.410000000003,25091.65,25097.9,714
2026-06-03T02:30:00+00:00,25097.9,25104.4,25086.640000000003,25089.890000000003,878
2026-06-03T02:45:00+00:00,25089.890000000003,25091.390000000003,25074.65,25085.910000000003,1049
2026-06-03T03:00:00+00:00,25085.910000000003,25118.390000000003,25083.640000000003,25109.390000000003,914
2026-06-03T03:15:00+00:00,25109.390000000003,25115.410000000003,25086.640000000003,25092.910000000003,561
2026-06-03T03:30:00+00:00,25092.910000000003,25109.9,25091.640000000003,25101.910000000003,1120
2026-06-03T03:45:00+00:00,25101.910000000003,25112.910000000003,25088.660000000003,25111.9,669
2026-06-03T04:00:00+00:00,25111.9,25124.4,25088.640000000003,25103.390000000003,346.8012467913458
2026-06-03T04:15:00+00:00,25103.390000000003,25113.890000000003,25097.890000000003,25104.910000000003,560
2026-06-03T04:30:00+00:00,25104.910000000003,25106.410000000003,25091.640000000003,25096.410000000003,551
2026-06-03T04:45:00+00:00,25096.410000000003,25097.9,25087.65,25092.4,700
2026-06-03T05:00:00+00:00,25092.4,25105.4,25075.65,25096.65,1237
2026-06-03T05:15:00+00:00,25096.65,25102.410000000003,25073.65,25073.65,698
2026-06-03T05:30:00+00:00,25073.65,25083.410000000003,25052.890000000003,25070.410000000003,888
2026-06-03T05:45:00+00:00,25070.410000000003,25071.4,25029.640000000003,25040.4,1198
2026-06-03T06:00:00+00:00,25040.4,25067.4,25012.390000000003,25027.390000000003,3018
2026-06-03T06:15:00+00:00,25027.390000000003,25034.890000000003,25016.890000000003,25024.9,2149
2026-06-03T06:30:00+00:00,25024.9,25052.390000000003,24989.660000000003,25029.4,3175
2026-06-03T06:45:00+00:00,25029.4,25032.410000000003,24985.410000000003,24998.4,2977
2026-06-03T07:00:00+00:00,24998.4,25002.74,24916.74,24948.24,11776
2026-06-03T07:15:00+00:00,24948.24,24973.24,24914.750000000004,24939.250000000004,6922
2026-06-03T07:30:00+00:00,24939.250000000004,24947.260000000002,24881.24,24882.750000000004,8174
2026-06-03T07:45:00+00:00,24882.750000000004,24951.260000000002,24878.750000000004,24950.260000000002,5090
2026-06-03T08:00:00+00:00,24950.260000000002,24961.260000000002,24919.24,24945.260000000002,7050
2026-06-03T08:15:00+00:00,24945.260000000002,24953.760000000002,24908.24,24929.760000000002,7539
2026-06-03T08:30:00+00:00,24929.760000000002,24966.760000000002,24908.74,24943.760000000002,6053
2026-06-03T08:45:00+00:00,24943.760000000002,24956.74,24926.74,24933.750000000004,4839
2026-06-03T09:00:00+00:00,24933.750000000004,24950.760000000002,24910.74,24914.260000000002,5051
2026-06-03T09:15:00+00:00,24914.260000000002,24915.750000000004,24871.750000000004,24874.24,5524
2026-06-03T09:30:00+00:00,24874.24,24895.760000000002,24860.750000000004,24873.760000000002,4505
2026-06-03T09:45:00+00:00,24873.760000000002,24879.260000000002,24842.74,24850.250000000004,4366
2026-06-03T10:00:00+00:00,24850.250000000004,24933.750000000004,24830.74,24902.760000000002,12598
2026-06-03T10:15:00+00:00,24902.760000000002,24908.74,24867.250000000004,24906.260000000002,5264
2026-06-03T10:30:00+00:00,24906.260000000002,24912.760000000002,24856.250000000004,24863.260000000002,4523
2026-06-03T10:45:00+00:00,24863.260000000002,24891.760000000002,24844.24,24876.250000000004,3653
2026-06-03T11:00:00+00:00,24876.250000000004,24888.760000000002,24859.750000000004,24877.750000000004,4272
2026-06-03T11:15:00+00:00,24877.750000000004,24930.750000000004,24867.24,24919.750000000004,3442
2026-06-03T11:30:00+00:00,24919.750000000004,24927.260000000002,24903.74,24925.250000000004,3567
2026-06-03T11:45:00+00:00,24925.250000000004,24940.250000000004,24905.24,24914.24,3736
2026-06-03T12:00:00+00:00,24914.24,24928.260000000002,24901.74,24917.74,3789
2026-06-03T12:15:00+00:00,24917.74,24918.250000000004,24879.74,24880.24,4356
2026-06-03T12:30:00+00:00,24880.24,24891.260000000002,24858.24,24886.260000000002,4715
2026-06-03T12:45:00+00:00,24886.260000000002,24914.750000000004,24882.24,24897.250000000004,4019
2026-06-03T13:00:00+00:00,24897.250000000004,24920.250000000004,24885.74,24900.260000000002,4423
2026-06-03T13:15:00+00:00,24900.260000000002,24901.260000000002,24865.760000000002,24873.74,4363
2026-06-03T13:30:00+00:00,24873.74,24877.260000000002,24824.260000000002,24826.24,10091
2026-06-03T13:45:00+00:00,24826.24,24879.760000000002,24806.250000000004,24860.250000000004,8471
2026-06-03T14:00:00+00:00,24860.250000000004,24880.750000000004,24811.250000000004,24817.74,7424
2026-06-03T14:15:00+00:00,24817.74,24837.250000000004,24755.250000000004,24810.260000000002,9532
2026-06-03T14:30:00+00:00,24810.260000000002,24813.260000000002,24757.750000000004,24770.260000000002,6782
2026-06-03T14:45:00+00:00,24770.260000000002,24818.750000000004,24762.760000000002,24796.760000000002,5582.419102348162
2026-06-03T15:00:00+00:00,24796.760000000002,24819.280000000002,24777.260000000002,24779.260000000002,5932
2026-06-03T15:15:00+00:00,24779.260000000002,24819.780000000002,24773.760000000002,24817.260000000002,7517
2026-06-03T15:30:00+00:00,24817.260000000002,24827.780000000002,24774.270000000004,24810.280000000002,6536
2026-06-03T15:45:00+00:00,24810.280000000002,24816.780000000002,24796.280000000002,24801.270000000004,3642
2026-06-03T16:00:00+00:00,24801.270000000004,24806.430000000004,24776.910000000003,24786.430000000004,3965
2026-06-03T16:15:00+00:00,24786.430000000004,24788.920000000002,24752.420000000002,24768.910000000003,4166
2026-06-03T16:30:00+00:00,24768.910000000003,24784.430000000004,24766.410000000003,24778.430000000004,3231
2026-06-03T16:45:00+00:00,24778.430000000004,24789.420000000002,24759.410000000003,24782.420000000002,3349
2026-06-03T17:00:00+00:00,24782.420000000002,24800.920000000002,24759.420000000002,24764.410000000003,2902
2026-06-03T17:15:00+00:00,24764.410000000003,24779.930000000004,24759.910000000003,24769.910000000003,2526
2026-06-03T17:30:00+00:00,24769.910000000003,24784.930000000004,24760.410000000003,24778.910000000003,1618
2026-06-03T17:45:00+00:00,24778.910000000003,24784.920000000002,24773.910000000003,24783.920000000002,1961
2026-06-03T18:00:00+00:00,24783.920000000002,24792.430000000004,24775.170000000002,24782.420000000002,1975
2026-06-03T18:15:00+00:00,24782.420000000002,24791.410000000003,24770.910000000003,24788.920000000002,2105
2026-06-03T18:30:00+00:00,24788.920000000002,24792.910000000003,24772.910000000003,24787.910000000003,2059
2026-06-03T18:45:00+00:00,24787.910000000003,24789.930000000004,24780.910000000003,24781.410000000003,1195
2026-06-03T19:00:00+00:00,24781.410000000003,24781.430000000004,24761.910000000003,24764.930000000004,1718
2026-06-03T19:15:00+00:00,24764.930000000004,24781.420000000002,24760.930000000004,24763.410000000003,2067
2026-06-03T19:30:00+00:00,24763.410000000003,24772.420000000002,24750.920000000002,24766.910000000003,1536
2026-06-03T19:45:00+00:00,24766.910000000003,24772.920000000002,24721.160000000003,24727.680000000004,2435
2026-06-04T00:30:00+00:00,24727.680000000004,24759.550000000003,24692.79,24745.79,1094
2026-06-04T00:45:00+00:00,24745.79,24756.050000000003,24730.79,24748.81,1120.1271381578947
2026-06-04T01:00:00+00:00,24748.81,24785.06,24745.79,24774.800000000003,2681
2026-06-04T01:15:00+00:00,24774.800000000003,24776.050000000003,24749.79,24756.050000000003,1890
2026-06-04T01:30:00+00:00,24756.050000000003,24775.800000000003,24740.79,24748.56,1570
2026-06-04T01:45:00+00:00,24748.56,24758.56,24722.79,24740.54,1639
2026-06-04T02:00:00+00:00,24740.54,24742.050000000003,24706.79,24713.79,1452
2026-06-04T02:15:00+00:00,24713.79,24737.56,24689.79,24724.79,1581
2026-06-04T02:30:00+00:00,24724.79,24731.56,24702.79,24722.800000000003,1002
2026-06-04T02:45:00+00:00,24722.800000000003,24742.56,24722.800000000003,24732.81,1488
2026-06-04T03:00:00+00:00,24732.81,24755.550000000003,24728.79,24750.04,1424
2026-06-04T03:15:00+00:00,24750.04,24758.04,24743.79,24757.56,917
2026-06-04T03:30:00+00:00,24757.56,24768.550000000003,24724.800000000003,24730.54,1456
2026-06-04T03:45:00+00:00,24730.54,24753.050000000003,24721.800000000003,24748.79,1421
2026-06-04T04:00:00+00:00,24748.79,24759.54,24734.800000000003,24759.050000000003,872
2026-06-04T04:15:00+00:00,24759.050000000003,24761.56,24746.79,24753.54,816
2026-06-04T04:30:00+00:00,24753.54,24761.54,24736.81,24757.79,1529
2026-06-04T04:45:00+00:00,24757.79,24761.54,24747.81,24753.79,921
2026-06-04T05:00:00+00:00,24753.79,24757.56,24713.79,24731.79,1897
2026-06-04T05:15:00+00:00,24731.79,24747.56,24717.81,24734.800000000003,1683
2026-06-04T05:30:00+00:00,24734.800000000003,24769.050000000003,24731.81,24759.550000000003,1916
2026-06-04T05:45:00+00:00,24759.550000000003,24764.050000000003,24735.800000000003,24759.04,1346
2026-06-04T06:00:00+00:00,24759.04,24798.050000000003,24755.04,24783.56,2737
2026-06-04T06:15:00+00:00,24783.56,24793.550000000003,24770.550000000003,24792.550000000003,2665
2026-06-04T06:30:00+00:00,24792.550000000003,24825.550000000003,24785.54,24806.550000000003,3385
2026-06-04T06:45:00+00:00,24806.550000000003,24826.54,24789.54,24826.050000000003,2992
2026-06-04T07:00:00+00:00,24826.050000000003,24879.410000000003,24825.890000000003,24878.9,10194
2026-06-04T07:15:00+00:00,24878.9,24913.9,24878.4,24912.4,7719
2026-06-04T07:30:00+00:00,24912.4,24950.910000000003,24905.410000000003,24923.4,6438
2026-06-04T07:45:00+00:00,24923.4,24954.410000000003,24921.890000000003,24943.390000000003,5426
2026-06-04T08:00:00+00:00,24943.390000000003,24974.410000000003,24925.890000000003,24948.910000000003,8052
2026-06-04T08:15:00+00:00,24948.910000000003,24966.410000000003,24922.890000000003,24962.410000000003,8902
2026-06-04T08:30:00+00:00,24962.410000000003,25005.390000000003,24930.890000000003,24937.9,9216
2026-06-04T08:45:00+00:00,24937.9,24939.9,24885.910000000003,24888.390000000003,5527
2026-06-04T09:00:00+00:00,24888.390000000003,24888.390000000003,24843.390000000003,24861.390000000003,7892
2026-06-04T09:15:00+00:00,24861.390000000003,24889.910000000003,24856.390000000003,24881.390000000003,6531
2026-06-04T09:30:00+00:00,24881.390000000003,24934.890000000003,24872.890000000003,24933.910000000003,5137
2026-06-04T09:45:00+00:00,24933.910000000003,24976.4,24929.390000000003,24965.890000000003,5716
2026-06-04T10:00:00+00:00,24965.890000000003,24967.910000000003,24912.910000000003,24925.4,5431
2026-06-04T10:15:00+00:00,24925.4,24932.910000000003,24902.390000000003,24904.9,4311
2026-06-04T10:30:00+00:00,24904.9,24912.4,24858.9,24893.4,4109
2026-06-04T10:45:00+00:00,24893.4,24912.910000000003,24861.910000000003,24909.9,4888
2026-06-04T11:00:00+00:00,24909.9,24947.4,24906.890000000003,24915.410000000003,5737
2026-06-04T11:15:00+00:00,24915.410000000003,24961.910000000003,24909.890000000003,24943.9,8587
2026-06-04T11:30:00+00:00,24943.9,24953.410000000003,24897.890000000003,24911.890000000003,8703
2026-06-04T11:45:00+00:00,24911.890000000003,24962.4,24898.4,24953.410000000003,10367
2026-06-04T12:00:00+00:00,24953.410000000003,24963.890000000003,24917.9,24945.910000000003,11305
2026-06-04T12:15:00+00:00,24945.910000000003,24969.910000000003,24936.390000000003,24963.79,7227
2026-06-04T12:30:00+00:00,24963.79,24997.910000000003,24949.890000000003,24994.4,5200
2026-06-04T12:45:00+00:00,24994.4,25005.410000000003,24964.4,24978.390000000003,4727
2026-06-04T13:00:00+00:00,24978.390000000003,25004.410000000003,24970.4,24983.390000000003,5746
2026-06-04T13:15:00+00:00,24983.390000000003,25011.890000000003,24981.410000000003,24992.910000000003,4938
2026-06-04T13:30:00+00:00,24992.910000000003,24999.390000000003,24924.9,24946.410000000003,12755
2026-06-04T13:45:00+00:00,24946.410000000003,24979.410000000003,24942.890000000003,24966.910000000003,10920
2026-06-04T14:00:00+00:00,24966.910000000003,24977.390000000003,24930.390000000003,24973.390000000003,10628
2026-06-04T14:15:00+00:00,24973.390000000003,24992.910000000003,24936.390000000003,24937.410000000003,7379
2026-06-04T14:30:00+00:00,24937.410000000003,24946.410000000003,24910.9,24923.390000000003,7848
2026-06-04T14:45:00+00:00,24923.390000000003,24933.890000000003,24896.890000000003,24897.390000000003,6289
2026-06-04T15:00:00+00:00,24897.390000000003,24929.410000000003,24869.390000000003,24927.4,6510
2026-06-04T15:15:00+00:00,24927.4,24934.410000000003,24910.390000000003,24919.390000000003,5633
2026-06-04T15:30:00+00:00,24919.390000000003,24957.910000000003,24918.9,24932.390000000003,4313
2026-06-04T15:45:00+00:00,24932.390000000003,24932.410000000003,24907.4,24923.890000000003,2748
2026-06-04T16:00:00+00:00,24923.890000000003,24954.56,24922.04,24944.56,2537
2026-06-04T16:15:00+00:00,24944.56,24948.56,24934.56,24938.050000000003,2129
2026-06-04T16:30:00+00:00,24938.050000000003,24948.56,24930.06,24940.06,2295
2026-06-04T16:45:00+00:00,24940.06,24948.06,24931.56,24943.04,1351
2026-06-04T17:00:00+00:00,24943.04,24944.56,24928.56,24929.06,1125
2026-06-04T17:15:00+00:00,24929.06,24950.06,24928.04,24947.050000000003,1209
2026-06-04T17:30:00+00:00,24947.050000000003,24956.56,24942.04,24945.04,1674
2026-06-04T17:45:00+00:00,24945.04,24953.56,24942.050000000003,24948.06,863
2026-06-04T18:00:00+00:00,24948.06,24949.06,24935.050000000003,24943.050000000003,1462
2026-06-04T18:15:00+00:00,24943.050000000003,24954.050000000003,24938.04,24941.06,1061
2026-06-04T18:30:00+00:00,24941.06,24950.050000000003,24938.54,24940.06,1354
2026-06-04T18:45:00+00:00,24940.06,24954.06,24939.050000000003,24948.050000000003,995
2026-06-04T19:00:00+00:00,24948.050000000003,24950.550000000003,24939.04,24946.050000000003,1081
2026-06-04T19:15:00+00:00,24946.050000000003,24962.06,24943.54,24958.56,591
2026-06-04T19:30:00+00:00,24958.56,24973.06,24953.550000000003,24962.06,907
2026-06-04T19:45:00+00:00,24962.06,24963.56,24938.04,24944.29,2070
2026-06-05T00:30:00+00:00,24944.29,24944.29,24773.850000000002,24802.870000000003,1361
2026-06-05T00:45:00+00:00,24802.870000000003,24819.61,24783.850000000002,24811.11,2015.591993377982
2026-06-05T01:00:00+00:00,24811.11,24824.620000000003,24796.850000000002,24806.870000000003,1895
2026-06-05T01:15:00+00:00,24806.870000000003,24819.120000000003,24784.350000000002,24810.36,1494.5915616118923
2026-06-05T01:30:00+00:00,24810.36,24837.870000000003,24809.36,24818.86,971.4778234364264
2026-06-05T01:45:00+00:00,24818.86,24854.120000000003,24808.850000000002,24844.36,665.2397706016972
2026-06-05T02:00:00+00:00,24844.36,24861.120000000003,24840.350000000002,24861.120000000003,616.9171365216649
2026-06-05T02:15:00+00:00,24861.120000000003,24871.120000000003,24847.36,24862.620000000003,436.6930263712361
2026-06-05T02:30:00+00:00,24862.620000000003,24864.620000000003,24838.850000000002,24843.850000000002,908
2026-06-05T02:45:00+00:00,24843.850000000002,24850.61,24823.350000000002,24828.350000000002,1061.8524458072986
2026-06-05T03:00:00+00:00,24828.350000000002,24837.61,24815.350000000002,24829.850000000002,1224.807333761948
2026-06-05T03:15:00+00:00,24829.850000000002,24845.61,24816.86,24823.620000000003,996.0605038936123
2026-06-05T03:30:00+00:00,24823.620000000003,24835.11,24811.850000000002,24825.870000000003,2854
2026-06-05T03:45:00+00:00,24825.870000000003,24828.61,24789.36,24791.370000000003,1219.0822924320353
2026-06-05T04:00:00+00:00,24791.370000000003,24815.86,24791.350000000002,24812.86,661.9197124942652
2026-06-05T04:15:00+00:00,24812.86,24823.850000000002,24803.850000000002,24812.61,929.8765652951699
2026-06-05T04:30:00+00:00,24812.61,24828.61,24792.86,24811.870000000003,3175
2026-06-05T04:45:00+00:00,24811.870000000003,24842.620000000003,24810.850000000002,24830.86,2155
2026-06-05T05:00:00+00:00,24830.86,24837.61,24809.86,24819.850000000002,2450
2026-06-05T05:15:00+00:00,24819.850000000002,24836.600000000002,24809.86,24822.86,2263
2026-06-05T05:30:00+00:00,24822.86,24867.120000000003,24820.86,24854.620000000003,1951
2026-06-05T05:45:00+00:00,24854.620000000003,24857.100000000002,24817.850000000002,24833.600000000002,1790
2026-06-05T06:00:00+00:00,24833.600000000002,24911.620000000003,24833.600000000002,24902.11,3311
2026-06-05T06:15:00+00:00,24902.11,24903.100000000002,24859.600000000002,24866.11,3367
2026-06-05T06:30:00+00:00,24866.11,24892.120000000003,24866.11,24872.61,3505
2026-06-05T06:45:00+00:00,24872.61,24902.620000000003,24862.61,24893.120000000003,3152
2026-06-05T07:00:00+00:00,24893.120000000003,24922.960000000003,24856.960000000003,24864.95,12683
2026-06-05T07:15:00+00:00,24864.95,24891.960000000003,24825.960000000003,24879.95,9640
2026-06-05T07:30:00+00:00,24879.95,24921.460000000003,24871.460000000003,24920.460000000003,8016
2026-06-05T07:45:00+00:00,24920.460000000003,24957.960000000003,24913.47,24923.47,7087
2026-06-05T08:00:00+00:00,24923.47,24925.97,24876.97,24909.460000000003,8984
2026-06-05T08:15:00+00:00,24909.460000000003,24953.47,24880.95,24953.47,8531
2026-06-05T08:30:00+00:00,24953.47,24966.97,24929.960000000003,24936.95,6889
2026-06-05T08:45:00+00:00,24936.95,24951.97,24921.460000000003,24951.97,4412
2026-06-05T09:00:00+00:00,24951.97,25042.460000000003,24942.960000000003,25008.460000000003,10129
2026-06-05T09:15:00+00:00,25008.460000000003,25012.97,24969.960000000003,24979.97,9905
2026-06-05T09:30:00+00:00,24979.97,25006.97,24962.95,24966.960000000003,6775
2026-06-05T09:45:00+00:00,24966.960000000003,25009.47,24960.460000000003,25005.97,6200
2026-06-05T10:00:00+00:00,25005.97,25007.960000000003,24978.460000000003,24993.47,4383
2026-06-05T10:15:00+00:00,24993.47,25012.45,24991.45,24997.95,3527
2026-06-05T10:30:00+00:00,24997.95,25019.47,24989.460000000003,25018.95,3668
2026-06-05T10:45:00+00:00,25018.95,25028.460000000003,25002.460000000003,25004.45,3255
2026-06-05T11:00:00+00:00,25004.45,25031.97,24989.960000000003,25022.460000000003,3763
2026-06-05T11:15:00+00:00,25022.460000000003,25023.45,24948.45,25010.47,4832
2026-06-05T11:30:00+00:00,25010.47,25021.97,24990.95,25005.45,4329
2026-06-05T11:45:00+00:00,25005.45,25017.47,24997.45,25006.460000000003,3265
2026-06-05T12:00:00+00:00,25006.460000000003,25019.460000000003,24991.45,25000.460000000003,3964
2026-06-05T12:15:00+00:00,25000.460000000003,25003.960000000003,24954.460000000003,24959.86,3963
2026-06-05T12:30:00+00:00,24959.86,24997.45,24921.95,24955.97,9338
2026-06-05T12:45:00+00:00,24955.97,24964.45,24906.45,24918.95,7762
2026-06-05T13:00:00+00:00,24918.95,24971.97,24911.95,24957.460000000003,9388
2026-06-05T13:15:00+00:00,24957.460000000003,24964.47,24916.45,24918.960000000003,8431
2026-06-05T13:30:00+00:00,24918.960000000003,24925.97,24838.45,24845.95,14844
2026-06-05T13:45:00+00:00,24845.95,24851.47,24802.45,24822.460000000003,15266
2026-06-05T14:00:00+00:00,24822.460000000003,24880.97,24797.47,24816.95,19403
2026-06-05T14:15:00+00:00,24816.95,24837.45,24775.95,24811.97,11214
2026-06-05T14:30:00+00:00,24811.97,24847.95,24804.95,24838.97,10867
2026-06-05T14:45:00+00:00,24838.97,24853.960000000003,24825.460000000003,24828.460000000003,10595.060082405756
2026-06-05T15:00:00+00:00,24828.460000000003,24837.97,24787.95,24799.460000000003,9667
2026-06-05T15:15:00+00:00,24799.460000000003,24820.960000000003,24777.95,24783.460000000003,9847
2026-06-05T15:30:00+00:00,24783.460000000003,24805.95,24754.45,24764.960000000003,6384
2026-06-05T15:45:00+00:00,24764.960000000003,24790.47,24760.97,24770.95,5683
2026-06-05T16:00:00+00:00,24770.95,24770.95,24731.600000000002,24748.61,5517
2026-06-05T16:15:00+00:00,24748.61,24752.620000000003,24737.61,24739.600000000002,4241
2026-06-05T16:30:00+00:00,24739.600000000002,24743.620000000003,24702.100000000002,24708.100000000002,5290
2026-06-05T16:45:00+00:00,24708.100000000002,24733.620000000003,24689.870000000003,24724.600000000002,6594
2026-06-05T17:00:00+00:00,24724.600000000002,24725.620000000003,24686.11,24695.61,4801
2026-06-05T17:15:00+00:00,24695.61,24712.61,24678.620000000003,24711.11,5203
2026-06-05T17:30:00+00:00,24711.11,24733.100000000002,24703.100000000002,24708.61,5246
2026-06-05T17:45:00+00:00,24708.61,24721.620000000003,24700.620000000003,24716.11,5035
2026-06-05T18:00:00+00:00,24716.11,24724.620000000003,24677.120000000003,24678.61,4211
2026-06-05T18:15:00+00:00,24678.61,24686.620000000003,24634.620000000003,24639.120000000003,5936
2026-06-05T18:30:00+00:00,24639.120000000003,24654.11,24619.100000000002,24627.11,5067
2026-06-05T18:45:00+00:00,24627.11,24636.620000000003,24582.11,24605.61,9282
2026-06-05T19:00:00+00:00,24605.61,24605.620000000003,24539.86,24551.100000000002,7619
2026-06-05T19:15:00+00:00,24551.100000000002,24572.620000000003,24514.600000000002,24571.600000000002,8672
2026-06-05T19:30:00+00:00,24571.600000000002,24590.620000000003,24549.11,24567.600000000002,10914
2026-06-05T19:45:00+00:00,24567.600000000002,24618.11,24562.61,24583.870000000003,6851
2026-06-08T00:30:00+00:00,24583.870000000003,24621.31,24576.570000000003,24591.31,1238
2026-06-08T00:45:00+00:00,24591.31,24591.31,24539.31,24565.56,2685
2026-06-08T01:00:00+00:00,24565.56,24584.81,24522.58,24523.58,5341
2026-06-08T01:15:00+00:00,24523.58,24532.320000000003,24443.58,24449.83,6132
2026-06-08T01:30:00+00:00,24449.83,24513.320000000003,24379.56,24510.58,4458
2026-06-08T01:45:00+00:00,24510.58,24546.33,24507.56,24545.81,4632
2026-06-08T02:00:00+00:00,24545.81,24568.81,24526.56,24564.56,3619
2026-06-08T02:15:00+00:00,24564.56,24582.81,24531.570000000003,24573.31,3283
2026-06-08T02:30:00+00:00,24573.31,24591.320000000003,24533.56,24590.31,2932
2026-06-08T02:45:00+00:00,24590.31,24626.820000000003,24586.570000000003,24595.570000000003,2152
2026-06-08T03:00:00+00:00,24595.570000000003,24607.31,24549.58,24571.81,1714
2026-06-08T03:15:00+00:00,24571.81,24582.820000000003,24533.570000000003,24558.320000000003,2109
2026-06-08T03:30:00+00:00,24558.320000000003,24572.320000000003,24551.56,24559.81,2500
2026-06-08T03:45:00+00:00,24559.81,24578.81,24549.56,24559.820000000003,1525
2026-06-08T04:00:00+00:00,24559.820000000003,24569.33,24535.56,24549.81,2116
2026-06-08T04:15:00+00:00,24549.81,24559.81,24522.570000000003,24544.83,2955
2026-06-08T04:30:00+00:00,24544.83,24558.31,24462.570000000003,24468.31,2387
2026-06-08T04:45:00+00:00,24468.31,24490.320000000003,24423.58,24436.820000000003,1891
2026-06-08T05:00:00+00:00,24436.820000000003,24482.83,24435.570000000003,24440.81,2831
2026-06-08T05:15:00+00:00,24440.81,24482.83,24435.56,24448.58,3055
2026-06-08T05:30:00+00:00,24448.58,24458.31,24380.570000000003,24396.320000000003,4186
2026-06-08T05:45:00+00:00,24396.320000000003,24413.33,24373.31,24391.570000000003,3573
2026-06-08T06:00:00+00:00,24391.570000000003,24426.320000000003,24366.33,24378.81,7276
2026-06-08T06:15:00+00:00,24378.81,24436.33,24346.320000000003,24428.320000000003,6980
2026-06-08T06:30:00+00:00,24428.320000000003,24448.320000000003,24375.81,24396.33,7861
2026-06-08T06:45:00+00:00,24396.33,24443.820000000003,24380.33,24432.320000000003,6475
2026-06-08T07:00:00+00:00,24432.320000000003,24486.680000000004,24414.170000000002,24461.670000000002,18863
2026-06-08T07:15:00+00:00,24461.670000000002,24579.160000000003,24437.660000000003,24556.170000000002,14450
2026-06-08T07:30:00+00:00,24556.170000000002,24574.680000000004,24523.670000000002,24574.680000000004,12310
2026-06-08T07:45:00+00:00,24574.680000000004,24607.170000000002,24542.180000000004,24542.180000000004,10489
2026-06-08T08:00:00+00:00,24542.180000000004,24571.660000000003,24520.170000000002,24537.680000000004,11621
2026-06-08T08:15:00+00:00,24537.680000000004,24554.680000000004,24498.160000000003,24524.660000000003,11729
2026-06-08T08:30:00+00:00,24524.660000000003,24549.180000000004,24506.170000000002,24520.170000000002,9724
2026-06-08T08:45:00+00:00,24520.170000000002,24558.680000000004,24517.680000000004,24543.680000000004,8856
2026-06-08T09:00:00+00:00,24543.680000000004,24578.180000000004,24541.680000000004,24572.660000000003,8298
2026-06-08T09:15:00+00:00,24572.660000000003,24603.180000000004,24566.670000000002,24578.660000000003,5785
2026-06-08T09:30:00+00:00,24578.660000000003,24666.680000000004,24563.160000000003,24632.170000000002,10432
2026-06-08T09:45:00+00:00,24632.170000000002,24653.680000000004,24620.670000000002,24637.180000000004,7781
2026-06-08T10:00:00+00:00,24637.180000000004,24657.170000000002,24594.180000000004,24639.680000000004,9345
2026-06-08T10:15:00+00:00,24639.680000000004,24644.670000000002,24596.670000000002,24611.160000000003,5928
2026-06-08T10:30:00+00:00,24611.160000000003,24722.170000000002,24609.160000000003,24666.670000000002,10486
2026-06-08T10:45:00+00:00,24666.670000000002,24671.180000000004,24617.670000000002,24622.680000000004,6937
2026-06-08T11:00:00+00:00,24622.680000000004,24710.660000000003,24588.670000000002,24710.660000000003,11004
2026-06-08T11:15:00+00:00,24710.660000000003,24755.670000000002,24682.160000000003,24715.680000000004,16440
2026-06-08T11:30:00+00:00,24715.680000000004,24733.680000000004,24695.670000000002,24699.660000000003,8460
2026-06-08T11:45:00+00:00,24699.660000000003,24703.660000000003,24669.160000000003,24674.180000000004,7226
2026-06-08T12:00:00+00:00,24674.180000000004,24718.680000000004,24672.170000000002,24680.670000000002,9649
2026-06-08T12:15:00+00:00,24680.670000000002,24708.670000000002,24672.160000000003,24688.170000000002,7402
2026-06-08T12:30:00+00:00,24688.170000000002,24701.160000000003,24661.170000000002,24673.660000000003,7104
2026-06-08T12:45:00+00:00,24673.660000000003,24676.680000000004,24642.680000000004,24664.670000000002,7048
2026-06-08T13:00:00+00:00,24664.670000000002,24685.670000000002,24651.670000000002,24658.680000000004,8069
2026-06-08T13:15:00+00:00,24658.680000000004,24695.670000000002,24651.160000000003,24676.660000000003,8662
2026-06-08T13:30:00+00:00,24676.660000000003,24707.670000000002,24653.160000000003,24665.670000000002,19087
2026-06-08T13:45:00+00:00,24665.670000000002,24718.680000000004,24662.160000000003,24690.680000000004,14336
2026-06-08T14:00:00+00:00,24690.680000000004,24696.680000000004,24651.670000000002,24667.180000000004,15159
2026-06-08T14:15:00+00:00,24667.180000000004,24668.670000000002,24618.660000000003,24634.660000000003,12615
2026-06-08T14:30:00+00:00,24634.660000000003,24673.680000000004,24622.160000000003,24668.660000000003,11049
2026-06-08T14:45:00+00:00,24668.660000000003,24688.680000000004,24641.680000000004,24688.680000000004,8328
2026-06-08T15:00:00+00:00,24688.680000000004,24695.160000000003,24666.160000000003,24677.180000000004,5548
2026-06-08T15:15:00+00:00,24677.180000000004,24697.180000000004,24651.180000000004,24657.170000000002,6475
2026-06-08T15:30:00+00:00,24657.170000000002,24668.170000000002,24625.670000000002,24661.660000000003,6905
2026-06-08T15:45:00+00:00,24661.660000000003,24664.680000000004,24621.660000000003,24627.160000000003,5732
2026-06-08T16:00:00+00:00,24627.160000000003,24642.320000000003,24619.31,24632.820000000003,6225
2026-06-08T16:15:00+00:00,24632.820000000003,24643.83,24610.81,24610.81,4946
2026-06-08T16:30:00+00:00,24610.81,24620.320000000003,24603.31,24609.83,6692
2026-06-08T16:45:00+00:00,24609.83,24621.81,24601.320000000003,24602.31,4879
2026-06-08T17:00:00+00:00,24602.31,24602.33,24558.81,24577.31,6215
2026-06-08T17:15:00+00:00,24577.31,24588.33,24551.81,24587.320000000003,5901
2026-06-08T17:30:00+00:00,24587.320000000003,24595.33,24556.81,24562.31,7418
2026-06-08T17:45:00+00:00,24562.31,24589.33,24561.81,24579.33,5288
2026-06-08T18:00:00+00:00,24579.33,24616.820000000003,24579.33,24598.320000000003,5047
2026-06-08T18:15:00+00:00,24598.320000000003,24626.33,24598.320000000003,24621.320000000003,3204
2026-06-08T18:30:00+00:00,24621.320000000003,24640.320000000003,24616.81,24618.820000000003,4320
2026-06-08T18:45:00+00:00,24618.820000000003,24633.83,24618.820000000003,24622.820000000003,2826
2026-06-08T19:00:00+00:00,24622.820000000003,24624.320000000003,24588.33,24589.320000000003,4765
2026-06-08T19:15:00+00:00,24589.320000000003,24598.83,24557.81,24580.820000000003,4755
2026-06-08T19:30:00+00:00,24580.820000000003,24596.320000000003,24563.31,24571.820000000003,5380
2026-06-08T19:45:00+00:00,24571.820000000003,24613.33,24569.33,24597.070000000003,4807
2026-06-09T00:30:00+00:00,24597.070000000003,24597.070000000003,24498.070000000003,24525.08,2428
2026-06-09T00:45:00+00:00,24525.08,24531.83,24500.090000000004,24521.83,3154
2026-06-09T01:00:00+00:00,24521.83,24536.820000000003,24503.070000000003,24525.840000000004,4176
2026-06-09T01:15:00+00:00,24525.840000000004,24591.090000000004,24518.090000000004,24568.83,3613
2026-06-09T01:30:00+00:00,24568.83,24595.820000000003,24557.090000000004,24579.820000000003,3152
2026-06-09T01:45:00+00:00,24579.820000000003,24605.820000000003,24569.070000000003,24577.840000000004,2586
2026-06-09T02:00:00+00:00,24577.840000000004,24594.840000000004,24572.070000000003,24579.840000000004,2466
2026-06-09T02:15:00+00:00,24579.840000000004,24594.340000000004,24566.08,24585.320000000003,2118
2026-06-09T02:30:00+00:00,24585.320000000003,24596.820000000003,24566.070000000003,24581.83,2107
2026-06-09T02:45:00+00:00,24581.83,24587.83,24554.070000000003,24574.820000000003,1980
2026-06-09T03:00:00+00:00,24574.820000000003,24590.840000000004,24567.090000000004,24588.33,2084
2026-06-09T03:15:00+00:00,24588.33,24616.320000000003,24569.070000000003,24576.090000000004,1579
2026-06-09T03:30:00+00:00,24576.090000000004,24630.840000000004,24576.090000000004,24626.840000000004,2600
2026-06-09T03:45:00+00:00,24626.840000000004,24633.820000000003,24599.840000000004,24603.090000000004,1786
2026-06-09T04:00:00+00:00,24603.090000000004,24625.320000000003,24592.08,24613.08,1362
2026-06-09T04:15:00+00:00,24613.08,24633.340000000004,24610.070000000003,24632.820000000003,1466
2026-06-09T04:30:00+00:00,24632.820000000003,24636.840000000004,24611.070000000003,24635.83,941
2026-06-09T04:45:00+00:00,24635.83,24654.820000000003,24627.08,24632.840000000004,1178
2026-06-09T05:00:00+00:00,24632.840000000004,24647.33,24621.070000000003,24625.320000000003,1386
2026-06-09T05:15:00+00:00,24625.320000000003,24633.840000000004,24610.070000000003,24613.090000000004,1543
2026-06-09T05:30:00+00:00,24613.090000000004,24647.340000000004,24606.08,24632.090000000004,3008
2026-06-09T05:45:00+00:00,24632.090000000004,24643.340000000004,24602.840000000004,24604.08,1523
2026-06-09T06:00:00+00:00,24604.08,24637.340000000004,24604.08,24621.83,3130
2026-06-09T06:15:00+00:00,24621.83,24639.340000000004,24618.320000000003,24618.840000000004,3153
2026-06-09T06:30:00+00:00,24618.840000000004,24633.83,24593.820000000003,24631.83,3924
2026-06-09T06:45:00+00:00,24631.83,24642.33,24587.33,24595.840000000004,2928
2026-06-09T07:00:00+00:00,24595.840000000004,24672.190000000002,24578.170000000002,24622.190000000002,12993
2026-06-09T07:15:00+00:00,24622.190000000002,24631.190000000002,24547.680000000004,24579.680000000004,10620
2026-06-09T07:30:00+00:00,24579.680000000004,24659.190000000002,24579.680000000004,24655.190000000002,8451
2026-06-09T07:45:00+00:00,24655.190000000002,24699.180000000004,24652.670000000002,24682.680000000004,7004
2026-06-09T08:00:00+00:00,24682.680000000004,24738.190000000002,24665.190000000002,24719.190000000002,9749
2026-06-09T08:15:00+00:00,24719.190000000002,24742.670000000002,24708.690000000002,24725.190000000002,8106
2026-06-09T08:30:00+00:00,24725.190000000002,24745.690000000002,24698.170000000002,24744.680000000004,5983
2026-06-09T08:45:00+00:00,24744.680000000004,24765.680000000004,24738.670000000002,24759.180000000004,3561
2026-06-09T09:00:00+00:00,24759.180000000004,24802.190000000002,24751.670000000002,24799.680000000004,3737
2026-06-09T09:15:00+00:00,24799.680000000004,24804.690000000002,24773.670000000002,24776.690000000002,3512
2026-06-09T09:30:00+00:00,24776.690000000002,24819.190000000002,24748.670000000002,24817.690000000002,3785
2026-06-09T09:45:00+00:00,24817.690000000002,24822.690000000002,24794.170000000002,24806.170000000002,3033
2026-06-09T10:00:00+00:00,24806.170000000002,24830.680000000004,24765.190000000002,24830.190000000002,6939
2026-06-09T10:15:00+00:00,24830.190000000002,24835.690000000002,24807.170000000002,24832.680000000004,3496
2026-06-09T10:30:00+00:00,24832.680000000004,24834.690000000002,24790.170000000002,24795.190000000002,3224
2026-06-09T10:45:00+00:00,24795.190000000002,24816.180000000004,24788.170000000002,24799.170000000002,4346
2026-06-09T11:00:00+00:00,24799.170000000002,24805.690000000002,24773.680000000004,24778.690000000002,3541
2026-06-09T11:15:00+00:00,24778.690000000002,24801.190000000002,24772.670000000002,24782.170000000002,3429
2026-06-09T11:30:00+00:00,24782.170000000002,24791.680000000004,24763.670000000002,24765.180000000004,3969
2026-06-09T11:45:00+00:00,24765.180000000004,24774.690000000002,24729.670000000002,24743.680000000004,3764
2026-06-09T12:00:00+00:00,24743.680000000004,24746.690000000002,24719.690000000002,24726.190000000002,4327
2026-06-09T12:15:00+00:00,24726.190000000002,24733.680000000004,24712.680000000004,24730.670000000002,4725
2026-06-09T12:30:00+00:00,24730.670000000002,24764.680000000004,24727.170000000002,24753.670000000002,4661
2026-06-09T12:45:00+00:00,24753.670000000002,24769.190000000002,24728.670000000002,24767.190000000002,4027
2026-06-09T13:00:00+00:00,24767.190000000002,24805.180000000004,24747.190000000002,24779.670000000002,7143
2026-06-09T13:15:00+00:00,24779.670000000002,24789.670000000002,24765.690000000002,24771.690000000002,6209
2026-06-09T13:30:00+00:00,24771.690000000002,24791.680000000004,24750.170000000002,24771.190000000002,10125
2026-06-09T13:45:00+00:00,24771.190000000002,24828.190000000002,24769.680000000004,24784.670000000002,10383
2026-06-09T14:00:00+00:00,24784.670000000002,24805.170000000002,24732.170000000002,24732.180000000004,11560
2026-06-09T14:15:00+00:00,24732.180000000004,24749.190000000002,24658.680000000004,24715.190000000002,14518
2026-06-09T14:30:00+00:00,24715.190000000002,24747.190000000002,24670.670000000002,24670.670000000002,13305
2026-06-09T14:45:00+00:00,24670.670000000002,24674.670000000002,24568.670000000002,24630.180000000004,16051
2026-06-09T15:00:00+00:00,24630.180000000004,24645.190000000002,24573.170000000002,24579.170000000002,14416
2026-06-09T15:15:00+00:00,24579.170000000002,24586.190000000002,24424.170000000002,24424.190000000002,12783
2026-06-09T15:30:00+00:00,24424.190000000002,24470.170000000002,24406.190000000002,24460.180000000004,15492
2026-06-09T15:45:00+00:00,24460.180000000004,24507.170000000002,24421.170000000002,24434.180000000004,13643
2026-06-09T16:00:00+00:00,24434.180000000004,24469.83,24418.320000000003,24431.83,13321
2026-06-09T16:15:00+00:00,24431.83,24436.83,24366.820000000003,24418.840000000004,13794
2026-06-09T16:30:00+00:00,24418.840000000004,24449.83,24244.820000000003,24290.820000000003,12047
2026-06-09T16:45:00+00:00,24290.820000000003,24322.83,24253.08,24306.840000000004,7498
2026-06-09T17:00:00+00:00,24306.840000000004,24375.83,24303.070000000003,24369.340000000004,7942
2026-06-09T17:15:00+00:00,24369.340000000004,24448.840000000004,24353.320000000003,24432.83,10515
2026-06-09T17:30:00+00:00,24432.83,24485.840000000004,24414.83,24461.320000000003,7510
2026-06-09T17:45:00+00:00,24461.320000000003,24478.820000000003,24438.840000000004,24462.83,8652
2026-06-09T18:00:00+00:00,24462.83,24479.840000000004,24448.820000000003,24462.840000000004,9494
2026-06-09T18:15:00+00:00,24462.840000000004,24518.840000000004,24449.340000000004,24509.840000000004,9067
2026-06-09T18:30:00+00:00,24509.840000000004,24542.340000000004,24507.820000000003,24511.83,6661
2026-06-09T18:45:00+00:00,24511.83,24560.840000000004,24506.83,24551.83,5891
2026-06-09T19:00:00+00:00,24551.83,24563.83,24531.820000000003,24534.820000000003,6172
2026-06-09T19:15:00+00:00,24534.820000000003,24535.83,24484.320000000003,24514.820000000003,8644
2026-06-09T19:30:00+00:00,24514.820000000003,24521.820000000003,24482.33,24495.33,8579
2026-06-09T19:45:00+00:00,24495.33,24558.820000000003,24482.320000000003,24537.58,6121
2026-06-10T00:30:00+00:00,24537.58,24537.58,24444.460000000003,24451.450000000004,2437
2026-06-10T00:45:00+00:00,24451.450000000004,24524.690000000002,24448.440000000002,24514.460000000003,3249
2026-06-10T01:00:00+00:00,24514.460000000003,24548.210000000003,24496.460000000003,24531.460000000003,4821
2026-06-10T01:15:00+00:00,24531.460000000003,24554.200000000004,24507.450000000004,24514.190000000002,3876
2026-06-10T01:30:00+00:00,24514.190000000002,24527.210000000003,24493.440000000002,24494.690000000002,5246
2026-06-10T01:45:00+00:00,24494.690000000002,24514.210000000003,24473.440000000002,24488.190000000002,4913
2026-06-10T02:00:00+00:00,24488.190000000002,24497.710000000003,24459.440000000002,24490.200000000004,2795
2026-06-10T02:15:00+00:00,24490.200000000004,24499.690000000002,24465.200000000004,24484.690000000002,3965
2026-06-10T02:30:00+00:00,24484.690000000002,24506.710000000003,24469.200000000004,24484.440000000002,2581
2026-06-10T02:45:00+00:00,24484.440000000002,24502.200000000004,24449.190000000002,24450.450000000004,2128
2026-06-10T03:00:00+00:00,24450.450000000004,24493.200000000004,24449.460000000003,24480.440000000002,2910
2026-06-10T03:15:00+00:00,24480.440000000002,24496.210000000003,24469.440000000002,24475.190000000002,2235
2026-06-10T03:30:00+00:00,24475.190000000002,24483.210000000003,24444.460000000003,24445.440000000002,2575
2026-06-10T03:45:00+00:00,24445.440000000002,24466.690000000002,24445.440000000002,24461.460000000003,1716
2026-06-10T04:00:00+00:00,24461.460000000003,24468.200000000004,24435.440000000002,24437.690000000002,2265
2026-06-10T04:15:00+00:00,24437.690000000002,24448.710000000003,24426.190000000002,24427.210000000003,2140
2026-06-10T04:30:00+00:00,24427.210000000003,24428.710000000003,24406.700000000004,24407.690000000002,2555
2026-06-10T04:45:00+00:00,24407.690000000002,24435.210000000003,24399.440000000002,24411.190000000002,2582
2026-06-10T05:00:00+00:00,24411.190000000002,24443.690000000002,24403.190000000002,24427.440000000002,3270
2026-06-10T05:15:00+00:00,24427.440000000002,24467.710000000003,24414.460000000003,24465.440000000002,2785
2026-06-10T05:30:00+00:00,24465.440000000002,24480.710000000003,24439.440000000002,24451.210000000003,4041
2026-06-10T05:45:00+00:00,24451.210000000003,24492.690000000002,24439.200000000004,24491.710000000003,2591
2026-06-10T06:00:00+00:00,24491.710000000003,24521.210000000003,24484.700000000004,24511.700000000004,2852
2026-06-10T06:15:00+00:00,24511.700000000004,24524.690000000002,24480.210000000003,24488.710000000003,2137
2026-06-10T06:30:00+00:00,24488.710000000003,24519.700000000004,24477.190000000002,24506.710000000003,2626
2026-06-10T06:45:00+00:00,24506.710000000003,24507.700000000004,24474.690000000002,24487.700000000004,3942
2026-06-10T07:00:00+00:00,24487.700000000004,24533.56,24459.56,24492.540000000005,16893
2026-06-10T07:15:00+00:00,24492.540000000005,24509.040000000005,24428.540000000005,24444.050000000003,13179
2026-06-10T07:30:00+00:00,24444.050000000003,24472.56,24428.56,24449.56,11494
2026-06-10T07:45:00+00:00,24449.56,24474.050000000003,24433.050000000003,24463.550000000003,10230
2026-06-10T08:00:00+00:00,24463.550000000003,24472.050000000003,24413.56,24415.050000000003,13954
2026-06-10T08:15:00+00:00,24415.050000000003,24424.06,24370.550000000003,24391.050000000003,9542
2026-06-10T08:30:00+00:00,24391.050000000003,24394.540000000005,24343.050000000003,24348.550000000003,9403
2026-06-10T08:45:00+00:00,24348.550000000003,24355.56,24315.06,24327.56,10727
2026-06-10T09:00:00+00:00,24327.56,24334.56,24264.050000000003,24268.06,10855
2026-06-10T09:15:00+00:00,24268.06,24318.550000000003,24248.06,24317.550000000003,10032
2026-06-10T09:30:00+00:00,24317.550000000003,24354.06,24285.550000000003,24297.550000000003,9889
2026-06-10T09:45:00+00:00,24297.550000000003,24322.56,24276.540000000005,24322.040000000005,9947
2026-06-10T10:00:00+00:00,24322.040000000005,24324.050000000003,24246.540000000005,24247.040000000005,8863
2026-06-10T10:15:00+00:00,24247.040000000005,24279.040000000005,24229.040000000005,24271.56,9295
2026-06-10T10:30:00+00:00,24271.56,24294.540000000005,24251.050000000003,24273.06,9359
2026-06-10T10:45:00+00:00,24273.06,24284.06,24241.550000000003,24259.040000000005,8577
2026-06-10T11:00:00+00:00,24259.040000000005,24266.56,24050.050000000003,24149.540000000005,21153
2026-06-10T11:15:00+00:00,24149.540000000005,24224.540000000005,24075.460000000003,24168.56,20336
2026-06-10T11:30:00+00:00,24168.56,24221.06,24156.06,24208.550000000003,16834
2026-06-10T11:45:00+00:00,24208.550000000003,24248.56,24200.050000000003,24236.550000000003,10981
2026-06-10T12:00:00+00:00,24236.550000000003,24263.040000000005,24210.06,24230.540000000005,12442
2026-06-10T12:15:00+00:00,24230.540000000005,24272.56,24216.540000000005,24263.450000000004,12397
2026-06-10T12:30:00+00:00,24263.450000000004,24336.06,24262.540000000005,24325.540000000005,22373
2026-06-10T12:45:00+00:00,24325.540000000005,24340.040000000005,24300.56,24301.050000000003,14586
2026-06-10T13:00:00+00:00,24301.050000000003,24310.06,24259.040000000005,24273.050000000003,13027
2026-06-10T13:15:00+00:00,24273.050000000003,24294.050000000003,24267.550000000003,24289.050000000003,11231
2026-06-10T13:30:00+00:00,24289.050000000003,24370.050000000003,24253.56,24369.540000000005,16681
2026-06-10T13:45:00+00:00,24369.540000000005,24375.06,24325.550000000003,24354.56,15411
2026-06-10T14:00:00+00:00,24354.56,24360.56,24317.540000000005,24323.56,16122
2026-06-10T14:15:00+00:00,24323.56,24336.06,24300.06,24320.540000000005,15442
2026-06-10T14:30:00+00:00,24320.540000000005,24332.06,24284.56,24285.040000000005,13966
2026-06-10T14:45:00+00:00,24285.040000000005,24304.06,24241.540000000005,24256.040000000005,15905
2026-06-10T15:00:00+00:00,24256.040000000005,24293.56,24236.06,24240.040000000005,16389
2026-06-10T15:15:00+00:00,24240.040000000005,24258.56,24208.540000000005,24231.040000000005,15260
2026-06-10T15:30:00+00:00,24231.040000000005,24252.540000000005,24192.020000000008,24236.020000000008,15925
2026-06-10T15:45:00+00:00,24236.020000000008,24245.040000000005,24126.920000000006,24215.020000000008,14167
2026-06-10T16:00:00+00:00,24215.020000000008,24230.190000000006,24168.190000000006,24180.670000000006,14521
2026-06-10T16:15:00+00:00,24180.670000000006,24202.680000000008,24176.670000000006,24194.190000000006,12781
2026-06-10T16:30:00+00:00,24194.190000000006,24213.170000000006,24156.690000000006,24183.170000000006,13668
2026-06-10T16:45:00+00:00,24183.170000000006,24185.690000000006,24152.670000000006,24174.670000000006,13418
2026-06-10T17:00:00+00:00,24174.670000000006,24189.690000000006,24140.170000000006,24149.170000000006,10250
2026-06-10T17:15:00+00:00,24149.170000000006,24170.170000000006,24141.670000000006,24161.680000000008,10010
2026-06-10T17:30:00+00:00,24161.680000000008,24161.690000000006,24118.170000000006,24125.170000000006,9488
2026-06-10T17:45:00+00:00,24125.170000000006,24195.690000000006,24120.670000000006,24185.180000000008,12266
2026-06-10T18:00:00+00:00,24185.180000000008,24215.180000000008,24180.680000000008,24188.670000000006,9125
2026-06-10T18:15:00+00:00,24188.670000000006,24196.690000000006,24159.170000000006,24185.670000000006,9543
2026-06-10T18:30:00+00:00,24185.670000000006,24187.690000000006,24152.670000000006,24155.680000000008,8406
2026-06-10T18:45:00+00:00,24155.680000000008,24158.690000000006,24120.680000000008,24137.670000000006,8322
2026-06-10T19:00:00+00:00,24137.670000000006,24149.690000000006,24118.670000000006,24123.690000000006,9141
2026-06-10T19:15:00+00:00,24123.690000000006,24128.190000000006,24093.670000000006,24104.680000000008,8823
2026-06-10T19:30:00+00:00,24104.680000000008,24135.690000000006,24098.670000000006,24133.180000000008,10504
2026-06-10T19:45:00+00:00,24133.180000000008,24136.190000000006,24082.930000000008,24088.420000000006,6879
2026-06-11T00:30:00+00:00,24088.420000000006,24088.420000000006,23969.320000000007,23990.560000000005,2182
2026-06-11T00:45:00+00:00,23990.560000000005,24070.560000000005,23989.330000000005,24060.570000000007,3043
2026-06-11T01:00:00+00:00,24060.570000000007,24150.080000000005,24055.320000000007,24144.320000000007,4013
2026-06-11T01:15:00+00:00,24144.320000000007,24168.580000000005,24117.330000000005,24159.320000000007,2879
2026-06-11T01:30:00+00:00,24159.320000000007,24161.080000000005,24124.320000000007,24126.330000000005,2239
2026-06-11T01:45:00+00:00,24126.330000000005,24131.070000000007,24072.310000000005,24084.080000000005,1647
2026-06-11T02:00:00+00:00,24084.080000000005,24105.080000000005,24078.310000000005,24087.570000000007,3208
2026-06-11T02:15:00+00:00,24087.570000000007,24088.570000000007,24024.310000000005,24031.330000000005,2898
2026-06-11T02:30:00+00:00,24031.330000000005,24047.570000000007,24004.560000000005,24028.320000000007,3280
2026-06-11T02:45:00+00:00,24028.320000000007,24082.070000000007,24023.310000000005,24069.320000000007,2738
2026-06-11T03:00:00+00:00,24069.320000000007,24093.080000000005,24042.310000000005,24058.070000000007,2366
2026-06-11T03:15:00+00:00,24058.070000000007,24080.070000000007,24042.310000000005,24073.310000000005,2343
2026-06-11T03:30:00+00:00,24073.310000000005,24121.080000000005,24069.310000000005,24117.310000000005,2567
2026-06-11T03:45:00+00:00,24117.310000000005,24148.320000000007,24106.310000000005,24146.560000000005,1561
2026-06-11T04:00:00+00:00,24146.560000000005,24151.070000000007,24127.310000000005,24138.330000000005,1367
2026-06-11T04:15:00+00:00,24138.330000000005,24161.310000000005,24122.310000000005,24157.560000000005,1651
2026-06-11T04:30:00+00:00,24157.560000000005,24199.560000000005,24147.310000000005,24185.310000000005,1551
2026-06-11T04:45:00+00:00,24185.310000000005,24202.080000000005,24168.310000000005,24179.580000000005,1216
2026-06-11T05:00:00+00:00,24179.580000000005,24186.060000000005,24143.310000000005,24152.310000000005,1526
2026-06-11T05:15:00+00:00,24152.310000000005,24166.080000000005,24136.310000000005,24146.070000000007,2030
2026-06-11T05:30:00+00:00,24146.070000000007,24168.080000000005,24138.320000000007,24161.560000000005,1740
2026-06-11T05:45:00+00:00,24161.560000000005,24170.580000000005,24148.310000000005,24159.560000000005,1591
2026-06-11T06:00:00+00:00,24159.560000000005,24174.060000000005,24112.560000000005,24169.560000000005,5809
2026-06-11T06:15:00+00:00,24169.560000000005,24194.570000000007,24163.060000000005,24182.060000000005,5014
2026-06-11T06:30:00+00:00,24182.060000000005,24227.580000000005,24162.080000000005,24208.570000000007,5559
2026-06-11T06:45:00+00:00,24208.570000000007,24227.580000000005,24196.060000000005,24215.580000000005,4616
2026-06-11T07:00:00+00:00,24215.580000000005,24249.430000000008,24159.910000000007,24205.420000000006,17547
2026-06-11T07:15:00+00:00,24205.420000000006,24228.430000000008,24182.410000000007,24218.430000000008,13935
2026-06-11T07:30:00+00:00,24218.430000000008,24258.910000000007,24217.910000000007,24234.920000000006,12755
2026-06-11T07:45:00+00:00,24234.920000000006,24242.930000000008,24169.930000000008,24176.420000000006,11045
2026-06-11T08:00:00+00:00,24176.420000000006,24274.430000000008,24173.410000000007,24265.430000000008,10181
2026-06-11T08:15:00+00:00,24265.430000000008,24265.910000000007,24200.410000000007,24208.910000000007,9140
2026-06-11T08:30:00+00:00,24208.910000000007,24224.430000000008,24194.910000000007,24215.920000000006,9305
2026-06-11T08:45:00+00:00,24215.920000000006,24233.430000000008,24188.920000000006,24220.430000000008,7098
2026-06-11T09:00:00+00:00,24220.430000000008,24232.430000000008,24184.910000000007,24207.430000000008,4514
2026-06-11T09:15:00+00:00,24207.430000000008,24239.920000000006,24201.420000000006,24220.930000000008,3314
2026-06-11T09:30:00+00:00,24220.930000000008,24243.430000000008,24201.910000000007,24238.420000000006,3149
2026-06-11T09:45:00+00:00,24238.420000000006,24284.920000000006,24237.410000000007,24261.930000000008,5703
2026-06-11T10:00:00+00:00,24261.930000000008,24292.420000000006,24253.910000000007,24288.910000000007,5165
2026-06-11T10:15:00+00:00,24288.910000000007,24290.930000000008,24249.920000000006,24251.930000000008,5088
2026-06-11T10:30:00+00:00,24251.930000000008,24288.430000000008,24250.930000000008,24272.910000000007,5040
2026-06-11T10:45:00+00:00,24272.910000000007,24297.930000000008,24263.410000000007,24265.910000000007,3952
2026-06-11T11:00:00+00:00,24265.910000000007,24278.920000000006,24234.910000000007,24253.910000000007,6312
2026-06-11T11:15:00+00:00,24253.910000000007,24274.930000000008,24244.430000000008,24264.430000000008,5348
2026-06-11T11:30:00+00:00,24264.430000000008,24306.420000000006,24257.930000000008,24281.910000000007,7997
2026-06-11T11:45:00+00:00,24281.910000000007,24287.930000000008,24273.420000000006,24275.910000000007,4280
2026-06-11T12:00:00+00:00,24275.910000000007,24277.930000000008,24241.420000000006,24261.310000000005,4003
2026-06-11T12:15:00+00:00,24261.310000000005,24273.410000000007,24083.410000000007,24150.430000000008,19353
2026-06-11T12:30:00+00:00,24150.430000000008,24215.420000000006,24093.920000000006,24179.910000000007,20104
2026-06-11T12:45:00+00:00,24179.910000000007,24239.410000000007,24160.930000000008,24216.410000000007,15833
2026-06-11T13:00:00+00:00,24216.410000000007,24218.410000000007,24165.410000000007,24185.910000000007,13588
2026-06-11T13:15:00+00:00,24185.910000000007,24214.430000000008,24183.410000000007,24202.930000000008,9338
2026-06-11T13:30:00+00:00,24202.930000000008,24250.920000000006,24195.420000000006,24235.410000000007,21889
2026-06-11T13:45:00+00:00,24235.410000000007,24333.930000000008,24231.420000000006,24310.420000000006,22597
2026-06-11T14:00:00+00:00,24310.420000000006,24340.430000000008,24233.910000000007,24239.430000000008,18952
2026-06-11T14:15:00+00:00,24239.430000000008,24271.420000000006,24220.910000000007,24242.430000000008,21209
2026-06-11T14:30:00+00:00,24242.430000000008,24285.930000000008,24229.410000000007,24277.420000000006,16446
2026-06-11T14:45:00+00:00,24277.420000000006,24287.430000000008,24199.420000000006,24209.930000000008,16634
2026-06-11T15:00:00+00:00,24209.930000000008,24290.420000000006,24199.410000000007,24275.430000000008,19849
2026-06-11T15:15:00+00:00,24275.430000000008,24281.910000000007,24212.930000000008,24213.910000000007,14032
2026-06-11T15:30:00+00:00,24213.910000000007,24272.410000000007,24211.930000000008,24244.920000000006,12940
2026-06-11T15:45:00+00:00,24244.920000000006,24252.930000000008,24220.410000000007,24243.420000000006,11713
2026-06-11T16:00:00+00:00,24243.420000000006,24265.080000000005,24237.060000000005,24258.080000000005,11776
2026-06-11T16:15:00+00:00,24258.080000000005,24264.080000000005,24217.060000000005,24218.570000000007,10543
2026-06-11T16:30:00+00:00,24218.570000000007,24250.560000000005,24208.560000000005,24232.580000000005,11238
2026-06-11T16:45:00+00:00,24232.580000000005,24238.580000000005,24206.580000000005,24208.070000000007,9951
2026-06-11T17:00:00+00:00,24208.070000000007,24232.560000000005,24176.060000000005,24205.560000000005,10639
2026-06-11T17:15:00+00:00,24205.560000000005,24443.080000000005,24177.570000000007,24431.570000000007,13204
2026-06-11T17:30:00+00:00,24431.570000000007,24584.570000000007,24417.310000000005,24569.060000000005,29121
2026-06-11T17:45:00+00:00,24569.060000000005,24578.060000000005,24491.060000000005,24529.070000000007,15687
2026-06-11T18:00:00+00:00,24529.070000000007,24552.070000000007,24469.080000000005,24495.570000000007,14140
2026-06-11T18:15:00+00:00,24495.570000000007,24524.070000000007,24465.570000000007,24497.060000000005,11621
2026-06-11T18:30:00+00:00,24497.060000000005,24518.570000000007,24487.070000000007,24507.080000000005,7677
2026-06-11T18:45:00+00:00,24507.080000000005,24544.060000000005,24503.060000000005,24522.560000000005,5978
2026-06-11T19:00:00+00:00,24522.560000000005,24572.560000000005,24517.580000000005,24549.070000000007,7767
2026-06-11T19:15:00+00:00,24549.070000000007,24571.080000000005,24541.080000000005,24563.560000000005,6050
2026-06-11T19:30:00+00:00,24563.560000000005,24660.580000000005,24561.570000000007,24659.070000000007,9747
2026-06-11T19:45:00+00:00,24659.070000000007,24659.070000000007,24614.560000000005,24622.310000000005,6399
2026-06-12T00:30:00+00:00,24622.310000000005,24651.330000000005,24606.070000000007,24610.070000000007,814
2026-06-12T00:45:00+00:00,24610.070000000007,24634.840000000007,24599.070000000007,24614.070000000007,1141
2026-06-12T01:00:00+00:00,24614.070000000007,24617.830000000005,24581.070000000007,24592.070000000007,2999
2026-06-12T01:15:00+00:00,24592.070000000007,24598.090000000007,24547.070000000007,24551.070000000007,1616
2026-06-12T01:30:00+00:00,24551.070000000007,24582.830000000005,24542.070000000007,24568.070000000007,1823
2026-06-12T01:45:00+00:00,24568.070000000007,24630.840000000007,24565.070000000007,24628.830000000005,875
2026-06-12T02:00:00+00:00,24628.830000000005,24638.840000000007,24617.070000000007,24625.090000000007,1293
2026-06-12T02:15:00+00:00,24625.090000000007,24631.820000000007,24587.090000000007,24590.320000000007,1267
2026-06-12T02:30:00+00:00,24590.320000000007,24610.090000000007,24583.070000000007,24604.070000000007,961
2026-06-12T02:45:00+00:00,24604.070000000007,24610.820000000007,24593.070000000007,24606.570000000007,498.15989053948397
2026-06-12T03:00:00+00:00,24606.570000000007,24609.320000000007,24581.570000000007,24588.570000000007,978
2026-06-12T03:15:00+00:00,24588.570000000007,24597.580000000005,24575.580000000005,24592.820000000007,1384
2026-06-12T03:30:00+00:00,24592.820000000007,24608.340000000007,24586.570000000007,24600.580000000005,1664
2026-06-12T03:45:00+00:00,24600.580000000005,24611.330000000005,24580.580000000005,24605.590000000007,1555
2026-06-12T04:00:00+00:00,24605.590000000007,24608.840000000007,24574.570000000007,24597.340000000007,1206
2026-06-12T04:15:00+00:00,24597.340000000007,24622.330000000005,24584.570000000007,24615.570000000007,871
2026-06-12T04:30:00+00:00,24615.570000000007,24634.340000000007,24614.570000000007,24627.340000000007,781
2026-06-12T04:45:00+00:00,24627.340000000007,24632.840000000007,24610.590000000007,24620.320000000007,1191
2026-06-12T05:00:00+00:00,24620.320000000007,24638.330000000005,24592.570000000007,24609.820000000007,1440
2026-06-12T05:15:00+00:00,24609.820000000007,24617.840000000007,24597.570000000007,24606.590000000007,1406
2026-06-12T05:30:00+00:00,24606.590000000007,24606.590000000007,24550.340000000007,24583.570000000007,2631
2026-06-12T05:45:00+00:00,24583.570000000007,24588.340000000007,24530.590000000007,24549.590000000007,2176
2026-06-12T06:00:00+00:00,24549.590000000007,24610.840000000007,24548.570000000007,24584.840000000007,5516
2026-06-12T06:15:00+00:00,24584.840000000007,24597.830000000005,24568.320000000007,24593.820000000007,4805
2026-06-12T06:30:00+00:00,24593.820000000007,24594.820000000007,24531.820000000007,24548.320000000007,5261
2026-06-12T06:45:00+00:00,24548.320000000007,24578.840000000007,24535.320000000007,24576.330000000005,4669
2026-06-12T07:00:00+00:00,24576.330000000005,24602.680000000008,24525.670000000006,24529.680000000008,19718
2026-06-12T07:15:00+00:00,24529.680000000008,24573.690000000006,24503.670000000006,24516.670000000006,13156
2026-06-12T07:30:00+00:00,24516.670000000006,24571.190000000006,24512.680000000008,24569.180000000008,14028
2026-06-12T07:45:00+00:00,24569.180000000008,24765.590000000007,24567.170000000006,24662.670000000006,12951
2026-06-12T08:00:00+00:00,24662.670000000006,24730.690000000006,24645.180000000008,24710.180000000008,16859
2026-06-12T08:15:00+00:00,24710.180000000008,24770.180000000008,24695.170000000006,24725.670000000006,18792
2026-06-12T08:30:00+00:00,24725.670000000006,24739.190000000006,24632.670000000006,24636.170000000006,13923
2026-06-12T08:45:00+00:00,24636.170000000006,24646.680000000008,24600.190000000006,24633.690000000006,10839
2026-06-12T09:00:00+00:00,24633.690000000006,24684.190000000006,24631.680000000008,24683.680000000008,8887
2026-06-12T09:15:00+00:00,24683.680000000008,24707.680000000008,24670.170000000006,24689.170000000006,10314
2026-06-12T09:30:00+00:00,24689.170000000006,24717.690000000006,24677.670000000006,24684.670000000006,8489
2026-06-12T09:45:00+00:00,24684.670000000006,24701.180000000008,24663.670000000006,24673.680000000008,8357
2026-06-12T10:00:00+00:00,24673.680000000008,24686.190000000006,24624.670000000006,24642.690000000006,8944
2026-06-12T10:15:00+00:00,24642.690000000006,24648.180000000008,24565.190000000006,24577.690000000006,9176
2026-06-12T10:30:00+00:00,24577.690000000006,24614.190000000006,24563.180000000008,24604.680000000008,4928
2026-06-12T10:45:00+00:00,24604.680000000008,24614.170000000006,24588.170000000006,24599.190000000006,3189
2026-06-12T11:00:00+00:00,24599.190000000006,24619.180000000008,24590.680000000008,24609.670000000006,7067
2026-06-12T11:15:00+00:00,24609.670000000006,24646.690000000006,24607.690000000006,24639.670000000006,6638
2026-06-12T11:30:00+00:00,24639.670000000006,24650.680000000008,24596.170000000006,24614.680000000008,7791
2026-06-12T11:45:00+00:00,24614.680000000008,24625.680000000008,24581.670000000006,24589.190000000006,5928
2026-06-12T12:00:00+00:00,24589.190000000006,24594.190000000006,24537.680000000008,24544.190000000006,7387
2026-06-12T12:15:00+00:00,24544.190000000006,24544.190000000006,24501.680000000008,24503.190000000006,6585
2026-06-12T12:30:00+00:00,24503.190000000006,24520.190000000006,24482.180000000008,24490.680000000008,8405
2026-06-12T12:45:00+00:00,24490.680000000008,24513.180000000008,24455.570000000007,24477.680000000008,8689
2026-06-12T13:00:00+00:00,24477.680000000008,24539.690000000006,24474.670000000006,24535.180000000008,7236
2026-06-12T13:15:00+00:00,24535.180000000008,24566.180000000008,24529.690000000006,24559.170000000006,6874
2026-06-12T13:30:00+00:00,24559.170000000006,24561.690000000006,24424.170000000006,24459.680000000008,32317
2026-06-12T13:45:00+00:00,24459.680000000008,24527.170000000006,24445.190000000006,24508.670000000006,24083
2026-06-12T14:00:00+00:00,24508.670000000006,24549.190000000006,24503.580000000005,24520.680000000008,16492
2026-06-12T14:15:00+00:00,24520.680000000008,24555.690000000006,24490.170000000006,24513.680000000008,15232
2026-06-12T14:30:00+00:00,24513.680000000008,24565.680000000008,24508.690000000006,24521.170000000006,16845
2026-06-12T14:45:00+00:00,24521.170000000006,24647.180000000008,24496.670000000006,24634.680000000008,27484.102046185573
2026-06-12T15:00:00+00:00,24634.680000000008,24644.69000000001,24593.69000000001,24628.19000000001,14854
2026-06-12T15:15:00+00:00,24628.19000000001,24650.19000000001,24618.19000000001,24627.19000000001,9048
2026-06-12T15:30:00+00:00,24627.19000000001,24681.200000000008,24616.680000000008,24623.680000000008,11269
2026-06-12T15:45:00+00:00,24623.680000000008,24641.700000000008,24566.19000000001,24574.19000000001,10896
2026-06-12T16:00:00+00:00,24574.19000000001,24653.840000000007,24548.33000000001,24621.33000000001,13838
2026-06-12T16:15:00+00:00,24621.33000000001,24648.85000000001,24609.83000000001,24615.85000000001,11123
2026-06-12T16:30:00+00:00,24615.85000000001,24639.85000000001,24609.83000000001,24631.33000000001,6761
2026-06-12T16:45:00+00:00,24631.33000000001,24652.340000000007,24625.33000000001,24637.85000000001,6229
2026-06-12T17:00:00+00:00,24637.85000000001,24696.08000000001,24637.85000000001,24666.840000000007,6226
2026-06-12T17:15:00+00:00,24666.840000000007,24677.35000000001,24651.83000000001,24659.340000000007,4815
2026-06-12T17:30:00+00:00,24659.340000000007,24662.340000000007,24638.83000000001,24654.840000000007,4833
2026-06-12T17:45:00+00:00,24654.840000000007,24671.85000000001,24650.33000000001,24658.33000000001,4179
2026-06-12T18:00:00+00:00,24658.33000000001,24671.33000000001,24646.83000000001,24655.83000000001,5264
2026-06-12T18:15:00+00:00,24655.83000000001,24670.85000000001,24647.840000000007,24668.33000000001,4401
2026-06-12T18:30:00+00:00,24668.33000000001,24688.35000000001,24667.840000000007,24681.840000000007,3232
2026-06-12T18:45:00+00:00,24681.840000000007,24684.85000000001,24659.35000000001,24662.840000000007,3703
2026-06-12T19:00:00+00:00,24662.840000000007,24683.85000000001,24659.33000000001,24681.83000000001,4174
2026-06-12T19:15:00+00:00,24681.83000000001,24701.83000000001,24674.840000000007,24690.35000000001,3377
2026-06-12T19:30:00+00:00,24690.35000000001,24693.85000000001,24662.33000000001,24677.840000000007,5421
2026-06-12T19:45:00+00:00,24677.840000000007,24692.33000000001,24665.35000000001,24683.58000000001,4213
2026-06-15T00:30:00+00:00,24683.58000000001,25090.110000000008,24683.58000000001,25063.35000000001,920
2026-06-15T00:45:00+00:00,25063.35000000001,25066.860000000008,25043.090000000007,25053.10000000001,859
2026-06-15T01:00:00+00:00,25053.10000000001,25081.860000000008,25032.110000000008,25063.090000000007,1140
2026-06-15T01:15:00+00:00,25063.090000000007,25067.35000000001,25042.090000000007,25051.840000000007,1788
2026-06-15T01:30:00+00:00,25051.840000000007,25065.860000000008,25039.10000000001,25057.10000000001,1109.8346183222277
2026-06-15T01:45:00+00:00,25057.10000000001,25060.85000000001,25025.840000000007,25031.35000000001,1162
2026-06-15T02:00:00+00:00,25031.35000000001,25036.360000000008,25011.110000000008,25018.110000000008,1140.3279258400926
2026-06-15T02:15:00+00:00,25018.110000000008,25039.860000000008,25018.090000000007,25034.340000000007,726
2026-06-15T02:30:00+00:00,25034.340000000007,25045.35000000001,25030.090000000007,25044.85000000001,591
2026-06-15T02:45:00+00:00,25044.85000000001,25054.85000000001,25040.090000000007,25050.860000000008,651
2026-06-15T03:00:00+00:00,25050.860000000008,25056.360000000008,25039.10000000001,25054.860000000008,1015
2026-06-15T03:15:00+00:00,25054.860000000008,25066.35000000001,25049.10000000001,25054.840000000007,754
2026-06-15T03:30:00+00:00,25054.840000000007,25056.340000000007,25030.10000000001,25035.340000000007,907
2026-06-15T03:45:00+00:00,25035.340000000007,25036.860000000008,25022.10000000001,25025.860000000008,586.6673854447439
2026-06-15T04:00:00+00:00,25025.860000000008,25031.860000000008,25009.340000000007,25021.85000000001,525
2026-06-15T04:15:00+00:00,25021.85000000001,25033.85000000001,25021.090000000007,25031.340000000007,705
2026-06-15T04:30:00+00:00,25031.340000000007,25031.85000000001,25015.110000000008,25026.10000000001,818
2026-06-15T04:45:00+00:00,25026.10000000001,25045.860000000008,25022.110000000008,25042.10000000001,837
2026-06-15T05:00:00+00:00,25042.10000000001,25055.860000000008,25034.090000000007,25051.860000000008,867
2026-06-15T05:15:00+00:00,25051.860000000008,25074.85000000001,25048.090000000007,25069.360000000008,1109
2026-06-15T05:30:00+00:00,25069.360000000008,25073.840000000007,25036.090000000007,25038.840000000007,1208
2026-06-15T05:45:00+00:00,25038.840000000007,25045.85000000001,25023.340000000007,25040.840000000007,735
2026-06-15T06:00:00+00:00,25040.840000000007,25051.860000000008,25004.35000000001,25033.340000000007,3295
2026-06-15T06:15:00+00:00,25033.340000000007,25099.860000000008,25027.840000000007,25084.840000000007,3908
2026-06-15T06:30:00+00:00,25084.840000000007,25092.840000000007,25059.360000000008,25079.35000000001,3799
2026-06-15T06:45:00+00:00,25079.35000000001,25080.860000000008,25057.340000000007,25066.340000000007,3774
2026-06-15T07:00:00+00:00,25066.340000000007,25105.69000000001,25034.700000000008,25077.19000000001,16646
2026-06-15T07:15:00+00:00,25077.19000000001,25106.210000000006,25065.710000000006,25093.700000000008,12100
2026-06-15T07:30:00+00:00,25093.700000000008,25105.19000000001,25055.210000000006,25064.69000000001,10314
2026-06-15T07:45:00+00:00,25064.69000000001,25095.710000000006,25039.19000000001,25040.200000000008,8044
2026-06-15T08:00:00+00:00,25040.200000000008,25066.200000000008,24996.19000000001,25006.19000000001,10095
2026-06-15T08:15:00+00:00,25006.19000000001,25047.710000000006,24990.210000000006,25037.69000000001,8041
2026-06-15T08:30:00+00:00,25037.69000000001,25039.210000000006,24979.69000000001,24993.210000000006,6588
2026-06-15T08:45:00+00:00,24993.210000000006,25002.710000000006,24955.200000000008,24963.200000000008,5833
2026-06-15T09:00:00+00:00,24963.200000000008,24971.19000000001,24949.69000000001,24950.19000000001,6472
2026-06-15T09:15:00+00:00,24950.19000000001,24952.200000000008,24915.700000000008,24930.200000000008,6494
2026-06-15T09:30:00+00:00,24930.200000000008,24947.19000000001,24912.19000000001,24914.700000000008,5352
2026-06-15T09:45:00+00:00,24914.700000000008,24946.210000000006,24914.700000000008,24936.69000000001,5127
2026-06-15T10:00:00+00:00,24936.69000000001,24971.69000000001,24926.700000000008,24955.19000000001,4294
2026-06-15T10:15:00+00:00,24955.19000000001,24975.700000000008,24942.700000000008,24967.710000000006,3791
2026-06-15T10:30:00+00:00,24967.710000000006,24972.69000000001,24934.69000000001,24950.700000000008,3507
2026-06-15T10:45:00+00:00,24950.700000000008,24965.210000000006,24936.700000000008,24960.710000000006,3416
2026-06-15T11:00:00+00:00,24960.710000000006,24980.710000000006,24952.200000000008,24973.700000000008,3810
2026-06-15T11:15:00+00:00,24973.700000000008,24988.710000000006,24962.19000000001,24982.69000000001,3763
2026-06-15T11:30:00+00:00,24982.69000000001,24991.710000000006,24958.69000000001,24970.700000000008,3881
2026-06-15T11:45:00+00:00,24970.700000000008,24988.210000000006,24955.69000000001,24978.710000000006,4029
2026-06-15T12:00:00+00:00,24978.710000000006,25008.210000000006,24969.69000000001,24995.210000000006,4831
2026-06-15T12:15:00+00:00,24995.210000000006,25001.710000000006,24972.200000000008,24987.210000000006,4838
2026-06-15T12:30:00+00:00,24987.210000000006,24995.710000000006,24976.210000000006,24983.700000000008,4755
2026-06-15T12:45:00+00:00,24983.700000000008,25012.200000000008,24981.700000000008,25007.200000000008,4435
2026-06-15T13:00:00+00:00,25007.200000000008,25014.710000000006,24991.700000000008,24996.19000000001,4839
2026-06-15T13:15:00+00:00,24996.19000000001,25020.710000000006,24987.69000000001,25006.700000000008,4941
2026-06-15T13:30:00+00:00,25006.700000000008,25028.200000000008,24976.19000000001,24991.210000000006,12644
2026-06-15T13:45:00+00:00,24991.210000000006,24991.210000000006,24932.700000000008,24938.210000000006,8829
2026-06-15T14:00:00+00:00,24938.210000000006,24954.210000000006,24912.700000000008,24922.710000000006,9769
2026-06-15T14:15:00+00:00,24922.710000000006,24953.710000000006,24907.69000000001,24940.200000000008,8821
2026-06-15T14:30:00+00:00,24940.200000000008,24988.210000000006,24939.19000000001,24974.700000000008,7058
2026-06-15T14:45:00+00:00,24974.700000000008,24981.700000000008,24931.700000000008,24951.700000000008,7250
2026-06-15T15:00:00+00:00,24951.700000000008,24960.210000000006,24902.700000000008,24904.710000000006,6567
2026-06-15T15:15:00+00:00,24904.710000000006,24926.710000000006,24896.69000000001,24919.19000000001,5670
2026-06-15T15:30:00+00:00,24919.19000000001,24944.210000000006,24896.69000000001,24935.69000000001,6031
2026-06-15T15:45:00+00:00,24935.69000000001,24957.710000000006,24932.700000000008,24938.710000000006,2989
2026-06-15T16:00:00+00:00,24938.710000000006,24940.860000000008,24923.840000000007,24934.340000000007,2538
2026-06-15T16:15:00+00:00,24934.340000000007,24936.35000000001,24923.340000000007,24930.860000000008,2398
2026-06-15T16:30:00+00:00,24930.860000000008,24936.360000000008,24917.340000000007,24920.35000000001,1935
2026-06-15T16:45:00+00:00,24920.35000000001,24928.85000000001,24912.85000000001,24923.840000000007,2358
2026-06-15T17:00:00+00:00,24923.840000000007,24925.340000000007,24894.340000000007,24899.35000000001,2458
2026-06-15T17:15:00+00:00,24899.35000000001,24919.340000000007,24897.340000000007,24915.340000000007,1567
2026-06-15T17:30:00+00:00,24915.340000000007,24918.360000000008,24894.85000000001,24895.35000000001,1283
2026-06-15T17:45:00+00:00,24895.35000000001,24904.360000000008,24884.840000000007,24892.340000000007,1410
2026-06-15T18:00:00+00:00,24892.340000000007,24896.360000000008,24873.85000000001,24883.35000000001,2692
2026-06-15T18:15:00+00:00,24883.35000000001,24887.860000000008,24865.85000000001,24867.340000000007,1313
2026-06-15T18:30:00+00:00,24867.340000000007,24880.360000000008,24859.840000000007,24872.35000000001,1894
2026-06-15T18:45:00+00:00,24872.35000000001,24877.860000000008,24866.340000000007,24868.340000000007,1168
2026-06-15T19:00:00+00:00,24868.340000000007,24875.360000000008,24861.840000000007,24874.360000000008,1739
2026-06-15T19:15:00+00:00,24874.360000000008,24877.840000000007,24848.860000000008,24850.340000000007,1619
2026-06-15T19:30:00+00:00,24850.340000000007,24868.35000000001,24849.35000000001,24867.360000000008,1642
2026-06-15T19:45:00+00:00,24867.360000000008,24877.360000000008,24854.85000000001,24873.610000000008,2576
2026-06-16T00:30:00+00:00,24873.610000000008,24885.67000000001,24863.40000000001,24875.660000000007,895
2026-06-16T00:45:00+00:00,24875.660000000007,24878.660000000007,24861.40000000001,24870.40000000001,1162
2026-06-16T01:00:00+00:00,24870.40000000001,24880.65000000001,24861.40000000001,24869.410000000007,1383
2026-06-16T01:15:00+00:00,24869.410000000007,24883.17000000001,24861.42000000001,24873.410000000007,1172
2026-06-16T01:30:00+00:00,24873.410000000007,24879.67000000001,24851.410000000007,24854.67000000001,1359
2026-06-16T01:45:00+00:00,24854.67000000001,24868.42000000001,24851.160000000007,24862.42000000001,570
2026-06-16T02:00:00+00:00,24862.42000000001,24868.65000000001,24845.17000000001,24850.160000000007,473
2026-06-16T02:15:00+00:00,24850.160000000007,24867.160000000007,24847.42000000001,24851.160000000007,383.17640807651435
2026-06-16T02:30:00+00:00,24851.160000000007,24862.160000000007,24846.40000000001,24852.42000000001,344
2026-06-16T02:45:00+00:00,24852.42000000001,24858.17000000001,24850.40000000001,24851.92000000001,194.23405455238486
2026-06-16T03:00:00+00:00,24851.92000000001,24864.67000000001,24850.92000000001,24856.92000000001,259.88435566637185
2026-06-16T03:15:00+00:00,24856.92000000001,24867.92000000001,24848.910000000007,24866.910000000007,188.74833176832053
2026-06-16T03:30:00+00:00,24866.910000000007,24898.660000000007,24866.910000000007,24894.92000000001,392.08058124174374
2026-06-16T03:45:00+00:00,24894.92000000001,24896.910000000007,24867.40000000001,24873.15000000001,367.82817558048606
2026-06-16T04:00:00+00:00,24873.15000000001,24877.67000000001,24863.410000000007,24871.67000000001,370.2926101956967
2026-06-16T04:15:00+00:00,24871.67000000001,24874.15000000001,24861.40000000001,24864.40000000001,228.76991048220913
2026-06-16T04:30:00+00:00,24864.40000000001,24879.17000000001,24864.40000000001,24876.17000000001,508
2026-06-16T04:45:00+00:00,24876.17000000001,24880.160000000007,24860.40000000001,24868.40000000001,677
2026-06-16T05:00:00+00:00,24868.40000000001,24906.67000000001,24866.42000000001,24901.160000000007,554.6688639007367
2026-06-16T05:15:00+00:00,24901.160000000007,24910.65000000001,24892.92000000001,24894.910000000007,532.3180160466812
2026-06-16T05:30:00+00:00,24894.910000000007,24899.660000000007,24870.90000000001,24879.90000000001,899
2026-06-16T05:45:00+00:00,24879.90000000001,24896.160000000007,24878.660000000007,24893.15000000001,782
2026-06-16T06:00:00+00:00,24893.15000000001,24931.17000000001,24876.160000000007,24929.15000000001,2036
2026-06-16T06:15:00+00:00,24929.15000000001,24935.65000000001,24911.160000000007,24929.65000000001,2000
2026-06-16T06:30:00+00:00,24929.65000000001,24938.660000000007,24925.15000000001,24929.660000000007,2416
2026-06-16T06:45:00+00:00,24929.660000000007,24959.660000000007,24926.65000000001,24955.17000000001,1919
2026-06-16T07:00:00+00:00,24955.17000000001,24971.500000000007,24938.500000000007,24959.500000000007,11144
2026-06-16T07:15:00+00:00,24959.500000000007,24962.51000000001,24913.000000000007,24936.500000000007,8185
2026-06-16T07:30:00+00:00,24936.500000000007,24946.020000000008,24906.01000000001,24931.51000000001,9966
2026-06-16T07:45:00+00:00,24931.51000000001,25005.520000000008,24931.500000000007,24998.520000000008,8556
2026-06-16T08:00:00+00:00,24998.520000000008,25064.520000000008,24985.51000000001,25063.520000000008,8616
2026-06-16T08:15:00+00:00,25063.520000000008,25120.520000000008,25059.520000000008,25115.01000000001,6679
2026-06-16T08:30:00+00:00,25115.01000000001,25118.520000000008,25066.520000000008,25079.51000000001,6111
2026-06-16T08:45:00+00:00,25079.51000000001,25107.01000000001,25069.500000000007,25101.51000000001,4654
2026-06-16T09:00:00+00:00,25101.51000000001,25106.51000000001,25081.000000000007,25086.01000000001,4628
2026-06-16T09:15:00+00:00,25086.01000000001,25093.020000000008,25068.500000000007,25092.000000000007,4630
2026-06-16T09:30:00+00:00,25092.000000000007,25105.020000000008,25058.500000000007,25062.520000000008,4158
2026-06-16T09:45:00+00:00,25062.520000000008,25089.520000000008,25050.000000000007,25087.51000000001,3950
2026-06-16T10:00:00+00:00,25087.51000000001,25097.520000000008,25070.000000000007,25075.000000000007,3937
2026-06-16T10:15:00+00:00,25075.000000000007,25083.520000000008,25045.51000000001,25054.500000000007,3904
2026-06-16T10:30:00+00:00,25054.500000000007,25076.520000000008,25053.000000000007,25071.520000000008,3531
2026-06-16T10:45:00+00:00,25071.520000000008,25071.520000000008,25053.500000000007,25059.500000000007,3625
2026-06-16T11:00:00+00:00,25059.500000000007,25064.020000000008,25015.020000000008,25019.520000000008,5318
2026-06-16T11:15:00+00:00,25019.520000000008,25026.520000000008,25006.500000000007,25021.500000000007,3575
2026-06-16T11:30:00+00:00,25021.500000000007,25030.020000000008,25002.500000000007,25019.500000000007,5285
2026-06-16T11:45:00+00:00,25019.500000000007,25026.520000000008,25005.500000000007,25018.020000000008,5017
2026-06-16T12:00:00+00:00,25018.020000000008,25060.51000000001,25014.51000000001,25057.51000000001,5697
2026-06-16T12:15:00+00:00,25057.51000000001,25063.520000000008,25011.500000000007,25022.500000000007,8269
2026-06-16T12:30:00+00:00,25022.500000000007,25048.520000000008,24997.000000000007,25004.520000000008,7452
2026-06-16T12:45:00+00:00,25004.520000000008,25019.020000000008,24986.51000000001,24992.520000000008,7309
2026-06-16T13:00:00+00:00,24992.520000000008,24996.500000000007,24973.51000000001,24985.51000000001,8108
2026-06-16T13:15:00+00:00,24985.51000000001,24992.520000000008,24966.500000000007,24990.500000000007,7347
2026-06-16T13:30:00+00:00,24990.500000000007,24996.000000000007,24934.500000000007,24959.500000000007,15102
2026-06-16T13:45:00+00:00,24959.500000000007,24994.520000000008,24947.500000000007,24991.520000000008,10893
2026-06-16T14:00:00+00:00,24991.520000000008,24991.520000000008,24939.000000000007,24949.51000000001,11156
2026-06-16T14:15:00+00:00,24949.51000000001,24959.520000000008,24914.500000000007,24939.000000000007,12141
2026-06-16T14:30:00+00:00,24939.000000000007,24974.520000000008,24922.51000000001,24959.01000000001,12551
2026-06-16T14:45:00+00:00,24959.01000000001,24960.020000000008,24924.51000000001,24934.500000000007,10964
2026-06-16T15:00:00+00:00,24934.500000000007,24944.01000000001,24909.000000000007,24935.520000000008,10554
2026-06-16T15:15:00+00:00,24935.520000000008,24941.520000000008,24918.500000000007,24921.500000000007,10397
2026-06-16T15:30:00+00:00,24921.500000000007,24948.51000000001,24900.500000000007,24905.520000000008,9407
2026-06-16T15:45:00+00:00,24905.520000000008,24909.000000000007,24812.000000000007,24839.01000000001,11572
2026-06-16T16:00:00+00:00,24839.01000000001,24852.67000000001,24823.660000000007,24844.660000000007,7231
2026-06-16T16:15:00+00:00,24844.660000000007,24856.160000000007,24835.67000000001,24852.160000000007,6466
2026-06-16T16:30:00+00:00,24852.160000000007,24859.160000000007,24840.67000000001,24841.160000000007,6693
2026-06-16T16:45:00+00:00,24841.160000000007,24848.67000000001,24833.65000000001,24841.15000000001,4979
2026-06-16T17:00:00+00:00,24841.15000000001,24841.660000000007,24825.15000000001,24827.15000000001,4278
2026-06-16T17:15:00+00:00,24827.15000000001,24829.660000000007,24810.15000000001,24815.65000000001,4758
2026-06-16T17:30:00+00:00,24815.65000000001,24841.17000000001,24805.65000000001,24835.15000000001,5022
2026-06-16T17:45:00+00:00,24835.15000000001,24845.17000000001,24832.17000000001,24842.67000000001,3983
2026-06-16T18:00:00+00:00,24842.67000000001,24842.67000000001,24828.160000000007,24829.15000000001,3745
2026-06-16T18:15:00+00:00,24829.15000000001,24841.17000000001,24822.660000000007,24832.15000000001,3649
2026-06-16T18:30:00+00:00,24832.15000000001,24834.660000000007,24814.65000000001,24823.17000000001,3256
2026-06-16T18:45:00+00:00,24823.17000000001,24824.160000000007,24807.15000000001,24811.15000000001,2674
2026-06-16T19:00:00+00:00,24811.15000000001,24820.17000000001,24777.660000000007,24783.660000000007,5068
2026-06-16T19:15:00+00:00,24783.660000000007,24803.17000000001,24772.15000000001,24795.17000000001,5333
2026-06-16T19:30:00+00:00,24795.17000000001,24804.160000000007,24777.65000000001,24787.17000000001,6198
2026-06-16T19:45:00+00:00,24787.17000000001,24800.67000000001,24765.90000000001,24767.90000000001,6886
2026-06-17T00:30:00+00:00,24767.90000000001,24808.160000000007,24767.90000000001,24796.410000000007,602
2026-06-17T00:45:00+00:00,24796.410000000007,24805.67000000001,24784.40000000001,24803.67000000001,478.51790650283067
2026-06-17T01:00:00+00:00,24803.67000000001,24823.660000000007,24793.90000000001,24816.90000000001,748
2026-06-17T01:15:00+00:00,24816.90000000001,24827.160000000007,24807.90000000001,24821.67000000001,504
2026-06-17T01:30:00+00:00,24821.67000000001,24829.15000000001,24811.90000000001,24812.90000000001,437
2026-06-17T01:45:00+00:00,24812.90000000001,24831.67000000001,24811.910000000007,24830.660000000007,421.46375598086127
2026-06-17T02:00:00+00:00,24830.660000000007,24836.660000000007,24824.910000000007,24832.90000000001,568.3776146788991
2026-06-17T02:15:00+00:00,24832.90000000001,24834.67000000001,24829.90000000001,24829.910000000007,162.44880071503542
2026-06-17T02:30:00+00:00,24829.910000000007,24834.65000000001,24818.90000000001,24820.90000000001,160.11866273937005
2026-06-17T02:45:00+00:00,24820.90000000001,24822.65000000001,24805.910000000007,24806.90000000001,288
2026-06-17T03:00:00+00:00,24806.90000000001,24813.65000000001,24793.67000000001,24795.15000000001,492
2026-06-17T03:15:00+00:00,24795.15000000001,24804.160000000007,24793.65000000001,24802.15000000001,343
2026-06-17T03:30:00+00:00,24802.15000000001,24820.160000000007,24797.90000000001,24819.15000000001,440.40942703228006
2026-06-17T03:45:00+00:00,24819.15000000001,24825.17000000001,24815.40000000001,24823.17000000001,302
2026-06-17T04:00:00+00:00,24823.17000000001,24826.65000000001,24810.410000000007,24811.40000000001,477
2026-06-17T04:15:00+00:00,24811.40000000001,24819.17000000001,24807.40000000001,24808.410000000007,258.15500197706604
2026-06-17T04:30:00+00:00,24808.410000000007,24816.15000000001,24801.42000000001,24803.410000000007,281.1497080900751
2026-06-17T04:45:00+00:00,24803.410000000007,24836.660000000007,24803.410000000007,24831.42000000001,401.15602536997886
2026-06-17T05:00:00+00:00,24831.42000000001,24839.67000000001,24827.40000000001,24834.67000000001,369.68798391583067
2026-06-17T05:15:00+00:00,24834.67000000001,24842.65000000001,24831.410000000007,24840.65000000001,350
2026-06-17T05:30:00+00:00,24840.65000000001,24859.67000000001,24840.15000000001,24848.160000000007,479
2026-06-17T05:45:00+00:00,24848.160000000007,24856.15000000001,24840.40000000001,24847.65000000001,413.01928721174005
2026-06-17T06:00:00+00:00,24847.65000000001,24872.67000000001,24838.65000000001,24862.660000000007,3080
2026-06-17T06:15:00+00:00,24862.660000000007,24868.160000000007,24846.67000000001,24853.15000000001,3467
2026-06-17T06:30:00+00:00,24853.15000000001,24853.67000000001,24835.65000000001,24840.17000000001,3926
2026-06-17T06:45:00+00:00,24840.17000000001,24846.67000000001,24815.660000000007,24833.160000000007,3357
2026-06-17T07:00:00+00:00,24833.160000000007,24880.020000000008,24807.01000000001,24859.500000000007,16660
2026-06-17T07:15:00+00:00,24859.500000000007,24861.01000000001,24817.020000000008,24829.020000000008,11694
2026-06-17T07:30:00+00:00,24829.020000000008,24850.000000000007,24805.000000000007,24838.51000000001,10341
2026-06-17T07:45:00+00:00,24838.51000000001,24864.520000000008,24831.000000000007,24837.51000000001,8656
2026-06-17T08:00:00+00:00,24837.51000000001,24848.51000000001,24824.000000000007,24825.500000000007,10823
2026-06-17T08:15:00+00:00,24825.500000000007,24836.020000000008,24799.01000000001,24823.020000000008,9037
2026-06-17T08:30:00+00:00,24823.020000000008,24825.01000000001,24764.40000000001,24793.500000000007,8816
2026-06-17T08:45:00+00:00,24793.500000000007,24839.520000000008,24792.520000000008,24835.520000000008,6446
2026-06-17T09:00:00+00:00,24835.520000000008,24866.000000000007,24832.000000000007,24865.51000000001,6416
2026-06-17T09:15:00+00:00,24865.51000000001,24883.520000000008,24858.000000000007,24878.520000000008,6866
2026-06-17T09:30:00+00:00,24878.520000000008,24894.500000000007,24866.500000000007,24894.000000000007,6706
2026-06-17T09:45:00+00:00,24894.000000000007,24921.520000000008,24888.51000000001,24917.520000000008,7028
2026-06-17T10:00:00+00:00,24917.520000000008,24921.520000000008,24887.01000000001,24920.020000000008,7198
2026-06-17T10:15:00+00:00,24920.020000000008,24931.020000000008,24910.000000000007,24913.520000000008,5957
2026-06-17T10:30:00+00:00,24913.520000000008,24941.000000000007,24912.51000000001,24939.51000000001,5313
2026-06-17T10:45:00+00:00,24939.51000000001,24960.000000000007,24933.500000000007,24946.520000000008,6398
2026-06-17T11:00:00+00:00,24946.520000000008,24961.520000000008,24933.01000000001,24956.01000000001,5710
2026-06-17T11:15:00+00:00,24956.01000000001,24958.500000000007,24930.000000000007,24942.020000000008,4622
2026-06-17T11:30:00+00:00,24942.020000000008,24942.520000000008,24894.000000000007,24902.020000000008,5556
2026-06-17T11:45:00+00:00,24902.020000000008,24910.520000000008,24855.500000000007,24865.01000000001,6395
2026-06-17T12:00:00+00:00,24865.01000000001,24897.020000000008,24860.500000000007,24885.51000000001,5612
2026-06-17T12:15:00+00:00,24885.51000000001,24887.000000000007,24863.020000000008,24870.01000000001,5608
2026-06-17T12:30:00+00:00,24870.01000000001,24899.020000000008,24868.40000000001,24896.51000000001,6691
2026-06-17T12:45:00+00:00,24896.51000000001,24906.020000000008,24877.000000000007,24879.520000000008,6437
2026-06-17T13:00:00+00:00,24879.520000000008,24902.020000000008,24854.500000000007,24862.000000000007,7086
2026-06-17T13:15:00+00:00,24862.000000000007,24873.020000000008,24851.520000000008,24857.51000000001,7639
2026-06-17T13:30:00+00:00,24857.51000000001,24872.01000000001,24828.000000000007,24866.020000000008,16882
2026-06-17T13:45:00+00:00,24866.020000000008,24898.020000000008,24863.020000000008,24871.020000000008,12679
2026-06-17T14:00:00+00:00,24871.020000000008,24871.020000000008,24834.51000000001,24860.01000000001,15650
2026-06-17T14:15:00+00:00,24860.01000000001,24923.520000000008,24858.51000000001,24919.520000000008,7187
2026-06-17T14:30:00+00:00,24919.520000000008,24946.01000000001,24902.000000000007,24946.000000000007,13350
2026-06-17T14:45:00+00:00,24946.000000000007,24948.01000000001,24823.01000000001,24886.020000000008,23497
2026-06-17T15:00:00+00:00,24886.020000000008,24909.01000000001,24884.000000000007,24906.01000000001,13117
2026-06-17T15:15:00+00:00,24906.01000000001,24942.500000000007,24901.01000000001,24940.000000000007,13187
2026-06-17T15:30:00+00:00,24940.000000000007,24975.520000000008,24929.51000000001,24968.500000000007,9248
2026-06-17T15:45:00+00:00,24968.500000000007,24982.520000000008,24959.01000000001,24961.500000000007,5466
2026-06-17T16:00:00+00:00,24961.500000000007,24971.660000000007,24952.17000000001,24959.15000000001,4019
2026-06-17T16:15:00+00:00,24959.15000000001,24970.17000000001,24951.67000000001,24961.160000000007,3789
2026-06-17T16:30:00+00:00,24961.160000000007,24964.67000000001,24941.65000000001,24945.160000000007,4046
2026-06-17T16:45:00+00:00,24945.160000000007,24945.17000000001,24930.17000000001,24943.65000000001,4193
2026-06-17T17:00:00+00:00,24943.65000000001,24951.17000000001,24904.410000000007,24932.160000000007,5247
2026-06-17T17:15:00+00:00,24932.160000000007,24944.17000000001,24927.15000000001,24936.160000000007,2919
2026-06-17T17:30:00+00:00,24936.160000000007,24938.65000000001,24923.65000000001,24937.160000000007,2982
2026-06-17T17:45:00+00:00,24937.160000000007,24965.660000000007,24931.15000000001,24958.910000000007,3155.3352087191306
2026-06-17T18:00:00+00:00,24958.910000000007,24958.910000000007,24828.910000000007,24890.17000000001,7171
2026-06-17T18:15:00+00:00,24890.17000000001,24918.15000000001,24889.65000000001,24908.15000000001,5741
2026-06-17T18:30:00+00:00,24908.15000000001,24963.660000000007,24876.90000000001,24957.15000000001,10306
2026-06-17T18:45:00+00:00,24957.15000000001,24981.67000000001,24882.65000000001,24904.15000000001,6953
2026-06-17T19:00:00+00:00,24904.15000000001,24927.67000000001,24867.17000000001,24909.17000000001,9812
2026-06-17T19:15:00+00:00,24909.17000000001,24913.67000000001,24810.65000000001,24824.65000000001,7623
2026-06-17T19:30:00+00:00,24824.65000000001,24843.67000000001,24784.910000000007,24799.160000000007,10573
2026-06-17T19:45:00+00:00,24799.160000000007,24838.17000000001,24784.910000000007,24813.90000000001,4826
2026-06-18T00:30:00+00:00,24813.90000000001,24915.910000000007,24813.90000000001,24896.930000000008,367.60562782723895
2026-06-18T00:45:00+00:00,24896.930000000008,24899.430000000008,24801.410000000007,24801.410000000007,419.24276689064715
2026-06-18T01:00:00+00:00,24801.410000000007,24820.17000000001,24801.410000000007,24808.42000000001,836.98215038598
2026-06-18T01:15:00+00:00,24808.42000000001,24839.430000000008,24779.410000000007,24814.410000000007,513
2026-06-18T01:30:00+00:00,24814.410000000007,24855.17000000001,24799.410000000007,24831.410000000007,793
2026-06-18T01:45:00+00:00,24831.410000000007,24851.160000000007,24807.42000000001,24825.42000000001,1361
2026-06-18T02:00:00+00:00,24825.42000000001,24856.680000000008,24820.410000000007,24848.930000000008,369.23708461323656
2026-06-18T02:15:00+00:00,24848.930000000008,24854.25000000001,24838.24000000001,24842.26000000001,311.8254152630968
2026-06-18T02:30:00+00:00,24842.26000000001,24844.25000000001,24821.74000000001,24828.76000000001,462.0738950276243
2026-06-18T02:45:00+00:00,24828.76000000001,24839.75000000001,24816.76000000001,24821.74000000001,517.1005269558168
2026-06-18T03:00:00+00:00,24821.74000000001,24832.25000000001,24807.74000000001,24809.76000000001,436.7744008110984
2026-06-18T03:15:00+00:00,24809.76000000001,24827.74000000001,24786.74000000001,24815.75000000001,320
2026-06-18T03:30:00+00:00,24815.75000000001,24830.76000000001,24798.25000000001,24809.24000000001,519.5955917585051
2026-06-18T03:45:00+00:00,24809.24000000001,24850.26000000001,24809.24000000001,24846.26000000001,247
2026-06-18T04:00:00+00:00,24846.26000000001,24864.50000000001,24836.26000000001,24847.26000000001,266
2026-06-18T04:15:00+00:00,24847.26000000001,24853.25000000001,24805.26000000001,24826.24000000001,316.9478934756565
2026-06-18T04:30:00+00:00,24826.24000000001,24826.26000000001,24806.24000000001,24807.26000000001,299
2026-06-18T04:45:00+00:00,24807.26000000001,24826.930000000008,24806.24000000001,24820.930000000008,382.08215144007386
2026-06-18T05:00:00+00:00,24820.930000000008,24841.180000000008,24810.910000000007,24834.92000000001,437
2026-06-18T05:15:00+00:00,24834.92000000001,24874.660000000007,24824.92000000001,24861.92000000001,644
2026-06-18T05:30:00+00:00,24861.92000000001,24868.660000000007,24853.910000000007,24868.660000000007,471
2026-06-18T05:45:00+00:00,24868.660000000007,24869.160000000007,24825.910000000007,24863.930000000008,492.6678724103913
2026-06-18T06:00:00+00:00,24863.930000000008,24910.67000000001,24841.910000000007,24906.67000000001,6440
2026-06-18T06:15:00+00:00,24906.67000000001,24947.680000000008,24897.660000000007,24925.67000000001,6493
2026-06-18T06:30:00+00:00,24925.67000000001,24931.160000000007,24890.17000000001,24913.660000000007,6434
2026-06-18T06:45:00+00:00,24913.660000000007,24963.180000000008,24910.660000000007,24960.680000000008,6377
2026-06-18T07:00:00+00:00,24960.680000000008,25006.03000000001,24956.01000000001,24977.03000000001,24737
2026-06-18T07:15:00+00:00,24977.03000000001,25040.020000000008,24959.01000000001,25031.03000000001,13890
2026-06-18T07:30:00+00:00,25031.03000000001,25036.03000000001,24974.51000000001,24979.03000000001,12091
2026-06-18T07:45:00+00:00,24979.03000000001,24988.53000000001,24933.51000000001,24962.51000000001,12354
2026-06-18T08:00:00+00:00,24962.51000000001,24987.53000000001,24949.520000000008,24960.020000000008,14137
2026-06-18T08:15:00+00:00,24960.020000000008,24966.520000000008,24897.01000000001,24900.520000000008,11408
2026-06-18T08:30:00+00:00,24900.520000000008,24900.53000000001,24852.01000000001,24861.01000000001,11884
2026-06-18T08:45:00+00:00,24861.01000000001,24870.03000000001,24833.020000000008,24840.020000000008,12171
2026-06-18T09:00:00+00:00,24840.020000000008,24900.53000000001,24817.51000000001,24893.520000000008,12027
2026-06-18T09:15:00+00:00,24893.520000000008,24931.03000000001,24891.51000000001,24926.53000000001,9714
2026-06-18T09:30:00+00:00,24926.53000000001,24934.03000000001,24910.01000000001,24926.020000000008,9003
2026-06-18T09:45:00+00:00,24926.020000000008,24982.51000000001,24925.020000000008,24947.520000000008,7547
2026-06-18T10:00:00+00:00,24947.520000000008,24954.53000000001,24914.51000000001,24951.51000000001,9706
2026-06-18T10:15:00+00:00,24951.51000000001,24971.03000000001,24949.01000000001,24955.03000000001,7621
2026-06-18T10:30:00+00:00,24955.03000000001,24962.53000000001,24904.01000000001,24905.03000000001,9588
2026-06-18T10:45:00+00:00,24905.03000000001,24931.51000000001,24888.930000000008,24889.930000000008,8368
2026-06-18T11:00:00+00:00,24889.930000000008,24917.53000000001,24849.020000000008,24885.53000000001,8975
2026-06-18T11:15:00+00:00,24885.53000000001,24911.03000000001,24866.020000000008,24910.01000000001,10326
2026-06-18T11:30:00+00:00,24910.01000000001,24924.03000000001,24878.51000000001,24908.03000000001,8801
2026-06-18T11:45:00+00:00,24908.03000000001,24927.03000000001,24889.51000000001,24916.01000000001,8584
2026-06-18T12:00:00+00:00,24916.01000000001,24953.03000000001,24913.51000000001,24949.53000000001,10512
2026-06-18T12:15:00+00:00,24949.53000000001,24971.520000000008,24942.51000000001,24943.930000000008,8136
2026-06-18T12:30:00+00:00,24943.930000000008,24981.03000000001,24941.910000000007,24976.520000000008,9191
2026-06-18T12:45:00+00:00,24976.520000000008,25016.03000000001,24973.020000000008,25003.020000000008,7547
2026-06-18T13:00:00+00:00,25003.020000000008,25025.020000000008,24974.51000000001,25013.51000000001,10902
2026-06-18T13:15:00+00:00,25013.51000000001,25021.03000000001,24984.03000000001,24988.020000000008,11983
2026-06-18T13:30:00+00:00,24988.020000000008,24999.51000000001,24900.520000000008,24940.03000000001,28124
2026-06-18T13:45:00+00:00,24940.03000000001,24958.51000000001,24905.020000000008,24928.520000000008,24624
2026-06-18T14:00:00+00:00,24928.520000000008,24970.03000000001,24914.03000000001,24965.03000000001,20854
2026-06-18T14:15:00+00:00,24965.03000000001,25002.51000000001,24959.01000000001,24970.53000000001,16779
2026-06-18T14:30:00+00:00,24970.53000000001,25005.03000000001,24955.01000000001,24990.01000000001,17117
2026-06-18T14:45:00+00:00,24990.01000000001,25019.53000000001,24988.03000000001,25017.51000000001,11693
2026-06-18T15:00:00+00:00,25017.51000000001,25041.53000000001,24997.01000000001,24997.53000000001,13295
2026-06-18T15:15:00+00:00,24997.53000000001,25027.020000000008,24977.51000000001,25012.03000000001,15379
2026-06-18T15:30:00+00:00,25012.03000000001,25038.03000000001,24968.910000000007,24995.020000000008,10275
2026-06-18T15:45:00+00:00,24995.020000000008,25029.520000000008,24979.910000000007,25024.03000000001,2506
2026-06-18T16:00:00+00:00,25024.03000000001,25036.680000000008,25018.92000000001,25033.67000000001,1457
2026-06-18T16:15:00+00:00,25033.67000000001,25044.660000000007,25026.910000000007,25029.660000000007,1058
2026-06-18T16:30:00+00:00,25029.660000000007,25038.67000000001,25021.910000000007,25035.180000000008,1715
2026-06-18T16:45:00+00:00,25035.180000000008,25038.680000000008,25001.92000000001,25019.67000000001,1675
2026-06-18T17:00:00+00:00,25019.67000000001,25045.180000000008,25008.910000000007,25040.160000000007,1877
2026-06-18T17:15:00+00:00,25040.160000000007,25046.17000000001,25023.910000000007,25038.930000000008,1411
2026-06-18T17:30:00+00:00,25038.930000000008,25051.17000000001,25031.910000000007,25050.180000000008,889
2026-06-18T17:45:00+00:00,25050.180000000008,25051.660000000007,25034.910000000007,25042.67000000001,1266
2026-06-18T18:00:00+00:00,25042.67000000001,25052.160000000007,25026.92000000001,25035.92000000001,1423
2026-06-18T18:15:00+00:00,25035.92000000001,25051.660000000007,25034.910000000007,25043.680000000008,822
2026-06-18T18:30:00+00:00,25043.680000000008,25046.160000000007,25016.910000000007,25018.92000000001,761
2026-06-18T18:45:00+00:00,25018.92000000001,25035.660000000007,25018.92000000001,25025.910000000007,367
2026-06-18T19:00:00+00:00,25025.910000000007,25030.660000000007,24994.910000000007,24997.930000000008,1388
2026-06-18T19:15:00+00:00,24997.930000000008,25021.180000000008,24994.910000000007,25013.930000000008,1518
2026-06-18T19:30:00+00:00,25013.930000000008,25031.17000000001,24999.92000000001,25024.17000000001,2602
2026-06-18T19:45:00+00:00,25024.17000000001,25052.680000000008,25014.92000000001,25047.410000000007,2300
2026-06-19T00:30:00+00:00,25047.410000000007,25047.410000000007,24896.94000000001,24933.950000000008,1171
2026-06-19T00:45:00+00:00,24933.950000000008,24947.210000000006,24923.960000000006,24940.950000000008,399
2026-06-19T01:00:00+00:00,24940.950000000008,24960.210000000006,24923.950000000008,24924.960000000006,763
2026-06-19T01:15:00+00:00,24924.960000000006,24937.950000000008,24921.94000000001,24926.950000000008,475
2026-06-19T01:30:00+00:00,24926.950000000008,24935.69000000001,24920.94000000001,24922.950000000008,571
2026-06-19T01:45:00+00:00,24922.950000000008,24929.950000000008,24910.950000000008,24911.950000000008,328
2026-06-19T02:00:00+00:00,24911.950000000008,24914.69000000001,24897.700000000008,24904.960000000006,535
2026-06-19T02:15:00+00:00,24904.960000000006,24910.710000000006,24896.94000000001,24910.200000000008,418
2026-06-19T02:30:00+00:00,24910.200000000008,24925.19000000001,24905.94000000001,24922.960000000006,284
2026-06-19T02:45:00+00:00,24922.960000000006,24922.960000000006,24901.94000000001,24909.950000000008,398.0897901746482
2026-06-19T03:00:00+00:00,24909.950000000008,24923.700000000008,24906.94000000001,24907.94000000001,210.39001848428836
2026-06-19T03:15:00+00:00,24907.94000000001,24907.960000000006,24894.94000000001,24901.94000000001,878
2026-06-19T03:30:00+00:00,24901.94000000001,24914.210000000006,24894.94000000001,24905.960000000006,1394
2026-06-19T03:45:00+00:00,24905.960000000006,24913.19000000001,24898.94000000001,24908.94000000001,948
2026-06-19T04:00:00+00:00,24908.94000000001,24933.19000000001,24901.69000000001,24931.210000000006,1307
2026-06-19T04:15:00+00:00,24931.210000000006,24932.700000000008,24909.94000000001,24912.960000000006,1077
2026-06-19T04:30:00+00:00,24912.960000000006,24917.210000000006,24869.200000000008,24874.950000000008,993
2026-06-19T04:45:00+00:00,24874.950000000008,24882.710000000006,24857.94000000001,24874.710000000006,933
2026-06-19T05:00:00+00:00,24874.710000000006,24901.710000000006,24865.960000000006,24892.200000000008,1322
2026-06-19T05:15:00+00:00,24892.200000000008,24903.19000000001,24878.94000000001,24896.960000000006,1153
2026-06-19T05:30:00+00:00,24896.960000000006,24906.700000000008,24883.69000000001,24895.69000000001,1179
2026-06-19T05:45:00+00:00,24895.69000000001,24924.710000000006,24891.960000000006,24919.710000000006,795
2026-06-19T06:00:00+00:00,24919.710000000006,24954.710000000006,24913.960000000006,24950.700000000008,2131
2026-06-19T06:15:00+00:00,24950.700000000008,24977.210000000006,24942.69000000001,24973.19000000001,1947
2026-06-19T06:30:00+00:00,24973.19000000001,24988.200000000008,24968.200000000008,24980.710000000006,2379
2026-06-19T06:45:00+00:00,24980.710000000006,25006.200000000008,24975.69000000001,25001.710000000006,2055
2026-06-19T07:00:00+00:00,25001.710000000006,25058.06000000001,24997.540000000008,25054.56000000001,10737
2026-06-19T07:15:00+00:00,25054.56000000001,25086.550000000007,25032.06000000001,25070.040000000008,6811
2026-06-19T07:30:00+00:00,25070.040000000008,25124.040000000008,25052.040000000008,25120.540000000008,5655
2026-06-19T07:45:00+00:00,25120.540000000008,25137.06000000001,25106.540000000008,25130.550000000007,4589
2026-06-19T08:00:00+00:00,25130.550000000007,25139.550000000007,25102.050000000007,25120.550000000007,5246
2026-06-19T08:15:00+00:00,25120.550000000007,25148.56000000001,25118.040000000008,25127.06000000001,4220
2026-06-19T08:30:00+00:00,25127.06000000001,25128.06000000001,25082.050000000007,25101.06000000001,4292
2026-06-19T08:45:00+00:00,25101.06000000001,25108.56000000001,25074.550000000007,25092.550000000007,3481
2026-06-19T09:00:00+00:00,25092.550000000007,25104.06000000001,25055.040000000008,25060.050000000007,5136
2026-06-19T09:15:00+00:00,25060.050000000007,25067.040000000008,25031.56000000001,25043.56000000001,4349
2026-06-19T09:30:00+00:00,25043.56000000001,25091.050000000007,25041.040000000008,25071.040000000008,3812
2026-06-19T09:45:00+00:00,25071.040000000008,25109.540000000008,25061.050000000007,25082.040000000008,9583
2026-06-19T10:00:00+00:00,25082.040000000008,25097.56000000001,25069.06000000001,25072.550000000007,4763
2026-06-19T10:15:00+00:00,25072.550000000007,25086.06000000001,25038.040000000008,25040.050000000007,3891
2026-06-19T10:30:00+00:00,25040.050000000007,25041.040000000008,24985.550000000007,25021.540000000008,5517
2026-06-19T10:45:00+00:00,25021.540000000008,25042.06000000001,25009.540000000008,25013.56000000001,5005
2026-06-19T11:00:00+00:00,25013.56000000001,25031.550000000007,24984.050000000007,25015.06000000001,6382
2026-06-19T11:15:00+00:00,25015.06000000001,25023.06000000001,24984.540000000008,24988.550000000007,3569
2026-06-19T11:30:00+00:00,24988.550000000007,25013.550000000007,24981.040000000008,25004.540000000008,3549
2026-06-19T11:45:00+00:00,25004.540000000008,25018.56000000001,24979.540000000008,25011.56000000001,3507
2026-06-19T12:00:00+00:00,25011.56000000001,25014.050000000007,24961.540000000008,24962.040000000008,3381
2026-06-19T12:15:00+00:00,24962.040000000008,24977.540000000008,24941.550000000007,24960.550000000007,3021
2026-06-19T12:30:00+00:00,24960.550000000007,24964.050000000007,24912.94000000001,24946.550000000007,4034
2026-06-19T12:45:00+00:00,24946.550000000007,25034.56000000001,24931.040000000008,25029.06000000001,10070
2026-06-19T13:00:00+00:00,25029.06000000001,25066.56000000001,25006.040000000008,25014.06000000001,6601
2026-06-19T13:15:00+00:00,25014.06000000001,25038.050000000007,24997.040000000008,25036.040000000008,4084
2026-06-19T13:30:00+00:00,25036.040000000008,25040.06000000001,24990.050000000007,24996.050000000007,6105
2026-06-19T13:45:00+00:00,24996.050000000007,25034.540000000008,24989.540000000008,25021.040000000008,4857
2026-06-19T14:00:00+00:00,25021.040000000008,25033.56000000001,25004.050000000007,25031.540000000008,4418
2026-06-19T14:15:00+00:00,25031.540000000008,25054.050000000007,25029.040000000008,25045.540000000008,2915
2026-06-19T14:30:00+00:00,25045.540000000008,25053.550000000007,25021.040000000008,25022.06000000001,3297
2026-06-19T14:45:00+00:00,25022.06000000001,25023.06000000001,24997.040000000008,25007.550000000007,3606.342754704143
2026-06-19T15:00:00+00:00,25007.550000000007,25035.540000000008,25002.540000000008,25029.06000000001,4377
2026-06-19T15:15:00+00:00,25029.06000000001,25029.06000000001,24990.050000000007,24995.040000000008,4383
2026-06-19T15:30:00+00:00,24995.040000000008,25008.550000000007,24944.050000000007,24964.540000000008,6456
2026-06-19T15:45:00+00:00,24964.540000000008,24986.540000000008,24960.550000000007,24984.540000000008,2143
2026-06-19T16:00:00+00:00,24984.540000000008,24996.700000000008,24980.700000000008,24994.710000000006,1191
2026-06-19T16:15:00+00:00,24994.710000000006,25009.710000000006,24988.19000000001,25009.69000000001,1162
2026-06-19T16:30:00+00:00,25009.69000000001,25013.210000000006,24996.19000000001,25002.200000000008,932
2026-06-19T16:45:00+00:00,25002.200000000008,25002.700000000008,24958.69000000001,24965.200000000008,1647
2026-06-19T17:00:00+00:00,24965.200000000008,24972.700000000008,24964.19000000001,24967.700000000008,507
2026-06-19T17:15:00+00:00,24967.700000000008,24975.19000000001,24960.19000000001,24973.200000000008,583
2026-06-19T17:30:00+00:00,24973.200000000008,24978.200000000008,24966.69000000001,24972.200000000008,310
2026-06-19T17:45:00+00:00,24972.200000000008,24975.210000000006,24968.210000000006,24974.200000000008,306.9280226445613
2026-06-19T18:00:00+00:00,24974.200000000008,24981.700000000008,24970.44000000001,24981.210000000006,181
2026-06-19T18:15:00+00:00,24981.210000000006,24982.200000000008,24972.19000000001,24974.710000000006,185.65545433309973
2026-06-19T18:30:00+00:00,24974.710000000006,24979.210000000006,24974.19000000001,24979.19000000001,408.545598313126
2026-06-19T18:45:00+00:00,24979.19000000001,24979.210000000006,24969.19000000001,24973.210000000006,238
2026-06-19T19:00:00+00:00,24973.210000000006,24980.710000000006,24970.710000000006,24978.210000000006,201
2026-06-19T19:15:00+00:00,24978.210000000006,24983.700000000008,24977.19000000001,24977.210000000006,155
2026-06-19T19:30:00+00:00,24977.210000000006,24981.210000000006,24966.44000000001,24975.200000000008,138.54783892710722
2026-06-19T19:45:00+00:00,24975.200000000008,24977.19000000001,24957.200000000008,24967.44000000001,412
2026-06-22T00:30:00+00:00,24967.44000000001,24969.210000000006,24946.450000000008,24961.200000000008,927
2026-06-22T00:45:00+00:00,24961.200000000008,24984.19000000001,24958.460000000006,24975.44000000001,683
2026-06-22T01:00:00+00:00,24975.44000000001,25004.200000000008,24975.44000000001,24988.460000000006,2002
2026-06-22T01:15:00+00:00,24988.460000000006,25006.210000000006,24979.44000000001,25004.69000000001,1464
2026-06-22T01:30:00+00:00,25004.69000000001,25004.69000000001,24977.94000000001,24979.960000000006,598.6328341852005
2026-06-22T01:45:00+00:00,24979.960000000006,24981.710000000006,24956.94000000001,24957.44000000001,856.6278291361173
2026-06-22T02:00:00+00:00,24957.44000000001,24976.710000000006,24951.460000000006,24953.460000000006,1069
2026-06-22T02:15:00+00:00,24953.460000000006,24971.210000000006,24946.710000000006,24957.460000000006,880
2026-06-22T02:30:00+00:00,24957.460000000006,24957.460000000006,24936.44000000001,24946.700000000008,602.8801729114716
2026-06-22T02:45:00+00:00,24946.700000000008,24948.19000000001,24930.450000000008,24936.69000000001,412.1691056910569
2026-06-22T03:00:00+00:00,24936.69000000001,24936.69000000001,24915.44000000001,24923.710000000006,848
2026-06-22T03:15:00+00:00,24923.710000000006,24941.710000000006,24922.44000000001,24939.69000000001,542.0802377414561
2026-06-22T03:30:00+00:00,24939.69000000001,24951.210000000006,24938.450000000008,24943.44000000001,326
2026-06-22T03:45:00+00:00,24943.44000000001,24956.200000000008,24926.460000000006,24933.710000000006,792
2026-06-22T04:00:00+00:00,24933.710000000006,24944.69000000001,24924.44000000001,24925.19000000001,801
2026-06-22T04:15:00+00:00,24925.19000000001,24934.700000000008,24922.210000000006,24926.69000000001,777
2026-06-22T04:30:00+00:00,24926.69000000001,24930.200000000008,24913.44000000001,24914.450000000008,774
2026-06-22T04:45:00+00:00,24914.450000000008,24948.210000000006,24914.44000000001,24948.200000000008,1089
2026-06-22T05:00:00+00:00,24948.200000000008,24992.200000000008,24947.450000000008,24982.710000000006,1091
2026-06-22T05:15:00+00:00,24982.710000000006,24992.210000000006,24978.200000000008,24988.200000000008,1027
2026-06-22T05:30:00+00:00,24988.200000000008,24996.200000000008,24971.44000000001,24974.450000000008,1101
2026-06-22T05:45:00+00:00,24974.450000000008,24993.69000000001,24965.44000000001,24992.19000000001,594
2026-06-22T06:00:00+00:00,24992.19000000001,25018.200000000008,24979.700000000008,25002.69000000001,2339
2026-06-22T06:15:00+00:00,25002.69000000001,25031.710000000006,24987.200000000008,25029.69000000001,2097
2026-06-22T06:30:00+00:00,25029.69000000001,25041.200000000008,25017.69000000001,25040.700000000008,1948
2026-06-22T06:45:00+00:00,25040.700000000008,25055.700000000008,25037.210000000006,25046.710000000006,1982
2026-06-22T07:00:00+00:00,25046.710000000006,25051.06000000001,24994.56000000001,25031.540000000008,12222
2026-06-22T07:15:00+00:00,25031.540000000008,25049.56000000001,25016.06000000001,25045.050000000007,6469
2026-06-22T07:30:00+00:00,25045.050000000007,25062.050000000007,24977.56000000001,24986.56000000001,6950
2026-06-22T07:45:00+00:00,24986.56000000001,24995.56000000001,24962.06000000001,24989.550000000007,5967
2026-06-22T08:00:00+00:00,24989.550000000007,24993.56000000001,24947.050000000007,24966.56000000001,7204
2026-06-22T08:15:00+00:00,24966.56000000001,24977.040000000008,24941.56000000001,24963.050000000007,6992
2026-06-22T08:30:00+00:00,24963.050000000007,24968.06000000001,24928.540000000008,24954.06000000001,5320
2026-06-22T08:45:00+00:00,24954.06000000001,24955.06000000001,24920.040000000008,24926.040000000008,4553
2026-06-22T09:00:00+00:00,24926.040000000008,24949.540000000008,24907.06000000001,24947.540000000008,5559
2026-06-22T09:15:00+00:00,24947.540000000008,24953.56000000001,24907.56000000001,24923.540000000008,4340
2026-06-22T09:30:00+00:00,24923.540000000008,24935.06000000001,24894.56000000001,24907.050000000007,4402
2026-06-22T09:45:00+00:00,24907.050000000007,24920.56000000001,24877.040000000008,24877.06000000001,4195
2026-06-22T10:00:00+00:00,24877.06000000001,24914.06000000001,24872.050000000007,24902.540000000008,4838
2026-06-22T10:15:00+00:00,24902.540000000008,24914.06000000001,24898.540000000008,24902.56000000001,3299
2026-06-22T10:30:00+00:00,24902.56000000001,24917.56000000001,24890.06000000001,24901.540000000008,3145
2026-06-22T10:45:00+00:00,24901.540000000008,24910.06000000001,24887.540000000008,24888.540000000008,2816
2026-06-22T11:00:00+00:00,24888.540000000008,24945.56000000001,24874.040000000008,24923.050000000007,7379
2026-06-22T11:15:00+00:00,24923.050000000007,24941.550000000007,24913.06000000001,24936.06000000001,3449
2026-06-22T11:30:00+00:00,24936.06000000001,24967.06000000001,24932.040000000008,24964.56000000001,3688
2026-06-22T11:45:00+00:00,24964.56000000001,24977.06000000001,24951.540000000008,24975.56000000001,3111
2026-06-22T12:00:00+00:00,24975.56000000001,24978.06000000001,24950.06000000001,24976.06000000001,3107
2026-06-22T12:15:00+00:00,24976.06000000001,25002.56000000001,24962.040000000008,25000.56000000001,3419
2026-06-22T12:30:00+00:00,25000.56000000001,25009.06000000001,24984.050000000007,24992.06000000001,3679
2026-06-22T12:45:00+00:00,24992.06000000001,25010.06000000001,24984.540000000008,25000.56000000001,2905
2026-06-22T13:00:00+00:00,25000.56000000001,25046.550000000007,25000.56000000001,25031.540000000008,7140
2026-06-22T13:15:00+00:00,25031.540000000008,25071.050000000007,25020.050000000007,25061.050000000007,4216
2026-06-22T13:30:00+00:00,25061.050000000007,25096.56000000001,25057.550000000007,25082.06000000001,9394
2026-06-22T13:45:00+00:00,25082.06000000001,25130.56000000001,25072.550000000007,25128.040000000008,7540
2026-06-22T14:00:00+00:00,25128.040000000008,25156.56000000001,25099.56000000001,25136.040000000008,6941
2026-06-22T14:15:00+00:00,25136.040000000008,25137.06000000001,25104.040000000008,25105.050000000007,6939
2026-06-22T14:30:00+00:00,25105.050000000007,25114.06000000001,25087.550000000007,25088.050000000007,9770
2026-06-22T14:45:00+00:00,25088.050000000007,25109.06000000001,25062.06000000001,25092.550000000007,8666
2026-06-22T15:00:00+00:00,25092.550000000007,25119.06000000001,25070.050000000007,25114.050000000007,6536
2026-06-22T15:15:00+00:00,25114.050000000007,25136.550000000007,25095.540000000008,25136.550000000007,6417
2026-06-22T15:30:00+00:00,25136.550000000007,25149.540000000008,25100.06000000001,25126.050000000007,4940
2026-06-22T15:45:00+00:00,25126.050000000007,25136.040000000008,25078.550000000007,25086.540000000008,4516
2026-06-22T16:00:00+00:00,25086.540000000008,25089.69000000001,25057.19000000001,25081.700000000008,4727
2026-06-22T16:15:00+00:00,25081.700000000008,25085.69000000001,25063.19000000001,25075.700000000008,2821
2026-06-22T16:30:00+00:00,25075.700000000008,25075.710000000006,25058.69000000001,25062.19000000001,2611
2026-06-22T16:45:00+00:00,25062.19000000001,25085.210000000006,25054.200000000008,25071.210000000006,2718
2026-06-22T17:00:00+00:00,25071.210000000006,25073.700000000008,25052.210000000006,25052.69000000001,1718
2026-06-22T17:15:00+00:00,25052.69000000001,25065.710000000006,25049.19000000001,25057.710000000006,1718
2026-06-22T17:30:00+00:00,25057.710000000006,25067.210000000006,25041.19000000001,25063.710000000006,2015
2026-06-22T17:45:00+00:00,25063.710000000006,25075.210000000006,25058.69000000001,25068.69000000001,1549
2026-06-22T18:00:00+00:00,25068.69000000001,25084.200000000008,25062.69000000001,25080.710000000006,1608
2026-06-22T18:15:00+00:00,25080.710000000006,25087.710000000006,25074.19000000001,25077.710000000006,1521
2026-06-22T18:30:00+00:00,25077.710000000006,25089.69000000001,25062.69000000001,25064.700000000008,1545
2026-06-22T18:45:00+00:00,25064.700000000008,25069.710000000006,25051.700000000008,25053.69000000001,2136
2026-06-22T19:00:00+00:00,25053.69000000001,25062.210000000006,25044.69000000001,25058.200000000008,2207
2026-06-22T19:15:00+00:00,25058.200000000008,25064.710000000006,25054.210000000006,25055.210000000006,1884
2026-06-22T19:30:00+00:00,25055.210000000006,25072.710000000006,25052.19000000001,25056.710000000006,1883
2026-06-22T19:45:00+00:00,25056.710000000006,25077.710000000006,25055.19000000001,25072.44000000001,2581
2026-06-23T00:30:00+00:00,25072.44000000001,25072.44000000001,25031.44000000001,25068.460000000006,1070
2026-06-23T00:45:00+00:00,25068.460000000006,25084.210000000006,25060.44000000001,25069.450000000008,1642
2026-06-23T01:00:00+00:00,25069.450000000008,25080.210000000006,25062.44000000001,25063.44000000001,1752
2026-06-23T01:15:00+00:00,25063.44000000001,25073.19000000001,25053.460000000006,25063.19000000001,1700
2026-06-23T01:30:00+00:00,25063.19000000001,25066.210000000006,25020.44000000001,25026.700000000008,2189
2026-06-23T01:45:00+00:00,25026.700000000008,25045.210000000006,25018.460000000006,25038.19000000001,2790
2026-06-23T02:00:00+00:00,25038.19000000001,25047.69000000001,24995.44000000001,25008.450000000008,2381
2026-06-23T02:15:00+00:00,25008.450000000008,25025.210000000006,25003.460000000006,25019.460000000006,1102
2026-06-23T02:30:00+00:00,25019.460000000006,25020.210000000006,24998.44000000001,25010.19000000001,893
2026-06-23T02:45:00+00:00,25010.19000000001,25013.210000000006,24980.460000000006,24984.44000000001,1026
2026-06-23T03:00:00+00:00,24984.44000000001,24990.200000000008,24941.460000000006,24950.19000000001,1622
2026-06-23T03:15:00+00:00,24950.19000000001,24962.710000000006,24946.44000000001,24959.210000000006,1187
2026-06-23T03:30:00+00:00,24959.210000000006,24959.210000000006,24902.450000000008,24934.200000000008,1576
2026-06-23T03:45:00+00:00,24934.200000000008,24970.210000000006,24920.460000000006,24968.700000000008,1674
2026-06-23T04:00:00+00:00,24968.700000000008,24975.710000000006,24950.450000000008,24953.44000000001,1218
2026-06-23T04:15:00+00:00,24953.44000000001,24956.210000000006,24925.210000000006,24951.19000000001,918
2026-06-23T04:30:00+00:00,24951.19000000001,24955.200000000008,24931.44000000001,24936.710000000006,917
2026-06-23T04:45:00+00:00,24936.710000000006,24939.700000000008,24897.44000000001,24905.69000000001,1235
2026-06-23T05:00:00+00:00,24905.69000000001,24926.710000000006,24895.44000000001,24912.69000000001,2048
2026-06-23T05:15:00+00:00,24912.69000000001,24916.210000000006,24856.44000000001,24873.200000000008,1484
2026-06-23T05:30:00+00:00,24873.200000000008,24890.200000000008,24865.44000000001,24880.200000000008,2255
2026-06-23T05:45:00+00:00,24880.200000000008,24894.700000000008,24864.44000000001,24868.44000000001,1610
2026-06-23T06:00:00+00:00,24868.44000000001,24899.700000000008,24860.19000000001,24876.19000000001,3611
2026-06-23T06:15:00+00:00,24876.19000000001,24887.210000000006,24840.200000000008,24845.19000000001,4140
2026-06-23T06:30:00+00:00,24845.19000000001,24880.710000000006,24826.700000000008,24849.710000000006,3669
2026-06-23T06:45:00+00:00,24849.710000000006,24859.210000000006,24816.69000000001,24821.210000000006,2980
2026-06-23T07:00:00+00:00,24821.210000000006,24867.050000000007,24807.050000000007,24825.540000000008,12319
2026-06-23T07:15:00+00:00,24825.540000000008,24828.540000000008,24754.540000000008,24789.460000000006,8547
2026-06-23T07:30:00+00:00,24789.460000000006,24841.56000000001,24778.540000000008,24816.540000000008,7376
2026-06-23T07:45:00+00:00,24816.540000000008,24825.56000000001,24751.06000000001,24773.040000000008,6485
2026-06-23T08:00:00+00:00,24773.040000000008,24782.06000000001,24734.040000000008,24749.550000000007,9383
2026-06-23T08:15:00+00:00,24749.550000000007,24765.550000000007,24708.550000000007,24728.050000000007,7909
2026-06-23T08:30:00+00:00,24728.050000000007,24782.56000000001,24721.040000000008,24753.550000000007,6682
2026-06-23T08:45:00+00:00,24753.550000000007,24758.06000000001,24718.540000000008,24757.56000000001,5625
2026-06-23T09:00:00+00:00,24757.56000000001,24786.56000000001,24739.540000000008,24780.550000000007,5552
2026-06-23T09:15:00+00:00,24780.550000000007,24802.540000000008,24758.540000000008,24798.550000000007,4273
2026-06-23T09:30:00+00:00,24798.550000000007,24812.06000000001,24777.040000000008,24812.050000000007,3718
2026-06-23T09:45:00+00:00,24812.050000000007,24844.56000000001,24803.540000000008,24838.06000000001,3698
2026-06-23T10:00:00+00:00,24838.06000000001,24873.56000000001,24834.050000000007,24861.040000000008,3886
2026-06-23T10:15:00+00:00,24861.040000000008,24902.06000000001,24852.040000000008,24872.56000000001,3455
2026-06-23T10:30:00+00:00,24872.56000000001,24877.550000000007,24819.540000000008,24835.550000000007,4149
2026-06-23T10:45:00+00:00,24835.550000000007,24854.550000000007,24826.040000000008,24840.06000000001,3303
2026-06-23T11:00:00+00:00,24840.06000000001,24866.040000000008,24821.550000000007,24854.540000000008,3763
2026-06-23T11:15:00+00:00,24854.540000000008,24917.040000000008,24832.06000000001,24855.540000000008,5359
2026-06-23T11:30:00+00:00,24855.540000000008,24888.56000000001,24842.540000000008,24886.550000000007,4481
2026-06-23T11:45:00+00:00,24886.550000000007,24901.56000000001,24870.040000000008,24890.550000000007,3490
2026-06-23T12:00:00+00:00,24890.550000000007,24912.56000000001,24876.550000000007,24892.540000000008,3831
2026-06-23T12:15:00+00:00,24892.540000000008,24901.550000000007,24859.040000000008,24873.56000000001,3784
2026-06-23T12:30:00+00:00,24873.56000000001,24900.540000000008,24844.540000000008,24898.050000000007,4302
2026-06-23T12:45:00+00:00,24898.050000000007,24902.550000000007,24877.050000000007,24893.06000000001,3842
2026-06-23T13:00:00+00:00,24893.06000000001,24897.06000000001,24855.540000000008,24866.050000000007,4321
2026-06-23T13:15:00+00:00,24866.050000000007,24879.56000000001,24839.540000000008,24852.050000000007,4741
2026-06-23T13:30:00+00:00,24852.050000000007,24893.56000000001,24839.540000000008,24877.06000000001,11562
2026-06-23T13:45:00+00:00,24877.06000000001,24931.06000000001,24866.040000000008,24930.050000000007,7070
2026-06-23T14:00:00+00:00,24930.050000000007,24963.040000000008,24917.06000000001,24954.56000000001,6857
2026-06-23T14:15:00+00:00,24954.56000000001,24977.56000000001,24949.050000000007,24961.550000000007,5687
2026-06-23T14:30:00+00:00,24961.550000000007,24964.56000000001,24919.540000000008,24939.550000000007,6834
2026-06-23T14:45:00+00:00,24939.550000000007,24948.040000000008,24909.040000000008,24942.550000000007,6735
2026-06-23T15:00:00+00:00,24942.550000000007,24963.56000000001,24936.550000000007,24963.56000000001,5576
2026-06-23T15:15:00+00:00,24963.56000000001,24966.56000000001,24915.040000000008,24926.540000000008,4583
2026-06-23T15:30:00+00:00,24926.540000000008,24929.56000000001,24861.56000000001,24879.06000000001,6128
2026-06-23T15:45:00+00:00,24879.06000000001,24922.540000000008,24874.040000000008,24921.540000000008,3731
2026-06-23T16:00:00+00:00,24921.540000000008,24948.700000000008,24917.200000000008,24944.19000000001,3664
2026-06-23T16:15:00+00:00,24944.19000000001,24948.200000000008,24925.19000000001,24940.69000000001,2960
2026-06-23T16:30:00+00:00,24940.69000000001,24959.19000000001,24936.19000000001,24958.700000000008,2517
2026-06-23T16:45:00+00:00,24958.700000000008,24959.69000000001,24937.200000000008,24950.210000000006,3073
2026-06-23T17:00:00+00:00,24950.210000000006,24953.19000000001,24925.200000000008,24943.19000000001,2107
2026-06-23T17:15:00+00:00,24943.19000000001,24955.710000000006,24937.69000000001,24945.19000000001,1859
2026-06-23T17:30:00+00:00,24945.19000000001,24956.210000000006,24937.700000000008,24942.710000000006,1867
2026-06-23T17:45:00+00:00,24942.710000000006,24948.710000000006,24915.69000000001,24917.69000000001,2192
2026-06-23T18:00:00+00:00,24917.69000000001,24933.69000000001,24906.69000000001,24922.700000000008,3160
2026-06-23T18:15:00+00:00,24922.700000000008,24926.710000000006,24910.19000000001,24913.710000000006,1842
2026-06-23T18:30:00+00:00,24913.710000000006,24916.710000000006,24879.200000000008,24882.200000000008,1933
2026-06-23T18:45:00+00:00,24882.200000000008,24893.200000000008,24867.710000000006,24888.19000000001,2912
2026-06-23T19:00:00+00:00,24888.19000000001,24923.710000000006,24881.200000000008,24907.19000000001,4036
2026-06-23T19:15:00+00:00,24907.19000000001,24916.210000000006,24888.700000000008,24915.19000000001,3701
2026-06-23T19:30:00+00:00,24915.19000000001,24917.710000000006,24897.19000000001,24908.200000000008,3419
2026-06-23T19:45:00+00:00,24908.200000000008,24908.710000000006,24874.200000000008,24884.460000000006,3961
2026-06-24T00:30:00+00:00,24884.460000000006,24936.710000000006,24884.460000000006,24926.450000000008,1615
2026-06-24T00:45:00+00:00,24926.450000000008,24939.200000000008,24904.44000000001,24926.19000000001,1851
2026-06-24T01:00:00+00:00,24926.19000000001,24930.710000000006,24894.44000000001,24925.44000000001,3023
2026-06-24T01:15:00+00:00,24925.44000000001,24929.200000000008,24894.44000000001,24928.700000000008,1706
2026-06-24T01:30:00+00:00,24928.700000000008,24943.210000000006,24915.44000000001,24928.460000000006,1823
2026-06-24T01:45:00+00:00,24928.460000000006,24944.210000000006,24918.44000000001,24935.710000000006,1913
2026-06-24T02:00:00+00:00,24935.710000000006,24938.210000000006,24913.44000000001,24930.19000000001,1761
2026-06-24T02:15:00+00:00,24930.19000000001,24930.210000000006,24901.44000000001,24919.460000000006,1414
2026-06-24T02:30:00+00:00,24919.460000000006,24929.69000000001,24885.460000000006,24895.460000000006,1775
2026-06-24T02:45:00+00:00,24895.460000000006,24897.210000000006,24857.44000000001,24858.700000000008,1796
2026-06-24T03:00:00+00:00,24858.700000000008,24906.700000000008,24849.44000000001,24900.44000000001,2236
2026-06-24T03:15:00+00:00,24900.44000000001,24912.200000000008,24871.44000000001,24911.19000000001,1866
2026-06-24T03:30:00+00:00,24911.19000000001,24926.710000000006,24886.44000000001,24897.200000000008,1906
2026-06-24T03:45:00+00:00,24897.200000000008,24899.700000000008,24873.450000000008,24882.700000000008,806.6160942100098
2026-06-24T04:00:00+00:00,24882.700000000008,24886.19000000001,24853.710000000006,24862.200000000008,1003
2026-06-24T04:15:00+00:00,24862.200000000008,24866.69000000001,24824.960000000006,24839.950000000008,919
2026-06-24T04:30:00+00:00,24839.950000000008,24881.210000000006,24839.950000000008,24873.19000000001,1644
2026-06-24T04:45:00+00:00,24873.19000000001,24888.19000000001,24869.960000000006,24878.210000000006,1068
2026-06-24T05:00:00+00:00,24878.210000000006,24911.210000000006,24875.69000000001,24905.19000000001,1671
2026-06-24T05:15:00+00:00,24905.19000000001,24917.710000000006,24894.94000000001,24897.19000000001,1647
2026-06-24T05:30:00+00:00,24897.19000000001,24934.700000000008,24897.19000000001,24913.210000000006,1682
2026-06-24T05:45:00+00:00,24913.210000000006,24924.210000000006,24900.94000000001,24908.19000000001,1394
2026-06-24T06:00:00+00:00,24908.19000000001,24915.69000000001,24882.710000000006,24899.700000000008,2933
2026-06-24T06:15:00+00:00,24899.700000000008,24910.69000000001,24882.69000000001,24894.210000000006,2541
2026-06-24T06:30:00+00:00,24894.210000000006,24926.200000000008,24893.69000000001,24907.210000000006,2203
2026-06-24T06:45:00+00:00,24907.210000000006,24915.710000000006,24866.200000000008,24866.200000000008,2087
2026-06-24T07:00:00+00:00,24866.200000000008,24867.56000000001,24745.540000000008,24749.06000000001,12927
2026-06-24T07:15:00+00:00,24749.06000000001,24783.06000000001,24727.040000000008,24729.540000000008,8339
2026-06-24T07:30:00+00:00,24729.540000000008,24741.56000000001,24656.050000000007,24708.06000000001,9516
2026-06-24T07:45:00+00:00,24708.06000000001,24750.050000000007,24674.540000000008,24688.040000000008,6914
2026-06-24T08:00:00+00:00,24688.040000000008,24725.56000000001,24679.950000000008,24722.040000000008,8452
2026-06-24T08:15:00+00:00,24722.040000000008,24730.06000000001,24677.050000000007,24693.040000000008,7783
2026-06-24T08:30:00+00:00,24693.040000000008,24711.06000000001,24681.040000000008,24703.050000000007,6458
2026-06-24T08:45:00+00:00,24703.050000000007,24709.040000000008,24677.540000000008,24691.050000000007,5424
2026-06-24T09:00:00+00:00,24691.050000000007,24697.540000000008,24661.050000000007,24694.540000000008,5774
2026-06-24T09:15:00+00:00,24694.540000000008,24703.040000000008,24653.56000000001,24673.56000000001,4941
2026-06-24T09:30:00+00:00,24673.56000000001,24688.06000000001,24635.540000000008,24636.540000000008,5034
2026-06-24T09:45:00+00:00,24636.540000000008,24664.06000000001,24633.050000000007,24646.540000000008,4637
2026-06-24T10:00:00+00:00,24646.540000000008,24648.06000000001,24608.540000000008,24639.56000000001,5205
2026-06-24T10:15:00+00:00,24639.56000000001,24665.050000000007,24636.550000000007,24662.56000000001,4621
2026-06-24T10:30:00+00:00,24662.56000000001,24663.56000000001,24624.550000000007,24645.06000000001,4704
2026-06-24T10:45:00+00:00,24645.06000000001,24660.56000000001,24625.540000000008,24626.56000000001,3496
2026-06-24T11:00:00+00:00,24626.56000000001,24654.06000000001,24620.540000000008,24621.550000000007,3781
2026-06-24T11:15:00+00:00,24621.550000000007,24640.550000000007,24594.040000000008,24628.540000000008,3684
2026-06-24T11:30:00+00:00,24628.540000000008,24646.06000000001,24609.540000000008,24621.540000000008,4931
2026-06-24T11:45:00+00:00,24621.540000000008,24660.050000000007,24619.540000000008,24655.56000000001,5539
2026-06-24T12:00:00+00:00,24655.56000000001,24664.550000000007,24635.040000000008,24659.56000000001,5787
2026-06-24T12:15:00+00:00,24659.56000000001,24686.06000000001,24658.040000000008,24669.040000000008,4821
2026-06-24T12:30:00+00:00,24669.040000000008,24673.56000000001,24628.06000000001,24639.050000000007,3992
2026-06-24T12:45:00+00:00,24639.050000000007,24646.550000000007,24607.040000000008,24620.56000000001,3712
2026-06-24T13:00:00+00:00,24620.56000000001,24642.06000000001,24602.050000000007,24603.050000000007,5479
2026-06-24T13:15:00+00:00,24603.050000000007,24627.56000000001,24579.540000000008,24621.550000000007,5993
2026-06-24T13:30:00+00:00,24621.550000000007,24654.06000000001,24588.040000000008,24623.040000000008,13182
2026-06-24T13:45:00+00:00,24623.040000000008,24681.56000000001,24603.550000000007,24646.94000000001,12222
2026-06-24T14:00:00+00:00,24646.94000000001,24662.06000000001,24616.94000000001,24630.040000000008,11446
2026-06-24T14:15:00+00:00,24630.040000000008,24645.050000000007,24605.040000000008,24628.040000000008,9075
2026-06-24T14:30:00+00:00,24628.040000000008,24670.56000000001,24627.540000000008,24670.050000000007,8936
2026-06-24T14:45:00+00:00,24670.050000000007,24703.06000000001,24660.040000000008,24696.540000000008,6421
2026-06-24T15:00:00+00:00,24696.540000000008,24701.550000000007,24644.540000000008,24651.050000000007,6548
2026-06-24T15:15:00+00:00,24651.050000000007,24714.540000000008,24647.540000000008,24710.56000000001,5013
2026-06-24T15:30:00+00:00,24710.56000000001,24748.550000000007,24710.56000000001,24722.06000000001,5375
2026-06-24T15:45:00+00:00,24722.06000000001,24737.050000000007,24708.540000000008,24723.040000000008,4443
2026-06-24T16:00:00+00:00,24723.040000000008,24739.200000000008,24719.69000000001,24734.710000000006,3477
2026-06-24T16:15:00+00:00,24734.710000000006,24744.210000000006,24728.700000000008,24732.200000000008,2986
2026-06-24T16:30:00+00:00,24732.200000000008,24737.200000000008,24684.69000000001,24700.200000000008,4291
2026-06-24T16:45:00+00:00,24700.200000000008,24719.700000000008,24688.19000000001,24696.19000000001,3129
2026-06-24T17:00:00+00:00,24696.19000000001,24716.700000000008,24683.19000000001,24703.210000000006,3806
2026-06-24T17:15:00+00:00,24703.210000000006,24713.700000000008,24646.710000000006,24647.710000000006,6022
2026-06-24T17:30:00+00:00,24647.710000000006,24668.710000000006,24622.710000000006,24653.700000000008,7162
2026-06-24T17:45:00+00:00,24653.700000000008,24669.710000000006,24640.19000000001,24644.69000000001,5551
2026-06-24T18:00:00+00:00,24644.69000000001,24671.210000000006,24636.710000000006,24667.69000000001,5229
2026-06-24T18:15:00+00:00,24667.69000000001,24707.200000000008,24666.69000000001,24698.710000000006,4407
2026-06-24T18:30:00+00:00,24698.710000000006,24704.210000000006,24665.77000000001,24675.27000000001,3827.2873701842545
2026-06-24T18:45:00+00:00,24675.27000000001,24675.27000000001,24633.790000000008,24648.790000000008,4722
2026-06-24T19:00:00+00:00,24648.790000000008,24670.290000000008,24620.77000000001,24637.28000000001,5075
2026-06-24T19:15:00+00:00,24637.28000000001,24666.290000000008,24629.28000000001,24654.28000000001,3437
2026-06-24T19:30:00+00:00,24654.28000000001,24665.290000000008,24640.790000000008,24652.290000000008,3307
2026-06-24T19:45:00+00:00,24652.290000000008,24695.78000000001,24651.27000000001,24673.03000000001,4113
2026-06-25T00:30:00+00:00,24673.03000000001,24723.78000000001,24673.03000000001,24705.53000000001,1900
2026-06-25T00:45:00+00:00,24705.53000000001,24721.28000000001,24692.52000000001,24712.28000000001,2578
2026-06-25T01:00:00+00:00,24712.28000000001,24729.28000000001,24700.52000000001,24710.52000000001,3466
2026-06-25T01:15:00+00:00,24710.52000000001,24739.790000000008,24706.540000000008,24722.52000000001,2649
2026-06-25T01:30:00+00:00,24722.52000000001,24731.290000000008,24695.52000000001,24701.52000000001,2774
2026-06-25T01:45:00+00:00,24701.52000000001,24705.78000000001,24678.27000000001,24681.790000000008,1941
2026-06-25T02:00:00+00:00,24681.790000000008,24690.790000000008,24657.52000000001,24666.540000000008,3823
2026-06-25T02:15:00+00:00,24666.540000000008,24695.290000000008,24658.52000000001,24674.28000000001,2690
2026-06-25T02:30:00+00:00,24674.28000000001,24679.290000000008,24659.52000000001,24670.28000000001,1606
2026-06-25T02:45:00+00:00,24670.28000000001,24685.790000000008,24666.52000000001,24684.290000000008,1221
2026-06-25T03:00:00+00:00,24684.290000000008,24700.290000000008,24680.52000000001,24687.53000000001,1985
2026-06-25T03:15:00+00:00,24687.53000000001,24701.27000000001,24680.540000000008,24686.790000000008,1141
2026-06-25T03:30:00+00:00,24686.790000000008,24690.790000000008,24664.28000000001,24668.27000000001,1023
2026-06-25T03:45:00+00:00,24668.27000000001,24696.790000000008,24664.540000000008,24695.290000000008,1418
2026-06-25T04:00:00+00:00,24695.290000000008,24702.28000000001,24681.52000000001,24691.28000000001,814
2026-06-25T04:15:00+00:00,24691.28000000001,24692.790000000008,24669.52000000001,24690.77000000001,859
2026-06-25T04:30:00+00:00,24690.77000000001,24708.78000000001,24676.52000000001,24708.28000000001,1084
2026-06-25T04:45:00+00:00,24708.28000000001,24713.28000000001,24698.53000000001,24707.28000000001,656
2026-06-25T05:00:00+00:00,24707.28000000001,24722.77000000001,24693.78000000001,24721.77000000001,915
2026-06-25T05:15:00+00:00,24721.77000000001,24736.290000000008,24716.790000000008,24729.790000000008,584
2026-06-25T05:30:00+00:00,24729.790000000008,24755.78000000001,24720.52000000001,24751.28000000001,1129
2026-06-25T05:45:00+00:00,24751.28000000001,24754.290000000008,24720.27000000001,24728.77000000001,971
2026-06-25T06:00:00+00:00,24728.77000000001,24748.28000000001,24711.790000000008,24736.77000000001,1916
2026-06-25T06:15:00+00:00,24736.77000000001,24745.78000000001,24725.77000000001,24725.790000000008,1730
2026-06-25T06:30:00+00:00,24725.790000000008,24752.27000000001,24719.77000000001,24749.77000000001,1772
2026-06-25T06:45:00+00:00,24749.77000000001,24773.28000000001,24740.28000000001,24772.290000000008,1948
2026-06-25T07:00:00+00:00,24772.290000000008,24804.14000000001,24738.14000000001,24794.64000000001,10864
2026-06-25T07:15:00+00:00,24794.64000000001,24821.13000000001,24782.13000000001,24791.13000000001,6555
2026-06-25T07:30:00+00:00,24791.13000000001,24817.14000000001,24789.13000000001,24799.62000000001,5332
2026-06-25T07:45:00+00:00,24799.62000000001,24835.64000000001,24795.62000000001,24834.12000000001,3791
2026-06-25T08:00:00+00:00,24834.12000000001,24852.13000000001,24818.62000000001,24833.62000000001,4042
2026-06-25T08:15:00+00:00,24833.62000000001,24844.64000000001,24798.62000000001,24831.14000000001,4105
2026-06-25T08:30:00+00:00,24831.14000000001,24875.12000000001,24827.63000000001,24861.62000000001,3326
2026-06-25T08:45:00+00:00,24861.62000000001,24866.14000000001,24843.63000000001,24851.63000000001,3012
2026-06-25T09:00:00+00:00,24851.63000000001,24892.12000000001,24850.14000000001,24890.14000000001,2861
2026-06-25T09:15:00+00:00,24890.14000000001,24895.62000000001,24858.12000000001,24863.62000000001,3057
2026-06-25T09:30:00+00:00,24863.62000000001,24886.13000000001,24850.14000000001,24877.62000000001,3079
2026-06-25T09:45:00+00:00,24877.62000000001,24892.14000000001,24865.62000000001,24889.63000000001,2540
2026-06-25T10:00:00+00:00,24889.63000000001,24904.13000000001,24873.62000000001,24875.64000000001,2201
2026-06-25T10:15:00+00:00,24875.64000000001,24897.64000000001,24865.63000000001,24892.14000000001,2159
2026-06-25T10:30:00+00:00,24892.14000000001,24900.62000000001,24874.63000000001,24884.12000000001,2256
2026-06-25T10:45:00+00:00,24884.12000000001,24909.13000000001,24880.14000000001,24899.62000000001,2051
2026-06-25T11:00:00+00:00,24899.62000000001,24905.64000000001,24872.14000000001,24873.14000000001,2869
2026-06-25T11:15:00+00:00,24873.14000000001,24875.63000000001,24838.64000000001,24850.13000000001,2703
2026-06-25T11:30:00+00:00,24850.13000000001,24879.64000000001,24843.13000000001,24878.62000000001,2288
2026-06-25T11:45:00+00:00,24878.62000000001,24899.14000000001,24877.62000000001,24889.62000000001,2352
2026-06-25T12:00:00+00:00,24889.62000000001,24927.64000000001,24886.63000000001,24919.62000000001,2597
2026-06-25T12:15:00+00:00,24919.62000000001,24925.12000000001,24894.62000000001,24894.62000000001,2244
2026-06-25T12:30:00+00:00,24894.62000000001,24966.13000000001,24894.62000000001,24943.64000000001,6198
2026-06-25T12:45:00+00:00,24943.64000000001,24974.14000000001,24942.64000000001,24956.63000000001,3531
2026-06-25T13:00:00+00:00,24956.63000000001,24978.13000000001,24952.62000000001,24964.14000000001,3945
2026-06-25T13:15:00+00:00,24964.14000000001,24975.64000000001,24947.64000000001,24973.62000000001,3714
2026-06-25T13:30:00+00:00,24973.62000000001,24990.12000000001,24908.62000000001,24909.62000000001,9002
2026-06-25T13:45:00+00:00,24909.62000000001,24919.64000000001,24822.64000000001,24832.12000000001,17414
2026-06-25T14:00:00+00:00,24832.12000000001,25011.64000000001,24832.12000000001,24987.62000000001,18100
2026-06-25T14:15:00+00:00,24987.62000000001,25069.13000000001,24973.63000000001,25038.13000000001,12689
2026-06-25T14:30:00+00:00,25038.13000000001,25070.62000000001,25027.63000000001,25031.63000000001,11484
2026-06-25T14:45:00+00:00,25031.63000000001,25058.12000000001,25006.62000000001,25037.63000000001,9594
2026-06-25T15:00:00+00:00,25037.63000000001,25054.64000000001,24958.12000000001,24964.64000000001,9456
2026-06-25T15:15:00+00:00,24964.64000000001,25005.13000000001,24941.13000000001,24982.13000000001,9172
2026-06-25T15:30:00+00:00,24982.13000000001,25018.64000000001,24969.62000000001,25012.64000000001,8244
2026-06-25T15:45:00+00:00,25012.64000000001,25029.62000000001,24998.62000000001,25005.62000000001,6700
2026-06-25T16:00:00+00:00,25005.62000000001,25035.290000000008,24995.77000000001,25025.78000000001,5532
2026-06-25T16:15:00+00:00,25025.78000000001,25036.290000000008,25006.790000000008,25013.290000000008,4487
2026-06-25T16:30:00+00:00,25013.290000000008,25013.790000000008,24963.290000000008,24967.27000000001,4510
2026-06-25T16:45:00+00:00,24967.27000000001,24988.790000000008,24947.77000000001,24974.27000000001,5330
2026-06-25T17:00:00+00:00,24974.27000000001,24990.790000000008,24962.27000000001,24981.790000000008,3490
2026-06-25T17:15:00+00:00,24981.790000000008,25001.78000000001,24966.27000000001,24984.27000000001,4570
2026-06-25T17:30:00+00:00,24984.27000000001,24995.290000000008,24970.27000000001,24973.28000000001,3965
2026-06-25T17:45:00+00:00,24973.28000000001,24983.77000000001,24956.27000000001,24980.290000000008,4701
2026-06-25T18:00:00+00:00,24980.290000000008,24981.790000000008,24927.27000000001,24944.290000000008,6542
2026-06-25T18:15:00+00:00,24944.290000000008,24990.290000000008,24941.290000000008,24982.790000000008,4662
2026-06-25T18:30:00+00:00,24982.790000000008,24983.290000000008,24956.78000000001,24959.77000000001,4907
2026-06-25T18:45:00+00:00,24959.77000000001,24968.78000000001,24936.77000000001,24951.27000000001,4194
2026-06-25T19:00:00+00:00,24951.27000000001,24959.28000000001,24939.27000000001,24940.290000000008,3745
2026-06-25T19:15:00+00:00,24940.290000000008,24956.290000000008,24928.27000000001,24950.28000000001,4252
2026-06-25T19:30:00+00:00,24950.28000000001,24954.77000000001,24935.27000000001,24937.27000000001,4198
2026-06-25T19:45:00+00:00,24937.27000000001,24954.290000000008,24918.290000000008,24944.52000000001,4487
2026-06-26T00:30:00+00:00,24944.52000000001,24951.27000000001,24927.52000000001,24928.52000000001,1020
2026-06-26T00:45:00+00:00,24928.52000000001,24940.28000000001,24908.52000000001,24915.52000000001,1361
2026-06-26T01:00:00+00:00,24915.52000000001,24940.28000000001,24893.53000000001,24921.78000000001,4590
2026-06-26T01:15:00+00:00,24921.78000000001,24940.290000000008,24886.540000000008,24892.52000000001,2688
2026-06-26T01:30:00+00:00,24892.52000000001,24901.78000000001,24863.540000000008,24867.290000000008,4228
2026-06-26T01:45:00+00:00,24867.290000000008,24884.27000000001,24839.52000000001,24860.77000000001,2713
2026-06-26T02:00:00+00:00,24860.77000000001,24865.27000000001,24814.540000000008,24827.790000000008,2647
2026-06-26T02:15:00+00:00,24827.790000000008,24833.27000000001,24778.540000000008,24795.790000000008,2780
2026-06-26T02:30:00+00:00,24795.790000000008,24801.77000000001,24755.540000000008,24772.77000000001,2128
2026-06-26T02:45:00+00:00,24772.77000000001,24772.790000000008,24722.53000000001,24740.28000000001,2692
2026-06-26T03:00:00+00:00,24740.28000000001,24745.78000000001,24724.52000000001,24737.290000000008,2077
2026-06-26T03:15:00+00:00,24737.290000000008,24747.790000000008,24719.52000000001,24730.52000000001,1424
2026-06-26T03:30:00+00:00,24730.52000000001,24742.77000000001,24690.53000000001,24742.290000000008,3074
2026-06-26T03:45:00+00:00,24742.290000000008,24787.290000000008,24726.52000000001,24786.790000000008,2963
2026-06-26T04:00:00+00:00,24786.790000000008,24794.27000000001,24775.52000000001,24783.77000000001,3093
2026-06-26T04:15:00+00:00,24783.77000000001,24795.28000000001,24756.540000000008,24779.78000000001,2063
2026-06-26T04:30:00+00:00,24779.78000000001,24788.78000000001,24756.290000000008,24763.790000000008,1725
2026-06-26T04:45:00+00:00,24763.790000000008,24770.28000000001,24738.540000000008,24749.78000000001,1646
2026-06-26T05:00:00+00:00,24749.78000000001,24790.78000000001,24745.53000000001,24790.78000000001,2191
2026-06-26T05:15:00+00:00,24790.78000000001,24802.290000000008,24779.52000000001,24797.28000000001,1848
2026-06-26T05:30:00+00:00,24797.28000000001,24810.790000000008,24752.290000000008,24753.790000000008,1755
2026-06-26T05:45:00+00:00,24753.790000000008,24780.78000000001,24740.27000000001,24765.53000000001,1683
2026-06-26T06:00:00+00:00,24765.53000000001,24789.28000000001,24759.27000000001,24785.290000000008,3024
2026-06-26T06:15:00+00:00,24785.290000000008,24825.78000000001,24785.28000000001,24823.78000000001,2750
2026-06-26T06:30:00+00:00,24823.78000000001,24846.78000000001,24814.77000000001,24844.78000000001,2864
2026-06-26T06:45:00+00:00,24844.78000000001,24884.78000000001,24837.28000000001,24855.27000000001,3506
2026-06-26T07:00:00+00:00,24855.27000000001,24870.62000000001,24783.62000000001,24824.64000000001,10052
2026-06-26T07:15:00+00:00,24824.64000000001,24849.63000000001,24802.12000000001,24846.12000000001,8098
2026-06-26T07:30:00+00:00,24846.12000000001,24862.14000000001,24785.63000000001,24791.12000000001,5984
2026-06-26T07:45:00+00:00,24791.12000000001,24815.63000000001,24780.13000000001,24810.64000000001,5142
2026-06-26T08:00:00+00:00,24810.64000000001,24819.63000000001,24762.13000000001,24775.63000000001,7367
2026-06-26T08:15:00+00:00,24775.63000000001,24809.62000000001,24763.64000000001,24797.62000000001,6697
2026-06-26T08:30:00+00:00,24797.62000000001,24800.12000000001,24753.13000000001,24759.12000000001,6583
2026-06-26T08:45:00+00:00,24759.12000000001,24766.13000000001,24714.62000000001,24743.13000000001,5180
2026-06-26T09:00:00+00:00,24743.13000000001,24744.63000000001,24681.62000000001,24713.14000000001,5525
2026-06-26T09:15:00+00:00,24713.14000000001,24721.64000000001,24678.13000000001,24693.62000000001,6288
2026-06-26T09:30:00+00:00,24693.62000000001,24719.64000000001,24668.12000000001,24696.63000000001,5506
2026-06-26T09:45:00+00:00,24696.63000000001,24722.14000000001,24687.12000000001,24699.64000000001,6243
2026-06-26T10:00:00+00:00,24699.64000000001,24703.64000000001,24661.13000000001,24680.64000000001,5532
2026-06-26T10:15:00+00:00,24680.64000000001,24687.63000000001,24656.12000000001,24682.64000000001,4201
2026-06-26T10:30:00+00:00,24682.64000000001,24682.64000000001,24656.12000000001,24666.62000000001,4519
2026-06-26T10:45:00+00:00,24666.62000000001,24686.62000000001,24660.12000000001,24671.13000000001,3858
2026-06-26T11:00:00+00:00,24671.13000000001,24708.63000000001,24667.62000000001,24696.12000000001,4810
2026-06-26T11:15:00+00:00,24696.12000000001,24696.62000000001,24669.12000000001,24679.12000000001,3828
2026-06-26T11:30:00+00:00,24679.12000000001,24690.62000000001,24652.62000000001,24658.14000000001,3855
2026-06-26T11:45:00+00:00,24658.14000000001,24680.64000000001,24653.62000000001,24659.63000000001,3827
2026-06-26T12:00:00+00:00,24659.63000000001,24679.13000000001,24645.63000000001,24679.12000000001,4292
2026-06-26T12:15:00+00:00,24679.12000000001,24701.14000000001,24656.12000000001,24684.14000000001,5035
2026-06-26T12:30:00+00:00,24684.14000000001,24693.62000000001,24632.63000000001,24641.63000000001,4739
2026-06-26T12:45:00+00:00,24641.63000000001,24644.64000000001,24611.62000000001,24621.62000000001,4653
2026-06-26T13:00:00+00:00,24621.62000000001,24634.13000000001,24600.12000000001,24615.12000000001,4597
2026-06-26T13:15:00+00:00,24615.12000000001,24616.14000000001,24536.14000000001,24596.12000000001,10223
2026-06-26T13:30:00+00:00,24596.12000000001,24635.64000000001,24586.12000000001,24623.63000000001,15641
2026-06-26T13:45:00+00:00,24623.63000000001,24655.62000000001,24606.14000000001,24650.13000000001,12403
2026-06-26T14:00:00+00:00,24650.13000000001,24689.64000000001,24642.52000000001,24667.62000000001,10980
2026-06-26T14:15:00+00:00,24667.62000000001,24683.64000000001,24653.62000000001,24671.12000000001,8574
2026-06-26T14:30:00+00:00,24671.12000000001,24675.14000000001,24623.12000000001,24623.64000000001,7340
2026-06-26T14:45:00+00:00,24623.64000000001,24635.64000000001,24587.12000000001,24601.64000000001,8348.007963064932
2026-06-26T15:00:00+00:00,24601.64000000001,24632.16000000001,24583.16000000001,24587.15000000001,6710
2026-06-26T15:15:00+00:00,24587.15000000001,24673.66000000001,24585.65000000001,24673.65000000001,5558
2026-06-26T15:30:00+00:00,24673.65000000001,24699.15000000001,24657.15000000001,24686.64000000001,5613
2026-06-26T15:45:00+00:00,24686.64000000001,24693.16000000001,24635.04000000001,24668.15000000001,6782
2026-06-26T16:00:00+00:00,24668.15000000001,24670.81000000001,24630.81000000001,24651.81000000001,4869
2026-06-26T16:15:00+00:00,24651.81000000001,24664.29000000001,24593.29000000001,24634.79000000001,6155
2026-06-26T16:30:00+00:00,24634.79000000001,24652.80000000001,24625.80000000001,24626.30000000001,4240
2026-06-26T16:45:00+00:00,24626.30000000001,24650.31000000001,24624.29000000001,24635.81000000001,3711
2026-06-26T17:00:00+00:00,24635.81000000001,24662.81000000001,24622.79000000001,24654.81000000001,3615
2026-06-26T17:15:00+00:00,24654.81000000001,24658.80000000001,24640.79000000001,24653.80000000001,2901
2026-06-26T17:30:00+00:00,24653.80000000001,24666.79000000001,24639.29000000001,24654.80000000001,3999
2026-06-26T17:45:00+00:00,24654.80000000001,24660.81000000001,24639.80000000001,24645.29000000001,2666
2026-06-26T18:00:00+00:00,24645.29000000001,24660.30000000001,24640.79000000001,24647.81000000001,2941
2026-06-26T18:15:00+00:00,24647.81000000001,24651.81000000001,24620.30000000001,24624.29000000001,3242
2026-06-26T18:30:00+00:00,24624.29000000001,24635.80000000001,24616.31000000001,24631.80000000001,3014
2026-06-26T18:45:00+00:00,24631.80000000001,24632.81000000001,24607.79000000001,24616.31000000001,3047
2026-06-26T19:00:00+00:00,24616.31000000001,24645.79000000001,24601.79000000001,24644.80000000001,3980
2026-06-26T19:15:00+00:00,24644.80000000001,24649.81000000001,24622.29000000001,24627.31000000001,3720
2026-06-26T19:30:00+00:00,24627.31000000001,24638.81000000001,24617.31000000001,24637.30000000001,3853
2026-06-26T19:45:00+00:00,24637.30000000001,24648.80000000001,24617.04000000001,24627.04000000001,4505
2026-06-29T00:30:00+00:00,24627.04000000001,24741.80000000001,24627.04000000001,24736.04000000001,2829
2026-06-29T00:45:00+00:00,24736.04000000001,24742.80000000001,24683.06000000001,24736.80000000001,2765
2026-06-29T01:00:00+00:00,24736.80000000001,24753.31000000001,24707.06000000001,24737.29000000001,3889
2026-06-29T01:15:00+00:00,24737.29000000001,24737.31000000001,24704.05000000001,24711.31000000001,3429
2026-06-29T01:30:00+00:00,24711.31000000001,24737.81000000001,24696.04000000001,24727.05000000001,3680
2026-06-29T01:45:00+00:00,24727.05000000001,24729.80000000001,24709.04000000001,24723.29000000001,2678
2026-06-29T02:00:00+00:00,24723.29000000001,24732.80000000001,24690.79000000001,24694.30000000001,2891
2026-06-29T02:15:00+00:00,24694.30000000001,24757.80000000001,24684.81000000001,24749.04000000001,3238
2026-06-29T02:30:00+00:00,24749.04000000001,24757.30000000001,24739.05000000001,24749.04000000001,1696
2026-06-29T02:45:00+00:00,24749.04000000001,24760.30000000001,24743.05000000001,24751.05000000001,1220
2026-06-29T03:00:00+00:00,24751.05000000001,24774.80000000001,24751.04000000001,24759.04000000001,1164
2026-06-29T03:15:00+00:00,24759.04000000001,24777.29000000001,24754.05000000001,24769.30000000001,985
2026-06-29T03:30:00+00:00,24769.30000000001,24772.81000000001,24730.04000000001,24737.30000000001,1673
2026-06-29T03:45:00+00:00,24737.30000000001,24776.80000000001,24735.05000000001,24768.31000000001,1602
2026-06-29T04:00:00+00:00,24768.31000000001,24769.30000000001,24748.05000000001,24752.05000000001,1176
2026-06-29T04:15:00+00:00,24752.05000000001,24756.80000000001,24737.31000000001,24746.31000000001,1208
2026-06-29T04:30:00+00:00,24746.31000000001,24752.30000000001,24724.05000000001,24732.80000000001,1501
2026-06-29T04:45:00+00:00,24732.80000000001,24749.81000000001,24728.04000000001,24732.79000000001,1550
2026-06-29T05:00:00+00:00,24732.79000000001,24747.31000000001,24719.81000000001,24747.31000000001,2424
2026-06-29T05:15:00+00:00,24747.31000000001,24753.81000000001,24722.06000000001,24730.79000000001,1705
2026-06-29T05:30:00+00:00,24730.79000000001,24774.81000000001,24724.79000000001,24772.79000000001,2033
2026-06-29T05:45:00+00:00,24772.79000000001,24797.31000000001,24759.05000000001,24790.81000000001,1677
2026-06-29T06:00:00+00:00,24790.81000000001,24799.29000000001,24753.79000000001,24781.31000000001,2413
2026-06-29T06:15:00+00:00,24781.31000000001,24793.81000000001,24765.29000000001,24784.31000000001,1777
2026-06-29T06:30:00+00:00,24784.31000000001,24784.31000000001,24754.30000000001,24755.30000000001,2011
2026-06-29T06:45:00+00:00,24755.30000000001,24765.31000000001,24738.29000000001,24753.79000000001,1941
2026-06-29T07:00:00+00:00,24753.79000000001,24770.64000000001,24681.14000000001,24721.16000000001,10215
2026-06-29T07:15:00+00:00,24721.16000000001,24746.15000000001,24705.14000000001,24733.64000000001,6300
2026-06-29T07:30:00+00:00,24733.64000000001,24766.65000000001,24717.15000000001,24745.16000000001,4872
2026-06-29T07:45:00+00:00,24745.16000000001,24751.16000000001,24708.15000000001,24740.64000000001,4058
2026-06-29T08:00:00+00:00,24740.64000000001,24756.16000000001,24706.65000000001,24731.15000000001,5595
2026-06-29T08:15:00+00:00,24731.15000000001,24736.66000000001,24670.16000000001,24671.16000000001,4837
2026-06-29T08:30:00+00:00,24671.16000000001,24696.66000000001,24647.66000000001,24657.66000000001,4815
2026-06-29T08:45:00+00:00,24657.66000000001,24679.66000000001,24641.14000000001,24641.14000000001,4052
2026-06-29T09:00:00+00:00,24641.14000000001,24681.16000000001,24638.64000000001,24672.15000000001,3994
2026-06-29T09:15:00+00:00,24672.15000000001,24710.15000000001,24662.64000000001,24708.66000000001,3243
2026-06-29T09:30:00+00:00,24708.66000000001,24713.16000000001,24680.64000000001,24687.15000000001,2814
2026-06-29T09:45:00+00:00,24687.15000000001,24689.16000000001,24660.14000000001,24677.64000000001,4017
2026-06-29T10:00:00+00:00,24677.64000000001,24682.15000000001,24662.14000000001,24666.14000000001,2706
2026-06-29T10:15:00+00:00,24666.14000000001,24673.16000000001,24646.64000000001,24672.65000000001,2656
2026-06-29T10:30:00+00:00,24672.65000000001,24689.66000000001,24656.64000000001,24680.65000000001,3013
2026-06-29T10:45:00+00:00,24680.65000000001,24688.15000000001,24652.06000000001,24678.15000000001,3047
2026-06-29T11:00:00+00:00,24678.15000000001,24692.15000000001,24669.15000000001,24673.16000000001,2866
2026-06-29T11:15:00+00:00,24673.16000000001,24679.16000000001,24644.64000000001,24651.64000000001,2827
2026-06-29T11:30:00+00:00,24651.64000000001,24695.65000000001,24628.15000000001,24650.66000000001,4051
2026-06-29T11:45:00+00:00,24650.66000000001,24691.15000000001,24649.64000000001,24684.65000000001,3280
2026-06-29T12:00:00+00:00,24684.65000000001,24707.16000000001,24677.14000000001,24701.16000000001,3641
2026-06-29T12:15:00+00:00,24701.16000000001,24708.16000000001,24682.64000000001,24683.14000000001,2776
2026-06-29T12:30:00+00:00,24683.14000000001,24700.66000000001,24656.64000000001,24668.14000000001,3221
2026-06-29T12:45:00+00:00,24668.14000000001,24698.16000000001,24667.64000000001,24697.15000000001,2583
2026-06-29T13:00:00+00:00,24697.15000000001,24713.15000000001,24692.15000000001,24707.16000000001,2750
2026-06-29T13:15:00+00:00,24707.16000000001,24708.66000000001,24684.15000000001,24704.64000000001,3050
2026-06-29T13:30:00+00:00,24704.64000000001,24712.16000000001,24674.14000000001,24706.14000000001,8874
2026-06-29T13:45:00+00:00,24706.14000000001,24715.16000000001,24642.15000000001,24665.64000000001,8058
2026-06-29T14:00:00+00:00,24665.64000000001,24666.15000000001,24573.64000000001,24574.14000000001,9173
2026-06-29T14:15:00+00:00,24574.14000000001,24663.66000000001,24559.65000000001,24650.14000000001,10352
2026-06-29T14:30:00+00:00,24650.14000000001,24656.66000000001,24607.14000000001,24613.14000000001,7370
2026-06-29T14:45:00+00:00,24613.14000000001,24616.16000000001,24572.14000000001,24588.66000000001,6862
2026-06-29T15:00:00+00:00,24588.66000000001,24611.16000000001,24551.16000000001,24610.65000000001,6458
2026-06-29T15:15:00+00:00,24610.65000000001,24638.15000000001,24599.64000000001,24627.14000000001,4625
2026-06-29T15:30:00+00:00,24627.14000000001,24643.14000000001,24606.64000000001,24630.64000000001,4650
2026-06-29T15:45:00+00:00,24630.64000000001,24644.16000000001,24623.14000000001,24634.64000000001,2587
2026-06-29T16:00:00+00:00,24634.64000000001,24649.80000000001,24630.81000000001,24640.31000000001,1919
2026-06-29T16:15:00+00:00,24640.31000000001,24650.81000000001,24638.81000000001,24646.80000000001,1346
2026-06-29T16:30:00+00:00,24646.80000000001,24666.31000000001,24641.30000000001,24664.80000000001,1163
2026-06-29T16:45:00+00:00,24664.80000000001,24679.31000000001,24658.31000000001,24668.31000000001,1229
2026-06-29T17:00:00+00:00,24668.31000000001,24698.81000000001,24667.81000000001,24689.79000000001,1005
2026-06-29T17:15:00+00:00,24689.79000000001,24694.80000000001,24674.79000000001,24684.79000000001,1363
2026-06-29T17:30:00+00:00,24684.79000000001,24694.81000000001,24678.30000000001,24691.81000000001,1144
2026-06-29T17:45:00+00:00,24691.81000000001,24695.81000000001,24684.80000000001,24688.31000000001,706
2026-06-29T18:00:00+00:00,24688.31000000001,24733.79000000001,24684.79000000001,24725.31000000001,1438
2026-06-29T18:15:00+00:00,24725.31000000001,24728.81000000001,24716.79000000001,24725.29000000001,1164
2026-06-29T18:30:00+00:00,24725.29000000001,24735.79000000001,24723.80000000001,24731.29000000001,931
2026-06-29T18:45:00+00:00,24731.29000000001,24744.29000000001,24729.30000000001,24734.79000000001,741
2026-06-29T19:00:00+00:00,24734.79000000001,24737.81000000001,24725.80000000001,24727.30000000001,864
2026-06-29T19:15:00+00:00,24727.30000000001,24742.30000000001,24721.31000000001,24734.31000000001,634
2026-06-29T19:30:00+00:00,24734.31000000001,24741.31000000001,24726.29000000001,24735.81000000001,1012
2026-06-29T19:45:00+00:00,24735.81000000001,24741.81000000001,24714.29000000001,24740.54000000001,1701
2026-06-30T00:30:00+00:00,24740.54000000001,24740.54000000001,24678.30000000001,24686.79000000001,1411
2026-06-30T00:45:00+00:00,24686.79000000001,24710.81000000001,24676.30000000001,24709.05000000001,1497
2026-06-30T01:00:00+00:00,24709.05000000001,24713.80000000001,24694.04000000001,24707.05000000001,1393
2026-06-30T01:15:00+00:00,24707.05000000001,24752.29000000001,24702.04000000001,24750.79000000001,1662
2026-06-30T01:30:00+00:00,24750.79000000001,24773.79000000001,24724.05000000001,24747.05000000001,2049
2026-06-30T01:45:00+00:00,24747.05000000001,24755.29000000001,24727.04000000001,24754.80000000001,1217
2026-06-30T02:00:00+00:00,24754.80000000001,24754.80000000001,24727.04000000001,24729.04000000001,1336
2026-06-30T02:15:00+00:00,24729.04000000001,24750.31000000001,24719.04000000001,24746.05000000001,925
2026-06-30T02:30:00+00:00,24746.05000000001,24753.31000000001,24738.04000000001,24741.04000000001,898
2026-06-30T02:45:00+00:00,24741.04000000001,24752.80000000001,24737.06000000001,24742.81000000001,751
2026-06-30T03:00:00+00:00,24742.81000000001,24752.29000000001,24737.04000000001,24738.05000000001,605
2026-06-30T03:15:00+00:00,24738.05000000001,24750.79000000001,24734.04000000001,24744.06000000001,509
2026-06-30T03:30:00+00:00,24744.06000000001,24769.80000000001,24742.04000000001,24763.80000000001,690
2026-06-30T03:45:00+00:00,24763.80000000001,24773.81000000001,24757.04000000001,24758.04000000001,541.4563399130144
2026-06-30T04:00:00+00:00,24758.04000000001,24781.29000000001,24755.04000000001,24778.79000000001,415
2026-06-30T04:15:00+00:00,24778.79000000001,24785.30000000001,24767.04000000001,24783.30000000001,432
2026-06-30T04:30:00+00:00,24783.30000000001,24796.80000000001,24780.29000000001,24790.29000000001,570
2026-06-30T04:45:00+00:00,24790.29000000001,24794.30000000001,24780.04000000001,24785.79000000001,787
2026-06-30T05:00:00+00:00,24785.79000000001,24823.80000000001,24783.05000000001,24823.79000000001,923
2026-06-30T05:15:00+00:00,24823.79000000001,24826.30000000001,24810.79000000001,24815.29000000001,684
2026-06-30T05:30:00+00:00,24815.29000000001,24820.29000000001,24795.04000000001,24806.05000000001,1247
2026-06-30T05:45:00+00:00,24806.05000000001,24816.81000000001,24796.80000000001,24805.31000000001,1018
2026-06-30T06:00:00+00:00,24805.31000000001,24818.80000000001,24779.29000000001,24785.80000000001,1395
2026-06-30T06:15:00+00:00,24785.80000000001,24789.31000000001,24770.30000000001,24782.29000000001,946
2026-06-30T06:30:00+00:00,24782.29000000001,24785.81000000001,24757.30000000001,24774.79000000001,1189
2026-06-30T06:45:00+00:00,24774.79000000001,24821.30000000001,24774.79000000001,24820.79000000001,1171
2026-06-30T07:00:00+00:00,24820.79000000001,24867.16000000001,24794.15000000001,24802.65000000001,6219
2026-06-30T07:15:00+00:00,24802.65000000001,24855.66000000001,24796.64000000001,24840.66000000001,3605
2026-06-30T07:30:00+00:00,24840.66000000001,24875.64000000001,24835.15000000001,24857.15000000001,3344
2026-06-30T07:45:00+00:00,24857.15000000001,24861.66000000001,24792.15000000001,24805.16000000001,2627
2026-06-30T08:00:00+00:00,24805.16000000001,24832.15000000001,24804.04000000001,24817.16000000001,3052
2026-06-30T08:15:00+00:00,24817.16000000001,24870.65000000001,24809.14000000001,24861.65000000001,2723
2026-06-30T08:30:00+00:00,24861.65000000001,24868.16000000001,24810.14000000001,24823.64000000001,3313
2026-06-30T08:45:00+00:00,24823.64000000001,24833.65000000001,24804.14000000001,24819.64000000001,2249
2026-06-30T09:00:00+00:00,24819.64000000001,24862.15000000001,24816.64000000001,24846.64000000001,2063
2026-06-30T09:15:00+00:00,24846.64000000001,24881.16000000001,24846.14000000001,24873.64000000001,1957
2026-06-30T09:30:00+00:00,24873.64000000001,24916.16000000001,24862.15000000001,24910.64000000001,2203
2026-06-30T09:45:00+00:00,24910.64000000001,24932.66000000001,24902.64000000001,24905.14000000001,3322
2026-06-30T10:00:00+00:00,24905.14000000001,24933.15000000001,24898.65000000001,24921.64000000001,2948
2026-06-30T10:15:00+00:00,24921.64000000001,24974.16000000001,24920.14000000001,24970.64000000001,2203
2026-06-30T10:30:00+00:00,24970.64000000001,24985.66000000001,24961.14000000001,24976.66000000001,2145
2026-06-30T10:45:00+00:00,24976.66000000001,24982.15000000001,24951.64000000001,24974.64000000001,2068
2026-06-30T11:00:00+00:00,24974.64000000001,24998.66000000001,24956.16000000001,24992.16000000001,2640
2026-06-30T11:15:00+00:00,24992.16000000001,25010.66000000001,24987.14000000001,24990.14000000001,2723
2026-06-30T11:30:00+00:00,24990.14000000001,25021.15000000001,24989.65000000001,25014.14000000001,2378
2026-06-30T11:45:00+00:00,25014.14000000001,25020.15000000001,24989.14000000001,24990.65000000001,2228
2026-06-30T12:00:00+00:00,24990.65000000001,24994.15000000001,24954.14000000001,24957.66000000001,3288
2026-06-30T12:15:00+00:00,24957.66000000001,24959.66000000001,24919.16000000001,24921.16000000001,3348
2026-06-30T12:30:00+00:00,24921.16000000001,24940.16000000001,24892.14000000001,24937.64000000001,4053
2026-06-30T12:45:00+00:00,24937.64000000001,24962.65000000001,24925.64000000001,24944.65000000001,2677
2026-06-30T13:00:00+00:00,24944.65000000001,24949.15000000001,24886.14000000001,24893.64000000001,4009
2026-06-30T13:15:00+00:00,24893.64000000001,24905.66000000001,24882.14000000001,24889.15000000001,3508
2026-06-30T13:30:00+00:00,24889.15000000001,24928.66000000001,24872.64000000001,24918.15000000001,6297
2026-06-30T13:45:00+00:00,24918.15000000001,24945.16000000001,24901.15000000001,24934.14000000001,5283
2026-06-30T14:00:00+00:00,24934.14000000001,24941.66000000001,24902.14000000001,24933.64000000001,5405
2026-06-30T14:15:00+00:00,24933.64000000001,24952.16000000001,24922.14000000001,24927.16000000001,4113
2026-06-30T14:30:00+00:00,24927.16000000001,24950.65000000001,24912.15000000001,24916.64000000001,3659
2026-06-30T14:45:00+00:00,24916.64000000001,24918.16000000001,24890.15000000001,24908.66000000001,4078
2026-06-30T15:00:00+00:00,24908.66000000001,24999.64000000001,24908.14000000001,24993.64000000001,4247
2026-06-30T15:15:00+00:00,24993.64000000001,24993.66000000001,24950.66000000001,24975.65000000001,3712
2026-06-30T15:30:00+00:00,24975.65000000001,25013.16000000001,24955.64000000001,25001.66000000001,3949
2026-06-30T15:45:00+00:00,25001.66000000001,25007.65000000001,24982.16000000001,24982.65000000001,1458
2026-06-30T16:00:00+00:00,24982.65000000001,24990.29000000001,24970.79000000001,24978.31000000001,1216
2026-06-30T16:15:00+00:00,24978.31000000001,24989.31000000001,24977.30000000001,24983.79000000001,1030
2026-06-30T16:30:00+00:00,24983.79000000001,24998.31000000001,24982.79000000001,24997.30000000001,816
2026-06-30T16:45:00+00:00,24997.30000000001,25007.81000000001,24993.29000000001,25001.29000000001,652
2026-06-30T17:00:00+00:00,25001.29000000001,25012.31000000001,24991.30000000001,24994.81000000001,698
2026-06-30T17:15:00+00:00,24994.81000000001,25006.81000000001,24991.79000000001,25004.30000000001,888
2026-06-30T17:30:00+00:00,25004.30000000001,25012.31000000001,24999.80000000001,25010.29000000001,570
2026-06-30T17:45:00+00:00,25010.29000000001,25014.81000000001,25004.31000000001,25011.79000000001,481
2026-06-30T18:00:00+00:00,25011.79000000001,25014.81000000001,25000.30000000001,25013.30000000001,530
2026-06-30T18:15:00+00:00,25013.30000000001,25023.31000000001,25009.29000000001,25009.80000000001,659
2026-06-30T18:30:00+00:00,25009.80000000001,25020.30000000001,25004.80000000001,25020.29000000001,480
2026-06-30T18:45:00+00:00,25020.29000000001,25030.80000000001,25016.80000000001,25026.29000000001,537
2026-06-30T19:00:00+00:00,25026.29000000001,25029.31000000001,25014.80000000001,25027.30000000001,542
2026-06-30T19:15:00+00:00,25027.30000000001,25038.29000000001,25017.79000000001,25018.29000000001,692
2026-06-30T19:30:00+00:00,25018.29000000001,25020.30000000001,25003.29000000001,25010.81000000001,945
2026-06-30T19:45:00+00:00,25010.81000000001,25019.79000000001,24997.79000000001,25007.04000000001,2749
2026-07-01T00:30:00+00:00,25007.04000000001,25027.27000000001,25007.04000000001,25021.75000000001,613
2026-07-01T00:45:00+00:00,25021.75000000001,25023.27000000001,25012.01000000001,25013.01000000001,431
2026-07-01T01:00:00+00:00,25013.01000000001,25031.75000000001,24998.25000000001,25005.26000000001,720
2026-07-01T01:15:00+00:00,25005.26000000001,25006.75000000001,24991.75000000001,25000.25000000001,926
2026-07-01T01:30:00+00:00,25000.25000000001,25006.77000000001,24988.00000000001,24990.26000000001,1184
2026-07-01T01:45:00+00:00,24990.26000000001,24993.25000000001,24973.00000000001,24979.27000000001,789
2026-07-01T02:00:00+00:00,24979.27000000001,24984.27000000001,24955.00000000001,24968.77000000001,1955
2026-07-01T02:15:00+00:00,24968.77000000001,24983.76000000001,24952.01000000001,24979.25000000001,1042
2026-07-01T02:30:00+00:00,24979.25000000001,24996.76000000001,24970.00000000001,24993.76000000001,953
2026-07-01T02:45:00+00:00,24993.76000000001,24998.77000000001,24981.27000000001,24983.77000000001,795
2026-07-01T03:00:00+00:00,24983.77000000001,25001.77000000001,24978.00000000001,24996.00000000001,195
2026-07-01T03:15:00+00:00,24996.00000000001,24997.77000000001,24980.75000000001,24984.25000000001,338
2026-07-01T03:30:00+00:00,24984.25000000001,24999.26000000001,24976.75000000001,24986.01000000001,650
2026-07-01T03:45:00+00:00,24986.01000000001,25001.27000000001,24985.00000000001,24997.26000000001,277.21619487425534
2026-07-01T04:00:00+00:00,24997.26000000001,24998.27000000001,24982.50000000001,24984.51000000001,527
2026-07-01T04:15:00+00:00,24984.51000000001,24997.27000000001,24981.50000000001,24995.26000000001,384
2026-07-01T04:30:00+00:00,24995.26000000001,25001.26000000001,24981.52000000001,24989.77000000001,476
2026-07-01T04:45:00+00:00,24989.77000000001,25004.27000000001,24982.75000000001,24983.26000000001,578
2026-07-01T05:00:00+00:00,24983.26000000001,24992.25000000001,24973.52000000001,24980.26000000001,628
2026-07-01T05:15:00+00:00,24980.26000000001,24985.27000000001,24970.51000000001,24977.50000000001,414
2026-07-01T05:30:00+00:00,24977.50000000001,24993.27000000001,24974.50000000001,24987.76000000001,650
2026-07-01T05:45:00+00:00,24987.76000000001,25004.75000000001,24983.50000000001,25003.26000000001,611
2026-07-01T06:00:00+00:00,25003.26000000001,25028.26000000001,24993.76000000001,24998.77000000001,1249
2026-07-01T06:15:00+00:00,24998.77000000001,25006.76000000001,24986.75000000001,25004.25000000001,745
2026-07-01T06:30:00+00:00,25004.25000000001,25020.26000000001,24990.27000000001,25019.26000000001,972
2026-07-01T06:45:00+00:00,25019.26000000001,25033.27000000001,25003.25000000001,25031.27000000001,1091
2026-07-01T07:00:00+00:00,25031.27000000001,25056.60000000001,24963.61000000001,24970.60000000001,6387
2026-07-01T07:15:00+00:00,24970.60000000001,25000.12000000001,24959.10000000001,24984.11000000001,6130
2026-07-01T07:30:00+00:00,24984.11000000001,25015.11000000001,24964.11000000001,25014.10000000001,4526
2026-07-01T07:45:00+00:00,25014.10000000001,25058.62000000001,25006.10000000001,25057.10000000001,3123
2026-07-01T08:00:00+00:00,25057.10000000001,25069.10000000001,25020.60000000001,25063.11000000001,4214
2026-07-01T08:15:00+00:00,25063.11000000001,25087.61000000001,25054.60000000001,25069.11000000001,3847
2026-07-01T08:30:00+00:00,25069.11000000001,25099.11000000001,25050.60000000001,25089.60000000001,3052
2026-07-01T08:45:00+00:00,25089.60000000001,25090.60000000001,25049.11000000001,25072.12000000001,3663
2026-07-01T09:00:00+00:00,25072.12000000001,25077.12000000001,25041.61000000001,25057.12000000001,4270
2026-07-01T09:15:00+00:00,25057.12000000001,25087.62000000001,25043.10000000001,25087.62000000001,2433
2026-07-01T09:30:00+00:00,25087.62000000001,25095.62000000001,25077.11000000001,25082.62000000001,2485
2026-07-01T09:45:00+00:00,25082.62000000001,25093.61000000001,25073.60000000001,25080.61000000001,2344
2026-07-01T10:00:00+00:00,25080.61000000001,25083.11000000001,25029.60000000001,25065.61000000001,2634
2026-07-01T10:15:00+00:00,25065.61000000001,25083.12000000001,25060.11000000001,25081.11000000001,2203
2026-07-01T10:30:00+00:00,25081.11000000001,25084.62000000001,25051.60000000001,25064.62000000001,2159
2026-07-01T10:45:00+00:00,25064.62000000001,25075.12000000001,25056.60000000001,25068.11000000001,2081
2026-07-01T11:00:00+00:00,25068.11000000001,25085.61000000001,25048.10000000001,25050.61000000001,2128
2026-07-01T11:15:00+00:00,25050.61000000001,25064.12000000001,25031.10000000001,25037.11000000001,2041
2026-07-01T11:30:00+00:00,25037.11000000001,25041.60000000001,25002.60000000001,25022.12000000001,2573
2026-07-01T11:45:00+00:00,25022.12000000001,25023.62000000001,24987.10000000001,24994.12000000001,2840
2026-07-01T12:00:00+00:00,24994.12000000001,25006.60000000001,24964.61000000001,24995.52000000001,3306
2026-07-01T12:15:00+00:00,24995.52000000001,25015.61000000001,24989.61000000001,25009.61000000001,3096
2026-07-01T12:30:00+00:00,25009.61000000001,25025.62000000001,24975.60000000001,24983.61000000001,5509
2026-07-01T12:45:00+00:00,24983.61000000001,24993.62000000001,24945.10000000001,24945.62000000001,4742
2026-07-01T13:00:00+00:00,24945.62000000001,24945.62000000001,24885.10000000001,24894.62000000001,5496
2026-07-01T13:15:00+00:00,24894.62000000001,24957.10000000001,24893.60000000001,24954.61000000001,5609
2026-07-01T13:30:00+00:00,24954.61000000001,24974.62000000001,24918.62000000001,24970.60000000001,10184
2026-07-01T13:45:00+00:00,24970.60000000001,25005.11000000001,24962.60000000001,24983.51000000001,6965
2026-07-01T14:00:00+00:00,24983.51000000001,25007.61000000001,24973.12000000001,24997.12000000001,5052
2026-07-01T14:15:00+00:00,24997.12000000001,25020.62000000001,24985.60000000001,25007.12000000001,3972
2026-07-01T14:30:00+00:00,25007.12000000001,25013.12000000001,24960.60000000001,24977.12000000001,4066
2026-07-01T14:45:00+00:00,24977.12000000001,25003.10000000001,24961.10000000001,24984.11000000001,4045
2026-07-01T15:00:00+00:00,24984.11000000001,25014.12000000001,24979.60000000001,25004.11000000001,3842
2026-07-01T15:15:00+00:00,25004.11000000001,25077.61000000001,25004.10000000001,25077.60000000001,2975
2026-07-01T15:30:00+00:00,25077.60000000001,25086.62000000001,25032.12000000001,25051.11000000001,4162
2026-07-01T15:45:00+00:00,25051.11000000001,25064.11000000001,25046.62000000001,25059.12000000001,1918
2026-07-01T16:00:00+00:00,25059.12000000001,25070.76000000001,25054.76000000001,25069.76000000001,1702
2026-07-01T16:15:00+00:00,25069.76000000001,25083.77000000001,25067.25000000001,25078.75000000001,1613
2026-07-01T16:30:00+00:00,25078.75000000001,25090.77000000001,25068.25000000001,25076.25000000001,1186
2026-07-01T16:45:00+00:00,25076.25000000001,25081.75000000001,25045.25000000001,25047.25000000001,2066
2026-07-01T17:00:00+00:00,25047.25000000001,25062.77000000001,25045.75000000001,25061.75000000001,1749
2026-07-01T17:15:00+00:00,25061.75000000001,25081.27000000001,25058.76000000001,25077.27000000001,1018
2026-07-01T17:30:00+00:00,25077.27000000001,25083.25000000001,25057.77000000001,25058.77000000001,1009
2026-07-01T17:45:00+00:00,25058.77000000001,25060.77000000001,25042.76000000001,25047.75000000001,774
2026-07-01T18:00:00+00:00,25047.75000000001,25059.77000000001,25039.25000000001,25040.76000000001,941
2026-07-01T18:15:00+00:00,25040.76000000001,25052.25000000001,25035.26000000001,25047.840000000007,1072.1393476344401
2026-07-01T18:30:00+00:00,25047.840000000007,25055.350000000006,25043.850000000006,25051.860000000008,887
2026-07-01T18:45:00+00:00,25051.860000000008,25052.340000000007,25038.340000000007,25043.350000000006,1268
2026-07-01T19:00:00+00:00,25043.350000000006,25064.850000000006,25042.340000000007,25060.840000000007,1358
2026-07-01T19:15:00+00:00,25060.840000000007,25066.860000000008,25053.840000000007,25057.840000000007,876
2026-07-01T19:30:00+00:00,25057.840000000007,25064.850000000006,25051.350000000006,25052.850000000006,1266
2026-07-01T19:45:00+00:00,25052.850000000006,25060.340000000007,25040.350000000006,25048.610000000008,1967
2026-07-02T00:30:00+00:00,25048.610000000008,25048.610000000008,24991.050000000007,24993.300000000007,1334
2026-07-02T00:45:00+00:00,24993.300000000007,25049.310000000005,24991.050000000007,25032.070000000007,1472.6614704901633
2026-07-02T01:00:00+00:00,25032.070000000007,25073.320000000007,25027.050000000007,25070.810000000005,2148
2026-07-02T01:15:00+00:00,25070.810000000005,25084.800000000007,25055.050000000007,25083.310000000005,1634
2026-07-02T01:30:00+00:00,25083.310000000005,25132.820000000007,25078.070000000007,25129.310000000005,1625
2026-07-02T01:45:00+00:00,25129.310000000005,25145.820000000007,25115.070000000007,25125.810000000005,786
2026-07-02T02:00:00+00:00,25125.810000000005,25134.820000000007,25116.050000000007,25133.060000000005,960
2026-07-02T02:15:00+00:00,25133.060000000005,25144.800000000007,25123.070000000007,25125.800000000007,842
2026-07-02T02:30:00+00:00,25125.800000000007,25131.320000000007,25118.320000000007,25123.070000000007,517
2026-07-02T02:45:00+00:00,25123.070000000007,25130.810000000005,25120.800000000007,25124.050000000007,277.6320594151323
2026-07-02T03:00:00+00:00,25124.050000000007,25130.820000000007,25113.800000000007,25121.300000000007,444.57613764270786
2026-07-02T03:15:00+00:00,25121.300000000007,25125.820000000007,25101.070000000007,25111.050000000007,362
2026-07-02T03:30:00+00:00,25111.050000000007,25128.820000000007,25106.050000000007,25125.320000000007,983
2026-07-02T03:45:00+00:00,25125.320000000007,25134.820000000007,25113.050000000007,25132.300000000007,615
2026-07-02T04:00:00+00:00,25132.300000000007,25143.300000000007,25106.050000000007,25111.050000000007,664
2026-07-02T04:15:00+00:00,25111.050000000007,25112.810000000005,25089.070000000007,25106.070000000007,749
2026-07-02T04:30:00+00:00,25106.070000000007,25107.800000000007,25070.070000000007,25073.060000000005,1229
2026-07-02T04:45:00+00:00,25073.060000000005,25100.320000000007,25070.060000000005,25092.060000000005,893
2026-07-02T05:00:00+00:00,25092.060000000005,25119.820000000007,25084.050000000007,25107.300000000007,818
2026-07-02T05:15:00+00:00,25107.300000000007,25110.320000000007,25086.050000000007,25087.320000000007,991
2026-07-02T05:30:00+00:00,25087.320000000007,25087.810000000005,25055.060000000005,25058.820000000007,1847
2026-07-02T05:45:00+00:00,25058.820000000007,25069.310000000005,25052.820000000007,25059.300000000007,1438
2026-07-02T06:00:00+00:00,25059.300000000007,25071.810000000005,25033.800000000007,25035.310000000005,1289
2026-07-02T06:15:00+00:00,25035.310000000005,25050.310000000005,25021.800000000007,25024.820000000007,1587
2026-07-02T06:30:00+00:00,25024.820000000007,25068.810000000005,25023.800000000007,25048.810000000005,1559
2026-07-02T06:45:00+00:00,25048.810000000005,25049.310000000005,24971.320000000007,24972.810000000005,2739
2026-07-02T07:00:00+00:00,24972.810000000005,25048.160000000007,24947.050000000007,25027.150000000005,9159
2026-07-02T07:15:00+00:00,25027.150000000005,25101.660000000007,25024.150000000005,25082.650000000005,5260
2026-07-02T07:30:00+00:00,25082.650000000005,25138.650000000005,25067.650000000005,25129.160000000007,4607
2026-07-02T07:45:00+00:00,25129.160000000007,25135.170000000006,25084.150000000005,25105.670000000006,4567
2026-07-02T08:00:00+00:00,25105.670000000006,25130.660000000007,25090.650000000005,25108.650000000005,5080
2026-07-02T08:15:00+00:00,25108.650000000005,25121.170000000006,25091.150000000005,25102.650000000005,3720
2026-07-02T08:30:00+00:00,25102.650000000005,25157.660000000007,25094.660000000007,25130.650000000005,3623
2026-07-02T08:45:00+00:00,25130.650000000005,25166.150000000005,25127.660000000007,25147.670000000006,3045
2026-07-02T09:00:00+00:00,25147.670000000006,25161.160000000007,25129.650000000005,25159.660000000007,3003
2026-07-02T09:15:00+00:00,25159.660000000007,25192.170000000006,25148.650000000005,25174.670000000006,2545
2026-07-02T09:30:00+00:00,25174.670000000006,25193.150000000005,25168.670000000006,25185.170000000006,2605
2026-07-02T09:45:00+00:00,25185.170000000006,25197.160000000007,25167.670000000006,25176.150000000005,2413
2026-07-02T10:00:00+00:00,25176.150000000005,25179.650000000005,25157.650000000005,25169.650000000005,2723
2026-07-02T10:15:00+00:00,25169.650000000005,25206.670000000006,25167.150000000005,25206.670000000006,1881
2026-07-02T10:30:00+00:00,25206.670000000006,25258.660000000007,25206.670000000006,25253.670000000006,1974
2026-07-02T10:45:00+00:00,25253.670000000006,25290.160000000007,25247.670000000006,25279.660000000007,2258
2026-07-02T11:00:00+00:00,25279.660000000007,25299.650000000005,25259.660000000007,25279.650000000005,2220
2026-07-02T11:15:00+00:00,25279.650000000005,25288.170000000006,25267.650000000005,25283.170000000006,2035
2026-07-02T11:30:00+00:00,25283.170000000006,25293.670000000006,25274.670000000006,25280.670000000006,2029
2026-07-02T11:45:00+00:00,25280.670000000006,25309.170000000006,25279.650000000005,25300.660000000007,1892
2026-07-02T12:00:00+00:00,25300.660000000007,25340.660000000007,25292.160000000007,25340.150000000005,2306
2026-07-02T12:15:00+00:00,25340.150000000005,25356.670000000006,25314.050000000007,25346.070000000007,3089
2026-07-02T12:30:00+00:00,25346.070000000007,25466.170000000006,25338.050000000007,25463.670000000006,7362
2026-07-02T12:45:00+00:00,25463.670000000006,25466.670000000006,25418.650000000005,25438.660000000007,5420
2026-07-02T13:00:00+00:00,25438.660000000007,25466.660000000007,25427.650000000005,25442.650000000005,4306
2026-07-02T13:15:00+00:00,25442.650000000005,25518.670000000006,25435.170000000006,25504.170000000006,3945
2026-07-02T13:30:00+00:00,25504.170000000006,25586.170000000006,25496.150000000005,25583.170000000006,8433
2026-07-02T13:45:00+00:00,25583.170000000006,25662.170000000006,25579.150000000005,25640.660000000007,6508
2026-07-02T14:00:00+00:00,25640.660000000007,25652.160000000007,25594.160000000007,25640.660000000007,5808
2026-07-02T14:15:00+00:00,25640.660000000007,25652.170000000006,25591.670000000006,25601.170000000006,7519
2026-07-02T14:30:00+00:00,25601.170000000006,25631.170000000006,25590.670000000006,25594.150000000005,8836
2026-07-02T14:45:00+00:00,25594.150000000005,25639.660000000007,25581.150000000005,25639.660000000007,8067
2026-07-02T15:00:00+00:00,25639.660000000007,25650.660000000007,25583.150000000005,25602.650000000005,7970
2026-07-02T15:15:00+00:00,25602.650000000005,25613.670000000006,25544.650000000005,25550.160000000007,7616
2026-07-02T15:30:00+00:00,25550.160000000007,25618.170000000006,25546.660000000007,25598.650000000005,6457
2026-07-02T15:45:00+00:00,25598.650000000005,25611.660000000007,25544.150000000005,25555.150000000005,4872
2026-07-02T16:00:00+00:00,25555.150000000005,25599.810000000005,25553.810000000005,25591.310000000005,4019
2026-07-02T16:15:00+00:00,25591.310000000005,25605.310000000005,25568.810000000005,25572.820000000007,3669
2026-07-02T16:30:00+00:00,25572.820000000007,25576.310000000005,25544.810000000005,25570.310000000005,3691
2026-07-02T16:45:00+00:00,25570.310000000005,25572.820000000007,25530.810000000005,25540.320000000007,3702
2026-07-02T17:00:00+00:00,25540.320000000007,25542.820000000007,25504.820000000007,25522.810000000005,3882
2026-07-02T17:15:00+00:00,25522.810000000005,25529.820000000007,25512.300000000007,25525.800000000007,3219
2026-07-02T17:30:00+00:00,25525.800000000007,25532.320000000007,25492.810000000005,25508.320000000007,3482
2026-07-02T17:45:00+00:00,25508.320000000007,25511.320000000007,25487.300000000007,25490.300000000007,2910
2026-07-02T18:00:00+00:00,25490.300000000007,25533.320000000007,25479.300000000007,25523.820000000007,3174
2026-07-02T18:15:00+00:00,25523.820000000007,25525.310000000005,25510.300000000007,25521.310000000005,2518
2026-07-02T18:30:00+00:00,25521.310000000005,25544.820000000007,25519.800000000007,25539.300000000007,2304
2026-07-02T18:45:00+00:00,25539.300000000007,25550.820000000007,25530.800000000007,25542.320000000007,2035
2026-07-02T19:00:00+00:00,25542.320000000007,25545.310000000005,25510.800000000007,25525.800000000007,3308
2026-07-02T19:15:00+00:00,25525.800000000007,25529.800000000007,25510.310000000005,25523.300000000007,2067
2026-07-02T19:30:00+00:00,25523.300000000007,25557.800000000007,25521.800000000007,25555.300000000007,2448
2026-07-02T19:45:00+00:00,25555.300000000007,25631.300000000007,25551.310000000005,25619.050000000007,3953
2026-07-03T00:30:00+00:00,25619.050000000007,25638.580000000005,25604.060000000005,25624.830000000005,433.8362991979108
2026-07-03T00:45:00+00:00,25624.830000000005,25636.580000000005,25617.820000000007,25621.330000000005,422.4213628163471
2026-07-03T01:00:00+00:00,25621.330000000005,25694.330000000005,25620.320000000007,25690.330000000005,1175
2026-07-03T01:15:00+00:00,25690.330000000005,25708.080000000005,25676.310000000005,25699.310000000005,1090
2026-07-03T01:30:00+00:00,25699.310000000005,25715.580000000005,25684.310000000005,25703.080000000005,705
2026-07-03T01:45:00+00:00,25703.080000000005,25703.080000000005,25685.320000000007,25695.080000000005,729
2026-07-03T02:00:00+00:00,25695.080000000005,25705.070000000007,25683.310000000005,25686.810000000005,578.8261088709678
2026-07-03T02:15:00+00:00,25686.810000000005,25699.570000000007,25681.810000000005,25697.070000000007,404
2026-07-03T02:30:00+00:00,25697.070000000007,25697.070000000007,25681.810000000005,25686.580000000005,585
2026-07-03T02:45:00+00:00,25686.580000000005,25695.580000000005,25680.060000000005,25688.820000000007,434
2026-07-03T03:00:00+00:00,25688.820000000007,25703.070000000007,25685.810000000005,25697.080000000005,190.5198661157799
2026-07-03T03:15:00+00:00,25697.080000000005,25709.070000000007,25683.830000000005,25705.570000000007,505
2026-07-03T03:30:00+00:00,25705.570000000007,25714.570000000007,25684.820000000007,25689.070000000007,729
2026-07-03T03:45:00+00:00,25689.070000000007,25719.080000000005,25684.810000000005,25717.070000000007,360
2026-07-03T04:00:00+00:00,25717.070000000007,25725.580000000005,25705.810000000005,25725.080000000005,311
2026-07-03T04:15:00+00:00,25725.080000000005,25728.570000000007,25709.060000000005,25722.070000000007,506
2026-07-03T04:30:00+00:00,25722.070000000007,25728.580000000005,25711.580000000005,25717.080000000005,394
2026-07-03T04:45:00+00:00,25717.080000000005,25721.560000000005,25702.810000000005,25706.560000000005,366
2026-07-03T05:00:00+00:00,25706.560000000005,25707.080000000005,25685.830000000005,25692.080000000005,582
2026-07-03T05:15:00+00:00,25692.080000000005,25695.570000000007,25673.570000000007,25692.570000000007,366
2026-07-03T05:30:00+00:00,25692.570000000007,25708.580000000005,25684.810000000005,25686.580000000005,436
2026-07-03T05:45:00+00:00,25686.580000000005,25697.080000000005,25681.570000000007,25694.070000000007,595
2026-07-03T06:00:00+00:00,25694.070000000007,25733.580000000005,25692.580000000005,25730.560000000005,1079
2026-07-03T06:15:00+00:00,25730.560000000005,25739.570000000007,25709.070000000007,25722.580000000005,1092
2026-07-03T06:30:00+00:00,25722.580000000005,25743.080000000005,25714.560000000005,25736.080000000005,1321
2026-07-03T06:45:00+00:00,25736.080000000005,25756.580000000005,25722.060000000005,25756.080000000005,1384
2026-07-03T07:00:00+00:00,25756.080000000005,25826.920000000006,25734.930000000008,25791.910000000007,8101
2026-07-03T07:15:00+00:00,25791.910000000007,25791.910000000007,25741.920000000006,25750.930000000008,4589
2026-07-03T07:30:00+00:00,25750.930000000008,25757.910000000007,25699.920000000006,25700.920000000006,4059
2026-07-03T07:45:00+00:00,25700.920000000006,25725.420000000006,25685.410000000007,25686.930000000008,3243
2026-07-03T08:00:00+00:00,25686.930000000008,25721.430000000008,25674.410000000007,25712.430000000008,3543
2026-07-03T08:15:00+00:00,25712.430000000008,25740.420000000006,25711.930000000008,25718.930000000008,2980
2026-07-03T08:30:00+00:00,25718.930000000008,25723.420000000006,25679.910000000007,25683.430000000008,3121
2026-07-03T08:45:00+00:00,25683.430000000008,25688.430000000008,25627.920000000006,25630.920000000006,3032
2026-07-03T09:00:00+00:00,25630.920000000006,25634.930000000008,25611.420000000006,25631.920000000006,2882
2026-07-03T09:15:00+00:00,25631.920000000006,25665.430000000008,25627.410000000007,25632.930000000008,2463
2026-07-03T09:30:00+00:00,25632.930000000008,25657.930000000008,25621.410000000007,25656.420000000006,2376
2026-07-03T09:45:00+00:00,25656.420000000006,25670.430000000008,25639.410000000007,25653.920000000006,3629
2026-07-03T10:00:00+00:00,25653.920000000006,25680.430000000008,25639.920000000006,25670.430000000008,1980
2026-07-03T10:15:00+00:00,25670.430000000008,25686.430000000008,25659.930000000008,25678.920000000006,1526
2026-07-03T10:30:00+00:00,25678.920000000006,25705.920000000006,25678.920000000006,25699.430000000008,1438
2026-07-03T10:45:00+00:00,25699.430000000008,25706.430000000008,25689.420000000006,25702.910000000007,1390
2026-07-03T11:00:00+00:00,25702.910000000007,25706.420000000006,25672.920000000006,25676.420000000006,1881
2026-07-03T11:15:00+00:00,25676.420000000006,25687.930000000008,25657.430000000008,25662.410000000007,1289
2026-07-03T11:30:00+00:00,25662.410000000007,25681.930000000008,25657.410000000007,25679.910000000007,1206
2026-07-03T11:45:00+00:00,25679.910000000007,25709.910000000007,25679.420000000006,25707.410000000007,1243
2026-07-03T12:00:00+00:00,25707.410000000007,25727.920000000006,25707.410000000007,25719.430000000008,1446
2026-07-03T12:15:00+00:00,25719.430000000008,25719.910000000007,25701.410000000007,25708.420000000006,1576
2026-07-03T12:30:00+00:00,25708.420000000006,25739.430000000008,25707.410000000007,25734.930000000008,1518
2026-07-03T12:45:00+00:00,25734.930000000008,25751.420000000006,25726.410000000007,25750.430000000008,1403
2026-07-03T13:00:00+00:00,25750.430000000008,25776.430000000008,25741.920000000006,25757.430000000008,2111
2026-07-03T13:15:00+00:00,25757.430000000008,25771.910000000007,25746.410000000007,25749.410000000007,1555
2026-07-03T13:30:00+00:00,25749.410000000007,25757.430000000008,25726.920000000006,25753.420000000006,1952
2026-07-03T13:45:00+00:00,25753.420000000006,25785.930000000008,25745.910000000007,25772.420000000006,1903
2026-07-03T14:00:00+00:00,25772.420000000006,25794.910000000007,25770.410000000007,25777.430000000008,1825
2026-07-03T14:15:00+00:00,25777.430000000008,25784.930000000008,25741.410000000007,25751.430000000008,1657
2026-07-03T14:30:00+00:00,25751.430000000008,25791.420000000006,25745.920000000006,25780.430000000008,1579
2026-07-03T14:45:00+00:00,25780.430000000008,25824.920000000006,25773.910000000007,25811.440000000006,1396.3804297212798
2026-07-03T15:00:00+00:00,25811.440000000006,25822.430000000004,25795.440000000006,25819.930000000004,1620
2026-07-03T15:15:00+00:00,25819.930000000004,25837.430000000004,25797.420000000006,25807.440000000006,1791
2026-07-03T15:30:00+00:00,25807.440000000006,25814.930000000004,25781.920000000006,25801.430000000004,2269
2026-07-03T15:45:00+00:00,25801.430000000004,25807.430000000004,25790.930000000004,25799.440000000006,715
2026-07-03T16:00:00+00:00,25799.440000000006,25819.080000000005,25796.070000000003,25814.090000000004,516
2026-07-03T16:15:00+00:00,25814.090000000004,25822.080000000005,25809.580000000005,25811.080000000005,794
2026-07-03T16:30:00+00:00,25811.080000000005,25822.590000000004,25807.570000000003,25812.070000000003,514
2026-07-03T16:45:00+00:00,25812.070000000003,25814.070000000003,25804.570000000003,25805.580000000005,411
2026-07-03T17:00:00+00:00,25805.580000000005,25808.090000000004,25795.580000000005,25796.570000000003,136.2842396777442
2026-07-03T17:15:00+00:00,25796.570000000003,25807.080000000005,25795.590000000004,25804.070000000003,128.7888754185849
2026-07-03T17:30:00+00:00,25804.070000000003,25806.570000000003,25800.080000000005,25801.080000000005,147
2026-07-03T17:45:00+00:00,25801.080000000005,25810.580000000005,25801.080000000005,25807.090000000004,192.6747119853318
2026-07-03T18:00:00+00:00,25807.090000000004,25810.580000000005,25795.070000000003,25798.080000000005,165.14274570982838
2026-07-03T18:15:00+00:00,25798.080000000005,25800.080000000005,25792.070000000003,25792.070000000003,116.8163091162529
2026-07-03T18:30:00+00:00,25792.070000000003,25800.580000000005,25792.070000000003,25796.080000000005,149.56814449917897
2026-07-03T18:45:00+00:00,25796.080000000005,25796.590000000004,25793.070000000003,25795.070000000003,99.66476512770929
2026-07-03T19:00:00+00:00,25795.070000000003,25795.590000000004,25791.580000000005,25795.570000000003,102.01730418943534
2026-07-03T19:15:00+00:00,25795.570000000003,25803.070000000003,25794.570000000003,25800.070000000003,207
2026-07-03T19:30:00+00:00,25800.070000000003,25823.080000000005,25796.570000000003,25816.080000000005,379
2026-07-03T19:45:00+00:00,25816.080000000005,25826.080000000005,25804.070000000003,25823.570000000003,602
2026-07-06T00:30:00+00:00,25823.570000000003,25867.350000000006,25823.570000000003,25866.840000000004,486.77752553916
2026-07-06T00:45:00+00:00,25866.840000000004,25873.840000000004,25860.590000000004,25868.590000000004,503
2026-07-06T01:00:00+00:00,25868.590000000004,25874.840000000004,25851.090000000004,25866.350000000006,924.177750155376
2026-07-06T01:15:00+00:00,25866.350000000006,25883.110000000004,25852.100000000006,25861.860000000004,1042
2026-07-06T01:30:00+00:00,25861.860000000004,25866.860000000004,25851.090000000004,25852.360000000004,955
2026-07-06T01:45:00+00:00,25852.360000000004,25853.350000000006,25819.100000000006,25837.850000000006,1381
2026-07-06T02:00:00+00:00,25837.850000000006,25844.860000000004,25810.090000000004,25811.110000000004,667
2026-07-06T02:15:00+00:00,25811.110000000004,25821.860000000004,25805.090000000004,25807.350000000006,559
2026-07-06T02:30:00+00:00,25807.350000000006,25816.340000000004,25796.110000000004,25797.840000000004,735
2026-07-06T02:45:00+00:00,25797.840000000004,25810.360000000004,25792.090000000004,25807.350000000006,644
2026-07-06T03:00:00+00:00,25807.350000000006,25820.860000000004,25800.110000000004,25807.110000000004,503
2026-07-06T03:15:00+00:00,25807.110000000004,25814.840000000004,25793.090000000004,25806.840000000004,534
2026-07-06T03:30:00+00:00,25806.840000000004,25819.840000000004,25792.100000000006,25803.110000000004,936
2026-07-06T03:45:00+00:00,25803.110000000004,25808.360000000004,25785.090000000004,25802.850000000006,801
2026-07-06T04:00:00+00:00,25802.850000000006,25814.340000000004,25785.090000000004,25811.100000000006,696
2026-07-06T04:15:00+00:00,25811.100000000006,25825.350000000006,25810.090000000004,25821.110000000004,473
2026-07-06T04:30:00+00:00,25821.110000000004,25834.840000000004,25818.110000000004,25824.090000000004,588
2026-07-06T04:45:00+00:00,25824.090000000004,25833.840000000004,25818.100000000006,25826.090000000004,341
2026-07-06T05:00:00+00:00,25826.090000000004,25827.840000000004,25810.110000000004,25813.350000000006,568.1680440771349
2026-07-06T05:15:00+00:00,25813.350000000006,25822.850000000006,25787.860000000004,25792.850000000006,730
2026-07-06T05:30:00+00:00,25792.850000000006,25801.110000000004,25785.340000000004,25797.850000000006,986
2026-07-06T05:45:00+00:00,25797.850000000006,25802.860000000004,25781.860000000004,25792.340000000004,647
2026-07-06T06:00:00+00:00,25792.340000000004,25814.850000000006,25770.860000000004,25774.350000000006,890
2026-07-06T06:15:00+00:00,25774.350000000006,25793.360000000004,25771.860000000004,25783.850000000006,642
2026-07-06T06:30:00+00:00,25783.850000000006,25796.350000000006,25773.850000000006,25783.350000000006,602
2026-07-06T06:45:00+00:00,25783.350000000006,25804.850000000006,25773.360000000004,25798.340000000004,838
2026-07-06T07:00:00+00:00,25798.340000000004,25824.690000000006,25760.700000000004,25802.190000000006,4171
2026-07-06T07:15:00+00:00,25802.190000000006,25836.700000000004,25792.690000000006,25826.210000000006,2834
2026-07-06T07:30:00+00:00,25826.210000000006,25865.710000000006,25815.190000000006,25864.200000000004,3443
2026-07-06T07:45:00+00:00,25864.200000000004,25913.190000000006,25860.690000000006,25895.210000000006,2952
2026-07-06T08:00:00+00:00,25895.210000000006,25905.210000000006,25851.700000000004,25856.210000000006,3632
2026-07-06T08:15:00+00:00,25856.210000000006,25882.210000000006,25841.710000000006,25878.700000000004,2945
2026-07-06T08:30:00+00:00,25878.700000000004,25882.190000000006,25829.690000000006,25840.190000000006,2692
2026-07-06T08:45:00+00:00,25840.190000000006,25843.700000000004,25828.700000000004,25834.690000000006,2105
2026-07-06T09:00:00+00:00,25834.690000000006,25834.690000000006,25800.190000000006,25817.710000000006,2792
2026-07-06T09:15:00+00:00,25817.710000000006,25863.700000000004,25815.690000000006,25861.190000000006,2700
2026-07-06T09:30:00+00:00,25861.190000000006,25867.200000000004,25838.710000000006,25858.190000000006,1804
2026-07-06T09:45:00+00:00,25858.190000000006,25864.200000000004,25836.200000000004,25847.190000000006,2336
2026-07-06T10:00:00+00:00,25847.190000000006,25854.200000000004,25829.690000000006,25845.190000000006,2332
2026-07-06T10:15:00+00:00,25845.190000000006,25848.210000000006,25824.190000000006,25828.200000000004,1888
2026-07-06T10:30:00+00:00,25828.200000000004,25834.190000000006,25795.190000000006,25798.190000000006,1906
2026-07-06T10:45:00+00:00,25798.190000000006,25812.710000000006,25791.690000000006,25796.690000000006,1887
2026-07-06T11:00:00+00:00,25796.690000000006,25798.690000000006,25777.210000000006,25785.210000000006,2104
2026-07-06T11:15:00+00:00,25785.210000000006,25787.200000000004,25757.700000000004,25768.200000000004,1486
2026-07-06T11:30:00+00:00,25768.200000000004,25799.210000000006,25758.190000000006,25799.190000000006,1569
2026-07-06T11:45:00+00:00,25799.190000000006,25803.190000000006,25760.200000000004,25768.200000000004,1768
2026-07-06T12:00:00+00:00,25768.200000000004,25778.200000000004,25755.210000000006,25773.190000000006,2119
2026-07-06T12:15:00+00:00,25773.190000000006,25788.190000000006,25749.210000000006,25751.210000000006,2127
2026-07-06T12:30:00+00:00,25751.210000000006,25762.210000000006,25740.210000000006,25758.690000000006,2219
2026-07-06T12:45:00+00:00,25758.690000000006,25765.210000000006,25742.190000000006,25744.200000000004,2045
2026-07-06T13:00:00+00:00,25744.200000000004,25747.710000000006,25706.710000000006,25707.700000000004,2247
2026-07-06T13:15:00+00:00,25707.700000000004,25731.710000000006,25696.690000000006,25730.190000000006,2370
2026-07-06T13:30:00+00:00,25730.190000000006,25749.200000000004,25721.190000000006,25748.710000000006,6994
2026-07-06T13:45:00+00:00,25748.710000000006,25772.200000000004,25734.690000000006,25771.200000000004,4799
2026-07-06T14:00:00+00:00,25771.200000000004,25792.200000000004,25758.700000000004,25783.200000000004,5034
2026-07-06T14:15:00+00:00,25783.200000000004,25798.710000000006,25768.690000000006,25793.210000000006,3513
2026-07-06T14:30:00+00:00,25793.210000000006,25803.210000000006,25776.190000000006,25801.700000000004,3610
2026-07-06T14:45:00+00:00,25801.700000000004,25815.710000000006,25790.200000000004,25809.190000000006,2840
2026-07-06T15:00:00+00:00,25809.190000000006,25817.210000000006,25783.700000000004,25790.210000000006,2922
2026-07-06T15:15:00+00:00,25790.210000000006,25840.200000000004,25786.190000000006,25839.210000000006,2965
2026-07-06T15:30:00+00:00,25839.210000000006,25846.690000000006,25818.190000000006,25826.700000000004,2845
2026-07-06T15:45:00+00:00,25826.700000000004,25828.200000000004,25789.190000000006,25804.200000000004,1761
2026-07-06T16:00:00+00:00,25804.200000000004,25805.340000000004,25789.360000000004,25792.350000000006,1145
2026-07-06T16:15:00+00:00,25792.350000000006,25804.860000000004,25789.840000000004,25801.350000000006,1108
2026-07-06T16:30:00+00:00,25801.350000000006,25806.860000000004,25796.340000000004,25804.340000000004,930
2026-07-06T16:45:00+00:00,25804.340000000004,25812.850000000006,25795.840000000004,25797.860000000004,884
2026-07-06T17:00:00+00:00,25797.860000000004,25821.860000000004,25790.860000000004,25821.360000000004,949
2026-07-06T17:15:00+00:00,25821.360000000004,25826.360000000004,25811.340000000004,25813.360000000004,943
2026-07-06T17:30:00+00:00,25813.360000000004,25815.340000000004,25790.850000000006,25798.850000000006,1277
2026-07-06T17:45:00+00:00,25798.850000000006,25808.860000000004,25793.350000000006,25802.850000000006,1049
2026-07-06T18:00:00+00:00,25802.850000000006,25815.860000000004,25800.850000000006,25803.350000000006,1079
2026-07-06T18:15:00+00:00,25803.350000000006,25818.850000000006,25802.840000000004,25813.840000000004,842
2026-07-06T18:30:00+00:00,25813.840000000004,25817.860000000004,25804.350000000006,25807.850000000006,812
2026-07-06T18:45:00+00:00,25807.850000000006,25812.350000000006,25800.840000000004,25809.360000000004,780
2026-07-06T19:00:00+00:00,25809.360000000004,25813.360000000004,25802.840000000004,25811.850000000006,1003
2026-07-06T19:15:00+00:00,25811.850000000006,25828.340000000004,25810.340000000004,25826.860000000004,868
2026-07-06T19:30:00+00:00,25826.860000000004,25826.860000000004,25804.840000000004,25813.840000000004,1020
2026-07-06T19:45:00+00:00,25813.840000000004,25824.360000000004,25809.350000000006,25821.600000000006,1782
2026-07-07T00:30:00+00:00,25821.600000000006,25821.600000000006,25781.440000000006,25789.190000000006,734
2026-07-07T00:45:00+00:00,25789.190000000006,25812.210000000006,25782.450000000004,25790.190000000006,758
2026-07-07T01:00:00+00:00,25790.190000000006,25802.210000000006,25784.440000000006,25795.700000000004,1561
2026-07-07T01:15:00+00:00,25795.700000000004,25800.710000000006,25781.440000000006,25788.190000000006,1495
2026-07-07T01:30:00+00:00,25788.190000000006,25811.200000000004,25786.440000000006,25807.190000000006,1612
2026-07-07T01:45:00+00:00,25807.190000000006,25817.710000000006,25789.440000000006,25798.200000000004,914
2026-07-07T02:00:00+00:00,25798.200000000004,25807.200000000004,25789.450000000004,25803.710000000006,1075
2026-07-07T02:15:00+00:00,25803.710000000006,25806.200000000004,25786.440000000006,25788.190000000006,796
2026-07-07T02:30:00+00:00,25788.190000000006,25788.710000000006,25773.440000000006,25780.210000000006,641
2026-07-07T02:45:00+00:00,25780.210000000006,25782.190000000006,25766.190000000006,25771.700000000004,296
2026-07-07T03:00:00+00:00,25771.700000000004,25787.710000000006,25770.440000000006,25776.200000000004,538
2026-07-07T03:15:00+00:00,25776.200000000004,25776.200000000004,25748.210000000006,25750.710000000006,588
2026-07-07T03:30:00+00:00,25750.710000000006,25767.700000000004,25741.200000000004,25756.190000000006,931
2026-07-07T03:45:00+00:00,25756.190000000006,25756.190000000006,25739.190000000006,25751.190000000006,654
2026-07-07T04:00:00+00:00,25751.190000000006,25766.190000000006,25743.200000000004,25754.200000000004,848
2026-07-07T04:15:00+00:00,25754.200000000004,25754.690000000006,25739.190000000006,25744.440000000006,454
2026-07-07T04:30:00+00:00,25744.440000000006,25752.710000000006,25740.690000000006,25746.190000000006,494
2026-07-07T04:45:00+00:00,25746.190000000006,25749.210000000006,25737.700000000004,25741.190000000006,299
2026-07-07T05:00:00+00:00,25741.190000000006,25741.210000000006,25699.450000000004,25707.710000000006,593
2026-07-07T05:15:00+00:00,25707.710000000006,25731.210000000006,25704.690000000006,25727.690000000006,1188
2026-07-07T05:30:00+00:00,25727.690000000006,25751.710000000006,25725.440000000006,25735.710000000006,1504
2026-07-07T05:45:00+00:00,25735.710000000006,25781.710000000006,25724.450000000004,25766.210000000006,1194
2026-07-07T06:00:00+00:00,25766.210000000006,25776.710000000006,25746.190000000006,25750.690000000006,1252
2026-07-07T06:15:00+00:00,25750.690000000006,25772.210000000006,25748.190000000006,25768.190000000006,1440
2026-07-07T06:30:00+00:00,25768.190000000006,25782.210000000006,25764.190000000006,25782.200000000004,1137
2026-07-07T06:45:00+00:00,25782.200000000004,25797.200000000004,25758.190000000006,25793.210000000006,1245
2026-07-07T07:00:00+00:00,25793.210000000006,25807.550000000007,25757.540000000005,25767.550000000007,7962
2026-07-07T07:15:00+00:00,25767.550000000007,25807.060000000005,25758.550000000007,25802.550000000007,4772
2026-07-07T07:30:00+00:00,25802.550000000007,25813.060000000005,25773.540000000005,25774.060000000005,3754
2026-07-07T07:45:00+00:00,25774.060000000005,25790.560000000005,25752.050000000007,25785.060000000005,2919
2026-07-07T08:00:00+00:00,25785.060000000005,25796.050000000007,25762.540000000005,25791.040000000005,3382
2026-07-07T08:15:00+00:00,25791.040000000005,25806.060000000005,25767.540000000005,25773.550000000007,3068
2026-07-07T08:30:00+00:00,25773.550000000007,25776.540000000005,25738.540000000005,25746.560000000005,3246
2026-07-07T08:45:00+00:00,25746.560000000005,25751.550000000007,25716.040000000005,25716.040000000005,2349
2026-07-07T09:00:00+00:00,25716.040000000005,25735.060000000005,25701.540000000005,25705.550000000007,2448
2026-07-07T09:15:00+00:00,25705.550000000007,25735.560000000005,25703.550000000007,25721.050000000007,1964
2026-07-07T09:30:00+00:00,25721.050000000007,25725.560000000005,25689.050000000007,25706.560000000005,1983
2026-07-07T09:45:00+00:00,25706.560000000005,25709.060000000005,25689.040000000005,25696.550000000007,2637
2026-07-07T10:00:00+00:00,25696.550000000007,25714.060000000005,25674.550000000007,25680.540000000005,2197
2026-07-07T10:15:00+00:00,25680.540000000005,25709.060000000005,25673.040000000005,25675.540000000005,1884
2026-07-07T10:30:00+00:00,25675.540000000005,25681.060000000005,25658.040000000005,25671.550000000007,1614
2026-07-07T10:45:00+00:00,25671.550000000007,25673.060000000005,25653.540000000005,25670.060000000005,1743
2026-07-07T11:00:00+00:00,25670.060000000005,25678.050000000007,25657.550000000007,25663.040000000005,2115
2026-07-07T11:15:00+00:00,25663.040000000005,25682.550000000007,25648.550000000007,25652.550000000007,1699
2026-07-07T11:30:00+00:00,25652.550000000007,25660.560000000005,25645.050000000007,25651.550000000007,1948
2026-07-07T11:45:00+00:00,25651.550000000007,25656.060000000005,25623.050000000007,25647.550000000007,2750
2026-07-07T12:00:00+00:00,25647.550000000007,25663.060000000005,25640.050000000007,25650.540000000005,2251
2026-07-07T12:15:00+00:00,25650.540000000005,25695.560000000005,25645.460000000006,25687.040000000005,2445
2026-07-07T12:30:00+00:00,25687.040000000005,25709.550000000007,25671.050000000007,25685.540000000005,2397
2026-07-07T12:45:00+00:00,25685.540000000005,25687.560000000005,25642.560000000005,25661.550000000007,2384
2026-07-07T13:00:00+00:00,25661.550000000007,25676.550000000007,25638.550000000007,25672.050000000007,2918
2026-07-07T13:15:00+00:00,25672.050000000007,25678.550000000007,25650.040000000005,25652.540000000005,3244
2026-07-07T13:30:00+00:00,25652.540000000005,25663.060000000005,25612.540000000005,25640.560000000005,6131
2026-07-07T13:45:00+00:00,25640.560000000005,25644.550000000007,25542.540000000005,25561.060000000005,5822
2026-07-07T14:00:00+00:00,25561.060000000005,25566.560000000005,25499.050000000007,25501.560000000005,6161
2026-07-07T14:15:00+00:00,25501.560000000005,25540.540000000005,25491.540000000005,25530.050000000007,5843
2026-07-07T14:30:00+00:00,25530.050000000007,25539.060000000005,25489.040000000005,25496.560000000005,4533
2026-07-07T14:45:00+00:00,25496.560000000005,25521.560000000005,25488.550000000007,25516.550000000007,4540
2026-07-07T15:00:00+00:00,25516.550000000007,25519.560000000005,25485.040000000005,25501.050000000007,3802
2026-07-07T15:15:00+00:00,25501.050000000007,25507.060000000005,25479.050000000007,25499.050000000007,3052
2026-07-07T15:30:00+00:00,25499.050000000007,25501.540000000005,25464.560000000005,25480.550000000007,3865
2026-07-07T15:45:00+00:00,25480.550000000007,25517.550000000007,25480.040000000005,25509.050000000007,2379
2026-07-07T16:00:00+00:00,25509.050000000007,25524.210000000006,25505.200000000004,25521.210000000006,1924
2026-07-07T16:15:00+00:00,25521.210000000006,25550.210000000006,25518.200000000004,25542.700000000004,1707
2026-07-07T16:30:00+00:00,25542.700000000004,25548.710000000006,25528.210000000006,25537.710000000006,1284
2026-07-07T16:45:00+00:00,25537.710000000006,25548.200000000004,25537.190000000006,25542.210000000006,1306
2026-07-07T17:00:00+00:00,25542.210000000006,25553.210000000006,25540.190000000006,25543.190000000006,1164
2026-07-07T17:15:00+00:00,25543.190000000006,25545.210000000006,25529.710000000006,25537.690000000006,1216
2026-07-07T17:30:00+00:00,25537.690000000006,25552.710000000006,25537.190000000006,25552.690000000006,967
2026-07-07T17:45:00+00:00,25552.690000000006,25552.700000000004,25541.690000000006,25550.200000000004,782
2026-07-07T18:00:00+00:00,25550.200000000004,25553.710000000006,25544.200000000004,25550.190000000006,899
2026-07-07T18:15:00+00:00,25550.190000000006,25556.210000000006,25546.700000000004,25548.210000000006,863
2026-07-07T18:30:00+00:00,25548.210000000006,25550.210000000006,25530.190000000006,25538.190000000006,1120
2026-07-07T18:45:00+00:00,25538.190000000006,25541.710000000006,25498.710000000006,25501.710000000006,3564
2026-07-07T19:00:00+00:00,25501.710000000006,25506.210000000006,25454.190000000006,25458.190000000006,3230
2026-07-07T19:15:00+00:00,25458.190000000006,25465.710000000006,25408.460000000006,25454.690000000006,3335
2026-07-07T19:30:00+00:00,25454.690000000006,25460.200000000004,25442.700000000004,25449.200000000004,2470
2026-07-07T19:45:00+00:00,25449.200000000004,25472.950000000004,25441.210000000006,25468.940000000006,2525
2026-07-08T00:30:00+00:00,25468.940000000006,25493.690000000006,25445.420000000006,25491.680000000004,1552
2026-07-08T00:45:00+00:00,25491.680000000004,25513.690000000006,25490.690000000006,25510.690000000006,976
2026-07-08T01:00:00+00:00,25510.690000000006,25533.180000000004,25503.420000000006,25531.440000000006,1541
2026-07-08T01:15:00+00:00,25531.440000000006,25531.440000000006,25506.440000000006,25507.430000000004,1212
2026-07-08T01:30:00+00:00,25507.430000000004,25517.190000000006,25479.430000000004,25498.420000000006,1354
2026-07-08T01:45:00+00:00,25498.420000000006,25520.190000000006,25492.420000000006,25498.430000000004,1488
2026-07-08T02:00:00+00:00,25498.430000000004,25503.180000000004,25460.420000000006,25463.430000000004,1393
2026-07-08T02:15:00+00:00,25463.430000000004,25472.440000000006,25444.430000000004,25455.420000000006,1035.0242461921043
2026-07-08T02:30:00+00:00,25455.420000000006,25472.440000000006,25443.420000000006,25471.420000000006,894
2026-07-08T02:45:00+00:00,25471.420000000006,25481.190000000006,25447.440000000006,25469.680000000004,1006
2026-07-08T03:00:00+00:00,25469.680000000004,25481.190000000006,25450.430000000004,25468.430000000004,970
2026-07-08T03:15:00+00:00,25468.430000000004,25487.430000000004,25459.440000000006,25479.430000000004,632
2026-07-08T03:30:00+00:00,25479.430000000004,25486.440000000006,25469.420000000006,25478.430000000004,828
2026-07-08T03:45:00+00:00,25478.430000000004,25488.190000000006,25468.420000000006,25476.430000000004,851
2026-07-08T04:00:00+00:00,25476.430000000004,25478.190000000006,25453.420000000006,25459.420000000006,846
2026-07-08T04:15:00+00:00,25459.420000000006,25483.180000000004,25453.420000000006,25468.420000000006,782
2026-07-08T04:30:00+00:00,25468.420000000006,25474.180000000004,25452.420000000006,25462.680000000004,705
2026-07-08T04:45:00+00:00,25462.680000000004,25465.180000000004,25435.420000000006,25463.690000000006,1073
2026-07-08T05:00:00+00:00,25463.690000000006,25476.170000000006,25450.420000000006,25457.440000000006,933
2026-07-08T05:15:00+00:00,25457.440000000006,25467.180000000004,25439.420000000006,25443.430000000004,1478
2026-07-08T05:30:00+00:00,25443.430000000004,25452.690000000006,25418.690000000006,25432.430000000004,1766
2026-07-08T05:45:00+00:00,25432.430000000004,25438.190000000006,25404.440000000006,25418.190000000006,1565
2026-07-08T06:00:00+00:00,25418.190000000006,25423.690000000006,25368.670000000006,25375.670000000006,1702
2026-07-08T06:15:00+00:00,25375.670000000006,25408.190000000006,25372.690000000006,25391.690000000006,968
2026-07-08T06:30:00+00:00,25391.690000000006,25399.680000000004,25339.180000000004,25342.190000000006,1296
2026-07-08T06:45:00+00:00,25342.190000000006,25342.190000000006,25299.170000000006,25316.190000000006,2723
2026-07-08T07:00:00+00:00,25316.190000000006,25339.040000000005,25182.520000000004,25214.530000000006,10493
2026-07-08T07:15:00+00:00,25214.530000000006,25234.040000000005,25152.020000000004,25200.020000000004,7847
2026-07-08T07:30:00+00:00,25200.020000000004,25232.540000000005,25183.520000000004,25210.530000000006,6204
2026-07-08T07:45:00+00:00,25210.530000000006,25230.530000000006,25183.020000000004,25198.030000000006,4844
2026-07-08T08:00:00+00:00,25198.030000000006,25206.020000000004,25159.520000000004,25169.540000000005,5897
2026-07-08T08:15:00+00:00,25169.540000000005,25179.530000000006,24971.530000000006,24981.040000000005,19208
2026-07-08T08:30:00+00:00,24981.040000000005,24987.520000000004,24896.520000000004,24912.040000000005,12738
2026-07-08T08:45:00+00:00,24912.040000000005,24931.030000000006,24881.520000000004,24901.530000000006,10138
2026-07-08T09:00:00+00:00,24901.530000000006,24905.530000000006,24827.530000000006,24828.530000000006,8526
2026-07-08T09:15:00+00:00,24828.530000000006,24879.040000000005,24825.030000000006,24869.520000000004,8695
2026-07-08T09:30:00+00:00,24869.520000000004,24921.540000000005,24844.020000000004,24876.520000000004,7103
2026-07-08T09:45:00+00:00,24876.520000000004,24896.520000000004,24850.040000000005,24856.540000000005,6569
2026-07-08T10:00:00+00:00,24856.540000000005,24871.540000000005,24834.040000000005,24864.030000000006,6126
2026-07-08T10:15:00+00:00,24864.030000000006,24897.540000000005,24853.520000000004,24882.520000000004,5718
2026-07-08T10:30:00+00:00,24882.520000000004,24960.520000000004,24871.520000000004,24950.540000000005,6385
2026-07-08T10:45:00+00:00,24950.540000000005,24955.530000000006,24917.030000000006,24934.540000000005,5033
2026-07-08T11:00:00+00:00,24934.540000000005,24955.030000000006,24910.030000000006,24936.520000000004,4861
2026-07-08T11:15:00+00:00,24936.520000000004,24938.040000000005,24896.020000000004,24928.530000000006,3879
2026-07-08T11:30:00+00:00,24928.530000000006,25082.540000000005,24910.040000000005,25005.530000000006,7903
2026-07-08T11:45:00+00:00,25005.530000000006,25022.020000000004,24977.530000000006,24991.530000000006,6043
2026-07-08T12:00:00+00:00,24991.530000000006,25038.540000000005,24956.020000000004,25018.530000000006,5329
2026-07-08T12:15:00+00:00,25018.530000000006,25041.040000000005,24992.520000000004,25021.520000000004,3736
2026-07-08T12:30:00+00:00,25021.520000000004,25053.020000000004,25013.520000000004,25040.530000000006,3208
2026-07-08T12:45:00+00:00,25040.530000000006,25062.040000000005,24994.020000000004,24996.040000000005,6041
2026-07-08T13:00:00+00:00,24996.040000000005,25059.040000000005,24990.520000000004,25051.030000000006,5967
2026-07-08T13:15:00+00:00,25051.030000000006,25055.040000000005,24961.040000000005,24969.540000000005,5325
2026-07-08T13:30:00+00:00,24969.540000000005,25064.040000000005,24969.540000000005,25055.530000000006,11784
2026-07-08T13:45:00+00:00,25055.530000000006,25083.040000000005,25012.520000000004,25034.020000000004,9260
2026-07-08T14:00:00+00:00,25034.020000000004,25055.040000000005,25002.020000000004,25008.030000000006,8693
2026-07-08T14:15:00+00:00,25008.030000000006,25035.540000000005,24973.530000000006,24984.030000000006,9313
2026-07-08T14:30:00+00:00,24984.030000000006,24993.540000000005,24943.030000000006,24960.520000000004,8307
2026-07-08T14:45:00+00:00,24960.520000000004,24962.520000000004,24930.040000000005,24942.530000000006,7154
2026-07-08T15:00:00+00:00,24942.530000000006,24949.020000000004,24880.530000000006,24887.530000000006,6087
2026-07-08T15:15:00+00:00,24887.530000000006,24897.030000000006,24846.530000000006,24858.520000000004,5904
2026-07-08T15:30:00+00:00,24858.520000000004,24917.540000000005,24857.020000000004,24910.530000000006,6528
2026-07-08T15:45:00+00:00,24910.530000000006,24910.540000000005,24876.020000000004,24891.540000000005,3882
2026-07-08T16:00:00+00:00,24891.540000000005,24943.680000000004,24886.680000000004,24939.170000000006,3650
2026-07-08T16:15:00+00:00,24939.170000000006,24971.180000000004,24937.190000000006,24960.680000000004,3649
2026-07-08T16:30:00+00:00,24960.680000000004,25011.170000000006,24941.180000000004,24996.190000000006,6800
2026-07-08T16:45:00+00:00,24996.190000000006,25009.190000000006,24984.690000000006,25003.170000000006,3119
2026-07-08T17:00:00+00:00,25003.170000000006,25010.170000000006,24974.170000000006,24974.690000000006,2231
2026-07-08T17:15:00+00:00,24974.690000000006,25012.680000000004,24972.170000000006,25006.180000000004,2137
2026-07-08T17:30:00+00:00,25006.180000000004,25013.690000000006,24995.190000000006,24999.690000000006,1833
2026-07-08T17:45:00+00:00,24999.690000000006,25003.690000000006,24976.190000000006,24984.680000000004,1892
2026-07-08T18:00:00+00:00,24984.680000000004,25018.690000000006,24972.670000000006,25011.180000000004,2740
2026-07-08T18:15:00+00:00,25011.180000000004,25014.180000000004,24998.680000000004,25003.690000000006,2070
2026-07-08T18:30:00+00:00,25003.690000000006,25008.270000000004,24985.670000000006,25006.250000000004,2164.715298052666
2026-07-08T18:45:00+00:00,25006.250000000004,25013.760000000002,24999.260000000002,25010.270000000004,1497
2026-07-08T19:00:00+00:00,25010.270000000004,25019.750000000004,25001.760000000002,25006.760000000002,1704
2026-07-08T19:15:00+00:00,25006.760000000002,25017.760000000002,25003.760000000002,25014.750000000004,1226
2026-07-08T19:30:00+00:00,25014.750000000004,25019.260000000002,24996.270000000004,25008.260000000002,1742
2026-07-08T19:45:00+00:00,25008.260000000002,25018.750000000004,24981.260000000002,25012.510000000002,3003
2026-07-09T00:30:00+00:00,25012.510000000002,25041.270000000004,25012.510000000002,25029.530000000002,1554
2026-07-09T00:45:00+00:00,25029.530000000002,25044.280000000002,25002.530000000002,25025.540000000005,1303
2026-07-09T01:00:00+00:00,25025.540000000005,25051.270000000004,25010.530000000002,25041.790000000005,1936
2026-07-09T01:15:00+00:00,25041.790000000005,25061.780000000002,25021.520000000004,25034.270000000004,1439
2026-07-09T01:30:00+00:00,25034.270000000004,25046.290000000005,25019.520000000004,25042.540000000005,1516
2026-07-09T01:45:00+00:00,25042.540000000005,25058.280000000002,25021.540000000005,25033.540000000005,1710
2026-07-09T02:00:00+00:00,25033.540000000005,25069.790000000005,25017.520000000004,25068.770000000004,1888
2026-07-09T02:15:00+00:00,25068.770000000004,25077.290000000005,25041.530000000002,25054.540000000005,1137
2026-07-09T02:30:00+00:00,25054.540000000005,25064.280000000002,25014.520000000004,25014.540000000005,1513
2026-07-09T02:45:00+00:00,25014.540000000005,25018.280000000002,24994.520000000004,24995.540000000005,1792
2026-07-09T03:00:00+00:00,24995.540000000005,25001.280000000002,24973.520000000004,24989.540000000005,1421
2026-07-09T03:15:00+00:00,24989.540000000005,25019.770000000004,24980.540000000005,25017.530000000002,970
2026-07-09T03:30:00+00:00,25017.530000000002,25044.790000000005,25014.520000000004,25043.780000000002,1338
2026-07-09T03:45:00+00:00,25043.780000000002,25049.280000000002,25033.520000000004,25038.540000000005,740
2026-07-09T04:00:00+00:00,25038.540000000005,25052.290000000005,25030.520000000004,25037.540000000005,936
2026-07-09T04:15:00+00:00,25037.540000000005,25047.790000000005,25011.520000000004,25019.540000000005,1295
2026-07-09T04:30:00+00:00,25019.540000000005,25046.280000000002,25014.540000000005,25041.530000000002,1579
2026-07-09T04:45:00+00:00,25041.530000000002,25057.770000000004,25032.520000000004,25050.540000000005,1186
2026-07-09T05:00:00+00:00,25050.540000000005,25078.280000000002,25018.520000000004,25057.530000000002,1837
2026-07-09T05:15:00+00:00,25057.530000000002,25067.790000000005,25020.520000000004,25034.520000000004,1795
2026-07-09T05:30:00+00:00,25034.520000000004,25063.790000000005,25015.520000000004,25059.280000000002,2425
2026-07-09T05:45:00+00:00,25059.280000000002,25104.780000000002,25051.520000000004,25101.790000000005,1188
2026-07-09T06:00:00+00:00,25101.790000000005,25106.270000000004,25067.270000000004,25085.280000000002,2187
2026-07-09T06:15:00+00:00,25085.280000000002,25111.270000000004,25080.770000000004,25085.780000000002,1802
2026-07-09T06:30:00+00:00,25085.780000000002,25094.790000000005,25071.780000000002,25079.790000000005,1940
2026-07-09T06:45:00+00:00,25079.790000000005,25081.290000000005,25047.270000000004,25072.770000000004,1956
2026-07-09T07:00:00+00:00,25072.770000000004,25122.640000000003,25024.120000000003,25042.630000000005,9140
2026-07-09T07:15:00+00:00,25042.630000000005,25045.140000000003,24988.140000000003,25004.620000000003,5719
2026-07-09T07:30:00+00:00,25004.620000000003,25062.140000000003,25001.130000000005,25060.120000000003,4837
2026-07-09T07:45:00+00:00,25060.120000000003,25068.140000000003,25000.140000000003,25024.120000000003,4117
2026-07-09T08:00:00+00:00,25024.120000000003,25033.630000000005,24997.120000000003,25011.630000000005,5356
2026-07-09T08:15:00+00:00,25011.630000000005,25016.620000000003,24950.120000000003,24962.620000000003,4506
2026-07-09T08:30:00+00:00,24962.620000000003,24967.140000000003,24915.640000000003,24933.640000000003,4726
2026-07-09T08:45:00+00:00,24933.640000000003,24953.640000000003,24910.640000000003,24928.640000000003,4450
2026-07-09T09:00:00+00:00,24928.640000000003,24949.640000000003,24910.640000000003,24943.630000000005,3912
2026-07-09T09:15:00+00:00,24943.630000000005,24962.120000000003,24935.620000000003,24940.120000000003,3386
2026-07-09T09:30:00+00:00,24940.120000000003,24943.140000000003,24894.130000000005,24913.130000000005,4604
2026-07-09T09:45:00+00:00,24913.130000000005,24955.630000000005,24911.620000000003,24943.620000000003,2947
2026-07-09T10:00:00+00:00,24943.620000000003,24953.640000000003,24932.630000000005,24943.130000000005,2568
2026-07-09T10:15:00+00:00,24943.130000000005,24965.120000000003,24932.620000000003,24938.130000000005,2469
2026-07-09T10:30:00+00:00,24938.130000000005,24938.640000000003,24903.630000000005,24912.120000000003,2563
2026-07-09T10:45:00+00:00,24912.120000000003,24916.130000000005,24853.140000000003,24903.130000000005,5288
2026-07-09T11:00:00+00:00,24903.130000000005,24943.130000000005,24894.130000000005,24939.620000000003,3646
2026-07-09T11:15:00+00:00,24939.620000000003,24940.130000000005,24898.130000000005,24906.630000000005,2819
2026-07-09T11:30:00+00:00,24906.630000000005,24944.140000000003,24898.630000000005,24933.120000000003,3186
2026-07-09T11:45:00+00:00,24933.120000000003,24962.630000000005,24925.620000000003,24937.130000000005,2775
2026-07-09T12:00:00+00:00,24937.130000000005,24962.120000000003,24928.130000000005,24953.640000000003,3279
2026-07-09T12:15:00+00:00,24953.640000000003,24965.640000000003,24937.630000000005,24958.630000000005,2728
2026-07-09T12:30:00+00:00,24958.630000000005,25005.640000000003,24956.540000000005,24980.130000000005,3131
2026-07-09T12:45:00+00:00,24980.130000000005,24995.130000000005,24963.620000000003,24989.640000000003,3051
2026-07-09T13:00:00+00:00,24989.640000000003,25038.630000000005,24988.130000000005,25031.140000000003,2808
2026-07-09T13:15:00+00:00,25031.140000000003,25036.140000000003,25004.130000000005,25013.120000000003,3125
2026-07-09T13:30:00+00:00,25013.120000000003,25028.130000000005,24966.120000000003,25006.640000000003,7109
2026-07-09T13:45:00+00:00,25006.640000000003,25058.640000000003,25003.620000000003,25035.630000000005,4608
2026-07-09T14:00:00+00:00,25035.630000000005,25053.630000000005,25006.130000000005,25026.620000000003,4961
2026-07-09T14:15:00+00:00,25026.620000000003,25040.630000000005,24990.620000000003,25032.620000000003,6990
2026-07-09T14:30:00+00:00,25032.620000000003,25069.140000000003,25032.620000000003,25040.630000000005,4454
2026-07-09T14:45:00+00:00,25040.630000000005,25084.140000000003,25025.620000000003,25084.140000000003,4181
2026-07-09T15:00:00+00:00,25084.140000000003,25115.640000000003,25079.130000000005,25112.130000000005,3298
2026-07-09T15:15:00+00:00,25112.130000000005,25118.120000000003,25076.620000000003,25092.620000000003,2953
2026-07-09T15:30:00+00:00,25092.620000000003,25107.620000000003,25065.620000000003,25092.620000000003,3292
2026-07-09T15:45:00+00:00,25092.620000000003,25096.130000000005,25078.130000000005,25088.640000000003,1908
2026-07-09T16:00:00+00:00,25088.640000000003,25112.780000000002,25088.280000000002,25101.780000000002,1396
2026-07-09T16:15:00+00:00,25101.780000000002,25102.790000000005,25088.770000000004,25097.270000000004,1301
2026-07-09T16:30:00+00:00,25097.270000000004,25101.790000000005,25086.270000000004,25092.790000000005,1238
2026-07-09T16:45:00+00:00,25092.790000000005,25098.790000000005,25085.270000000004,25092.770000000004,1043
2026-07-09T17:00:00+00:00,25092.770000000004,25109.280000000002,25091.770000000004,25101.770000000004,688
2026-07-09T17:15:00+00:00,25101.770000000004,25117.790000000005,25099.770000000004,25115.770000000004,651
2026-07-09T17:30:00+00:00,25115.770000000004,25126.780000000002,25111.770000000004,25118.290000000005,714
2026-07-09T17:45:00+00:00,25118.290000000005,25130.770000000004,25112.270000000004,25118.770000000004,790
2026-07-09T18:00:00+00:00,25118.770000000004,25127.790000000005,25113.270000000004,25118.770000000004,1025
2026-07-09T18:15:00+00:00,25118.770000000004,25120.790000000005,25091.780000000002,25095.790000000005,1104
2026-07-09T18:30:00+00:00,25095.790000000005,25101.790000000005,25087.770000000004,25099.270000000004,746
2026-07-09T18:45:00+00:00,25099.270000000004,25103.270000000004,25089.770000000004,25102.270000000004,785
2026-07-09T19:00:00+00:00,25102.270000000004,25109.790000000005,25085.790000000005,25087.280000000002,1062
2026-07-09T19:15:00+00:00,25087.280000000002,25099.770000000004,25085.290000000005,25098.280000000002,723
2026-07-09T19:30:00+00:00,25098.280000000002,25098.280000000002,25081.790000000005,25094.770000000004,758
2026-07-09T19:45:00+00:00,25094.770000000004,25112.540000000005,25088.770000000004,25111.020000000004,1583
2026-07-10T00:30:00+00:00,25111.020000000004,25111.020000000004,25059.130000000005,25077.15,1060
2026-07-10T00:45:00+00:00,25077.15,25083.890000000003,25062.15,25083.890000000003,544.1101914123125
2026-07-10T01:00:00+00:00,25083.890000000003,25097.15,25075.15,25082.140000000003,1025
2026-07-10T01:15:00+00:00,25082.140000000003,25095.890000000003,25078.130000000005,25095.4,736
2026-07-10T01:30:00+00:00,25095.4,25105.380000000005,25086.130000000005,25098.880000000005,615
2026-07-10T01:45:00+00:00,25098.880000000005,25120.9,25097.15,25106.9,797
2026-07-10T02:00:00+00:00,25106.9,25119.390000000003,25096.130000000005,25114.9,913
2026-07-10T02:15:00+00:00,25114.9,25130.9,25097.130000000005,25100.880000000005,1238
2026-07-10T02:30:00+00:00,25100.880000000005,25116.390000000003,25090.140000000003,25093.380000000005,1126
2026-07-10T02:45:00+00:00,25093.380000000005,25106.9,25088.15,25099.140000000003,672
2026-07-10T03:00:00+00:00,25099.140000000003,25123.4,25093.15,25108.4,480
2026-07-10T03:15:00+00:00,25108.4,25110.9,25083.130000000005,25097.390000000003,722.6843877796488
2026-07-10T03:30:00+00:00,25097.390000000003,25099.880000000005,25084.130000000005,25091.390000000003,429
2026-07-10T03:45:00+00:00,25091.390000000003,25102.9,25084.130000000005,25098.890000000003,428
2026-07-10T04:00:00+00:00,25098.890000000003,25098.9,25084.140000000003,25092.15,658
2026-07-10T04:15:00+00:00,25092.15,25096.890000000003,25078.890000000003,25081.9,356
2026-07-10T04:30:00+00:00,25081.9,25089.9,25076.890000000003,25086.390000000003,387
2026-07-10T04:45:00+00:00,25086.390000000003,25092.4,25063.130000000005,25066.130000000005,406
2026-07-10T05:00:00+00:00,25066.130000000005,25086.9,25063.15,25085.380000000005,844
2026-07-10T05:15:00+00:00,25085.380000000005,25089.890000000003,25070.130000000005,25074.880000000005,762
2026-07-10T05:30:00+00:00,25074.880000000005,25080.890000000003,25057.880000000005,25059.380000000005,929
2026-07-10T05:45:00+00:00,25059.380000000005,25067.9,25053.130000000005,25060.130000000005,658
2026-07-10T06:00:00+00:00,25060.130000000005,25115.390000000003,25060.130000000005,25105.390000000003,1529
2026-07-10T06:15:00+00:00,25105.390000000003,25118.9,25079.880000000005,25086.880000000005,1503
2026-07-10T06:30:00+00:00,25086.880000000005,25111.390000000003,25074.9,25083.9,1406
2026-07-10T06:45:00+00:00,25083.9,25112.4,25083.390000000003,25093.380000000005,1417
2026-07-10T07:00:00+00:00,25093.380000000005,25131.250000000004,25061.750000000004,25129.230000000003,6727
2026-07-10T07:15:00+00:00,25129.230000000003,25162.250000000004,25109.230000000003,25159.730000000003,4185
2026-07-10T07:30:00+00:00,25159.730000000003,25190.730000000003,25146.24,25146.24,3796
2026-07-10T07:45:00+00:00,25146.24,25147.750000000004,25085.250000000004,25110.250000000004,3797
2026-07-10T08:00:00+00:00,25110.250000000004,25159.750000000004,25107.730000000003,25149.250000000004,4602
2026-07-10T08:15:00+00:00,25149.250000000004,25149.250000000004,25082.250000000004,25095.74,3601
2026-07-10T08:30:00+00:00,25095.74,25106.250000000004,25075.250000000004,25097.24,3632
2026-07-10T08:45:00+00:00,25097.24,25097.74,25053.250000000004,25071.750000000004,2836
2026-07-10T09:00:00+00:00,25071.750000000004,25088.730000000003,25042.730000000003,25082.750000000004,3661
2026-07-10T09:15:00+00:00,25082.750000000004,25116.750000000004,25076.230000000003,25081.750000000004,2362
2026-07-10T09:30:00+00:00,25081.750000000004,25083.730000000003,25053.74,25069.74,2200
2026-07-10T09:45:00+00:00,25069.74,25108.750000000004,25066.750000000004,25068.250000000004,2705
2026-07-10T10:00:00+00:00,25068.250000000004,25117.24,25067.750000000004,25107.74,2071
2026-07-10T10:15:00+00:00,25107.74,25124.74,25095.24,25117.24,1936
2026-07-10T10:30:00+00:00,25117.24,25149.24,25116.74,25125.230000000003,1713
2026-07-10T10:45:00+00:00,25125.230000000003,25131.250000000004,25108.250000000004,25125.730000000003,1770
2026-07-10T11:00:00+00:00,25125.730000000003,25136.250000000004,25110.250000000004,25131.74,2030
2026-07-10T11:15:00+00:00,25131.74,25142.250000000004,25110.230000000003,25116.730000000003,1658
2026-07-10T11:30:00+00:00,25116.730000000003,25116.750000000004,25082.730000000003,25100.730000000003,2478
2026-07-10T11:45:00+00:00,25100.730000000003,25114.250000000004,25081.24,25093.750000000004,1791
2026-07-10T12:00:00+00:00,25093.750000000004,25183.74,25058.74,25142.750000000004,5164
2026-07-10T12:15:00+00:00,25142.750000000004,25146.24,25096.230000000003,25109.24,3503
2026-07-10T12:30:00+00:00,25109.24,25111.730000000003,25082.730000000003,25104.250000000004,2637
2026-07-10T12:45:00+00:00,25104.250000000004,25120.230000000003,25101.750000000004,25114.250000000004,2153
2026-07-10T13:00:00+00:00,25114.250000000004,25132.730000000003,25103.750000000004,25132.730000000003,2173
2026-07-10T13:15:00+00:00,25132.730000000003,25145.250000000004,25119.730000000003,25129.74,1942
2026-07-10T13:30:00+00:00,25129.74,25148.750000000004,25084.74,25090.230000000003,5551
2026-07-10T13:45:00+00:00,25090.230000000003,25115.74,25077.750000000004,25080.230000000003,4095
2026-07-10T14:00:00+00:00,25080.230000000003,25111.250000000004,25076.230000000003,25096.230000000003,3837
2026-07-10T14:15:00+00:00,25096.230000000003,25117.250000000004,25079.74,25080.730000000003,3729
2026-07-10T14:30:00+00:00,25080.730000000003,25092.230000000003,24914.750000000004,25051.250000000004,12705
2026-07-10T14:45:00+00:00,25051.250000000004,25057.74,25022.74,25030.730000000003,4903.982067777722
2026-07-10T15:00:00+00:00,25030.730000000003,25035.740000000005,24998.230000000003,25017.740000000005,3792
2026-07-10T15:15:00+00:00,25017.740000000005,25077.740000000005,25017.220000000005,25076.230000000003,3784
2026-07-10T15:30:00+00:00,25076.230000000003,25078.240000000005,25040.230000000003,25051.730000000003,3848
2026-07-10T15:45:00+00:00,25051.730000000003,25073.730000000003,25047.220000000005,25067.240000000005,2262
2026-07-10T16:00:00+00:00,25067.240000000005,25083.370000000006,25067.240000000005,25078.880000000005,2001
2026-07-10T16:15:00+00:00,25078.880000000005,25088.880000000005,25072.390000000003,25076.380000000005,1229
2026-07-10T16:30:00+00:00,25076.380000000005,25082.380000000005,25063.380000000005,25081.880000000005,677
2026-07-10T16:45:00+00:00,25081.880000000005,25102.370000000006,25078.870000000006,25101.390000000003,898
2026-07-10T17:00:00+00:00,25101.390000000003,25105.870000000006,25088.870000000006,25095.880000000005,555
2026-07-10T17:15:00+00:00,25095.880000000005,25107.390000000003,25094.890000000003,25104.890000000003,613
2026-07-10T17:30:00+00:00,25104.890000000003,25113.890000000003,25104.370000000006,25109.890000000003,598
2026-07-10T17:45:00+00:00,25109.890000000003,25115.390000000003,25099.390000000003,25100.890000000003,412
2026-07-10T18:00:00+00:00,25100.890000000003,25115.870000000006,25099.880000000005,25101.890000000003,912
2026-07-10T18:15:00+00:00,25101.890000000003,25115.880000000005,25095.380000000005,25109.890000000003,949
2026-07-10T18:30:00+00:00,25109.890000000003,25117.390000000003,25106.370000000006,25107.390000000003,696
2026-07-10T18:45:00+00:00,25107.390000000003,25109.390000000003,25098.370000000006,25102.370000000006,439
2026-07-10T19:00:00+00:00,25102.370000000006,25109.890000000003,25100.370000000006,25107.370000000006,718
2026-07-10T19:15:00+00:00,25107.370000000006,25110.890000000003,25091.890000000003,25099.880000000005,596
2026-07-10T19:30:00+00:00,25099.880000000005,25114.370000000006,25088.380000000005,25091.370000000006,944
2026-07-10T19:45:00+00:00,25091.370000000006,25103.390000000003,25086.880000000005,25093.640000000003,1213
2026-07-13T00:30:00+00:00,25093.640000000003,25093.640000000003,24954.510000000006,24964.760000000006,1716
2026-07-13T00:45:00+00:00,24964.760000000006,24978.760000000006,24924.530000000006,24939.780000000006,2178
2026-07-13T01:00:00+00:00,24939.780000000006,24945.280000000006,24907.510000000006,24923.510000000006,3569
2026-07-13T01:15:00+00:00,24923.510000000006,24940.770000000004,24906.530000000006,24918.520000000004,1131
2026-07-13T01:30:00+00:00,24918.520000000004,24938.780000000006,24904.520000000004,24915.520000000004,1717
2026-07-13T01:45:00+00:00,24915.520000000004,24921.280000000006,24883.520000000004,24897.520000000004,1628
2026-07-13T02:00:00+00:00,24897.520000000004,24903.280000000006,24877.520000000004,24890.280000000006,1438
2026-07-13T02:15:00+00:00,24890.280000000006,24915.780000000006,24883.520000000004,24905.520000000004,743
2026-07-13T02:30:00+00:00,24905.520000000004,24906.520000000004,24889.510000000006,24893.510000000006,725
2026-07-13T02:45:00+00:00,24893.510000000006,24896.270000000004,24879.270000000004,24879.780000000006,689
2026-07-13T03:00:00+00:00,24879.780000000006,24882.280000000006,24845.510000000006,24851.520000000004,770
2026-07-13T03:15:00+00:00,24851.520000000004,24856.280000000006,24844.260000000006,24852.770000000004,408
2026-07-13T03:30:00+00:00,24852.770000000004,24863.280000000006,24834.270000000004,24843.510000000006,889
2026-07-13T03:45:00+00:00,24843.510000000006,24853.270000000004,24834.510000000006,24836.280000000006,707
2026-07-13T04:00:00+00:00,24836.280000000006,24836.280000000006,24808.510000000006,24811.770000000004,802
2026-07-13T04:15:00+00:00,24811.770000000004,24828.280000000006,24805.510000000006,24813.530000000006,887
2026-07-13T04:30:00+00:00,24813.530000000006,24819.280000000006,24794.510000000006,24799.510000000006,960
2026-07-13T04:45:00+00:00,24799.510000000006,24804.270000000004,24781.510000000006,24794.760000000006,547
2026-07-13T05:00:00+00:00,24794.760000000006,24850.270000000004,24787.510000000006,24848.260000000006,1193
2026-07-13T05:15:00+00:00,24848.260000000006,24849.780000000006,24788.510000000006,24793.530000000006,1431
2026-07-13T05:30:00+00:00,24793.530000000006,24850.280000000006,24758.520000000004,24826.260000000006,1540
2026-07-13T05:45:00+00:00,24826.260000000006,24852.280000000006,24813.510000000006,24840.260000000006,1566
2026-07-13T06:00:00+00:00,24840.260000000006,24870.760000000006,24840.260000000006,24854.270000000004,2458
2026-07-13T06:15:00+00:00,24854.270000000004,24896.280000000006,24853.260000000006,24893.260000000006,2502
2026-07-13T06:30:00+00:00,24893.260000000006,24899.780000000006,24877.760000000006,24897.260000000006,1755
2026-07-13T06:45:00+00:00,24897.260000000006,24922.770000000004,24893.270000000004,24918.760000000006,1794
2026-07-13T07:00:00+00:00,24918.760000000006,25042.620000000006,24917.110000000004,25041.110000000004,7332
2026-07-13T07:15:00+00:00,25041.110000000004,25052.630000000005,25000.610000000004,25041.120000000006,4020
2026-07-13T07:30:00+00:00,25041.120000000006,25053.610000000004,25003.610000000004,25032.620000000006,4041
2026-07-13T07:45:00+00:00,25032.620000000006,25061.110000000004,25017.610000000004,25060.110000000004,2986
2026-07-13T08:00:00+00:00,25060.110000000004,25082.130000000005,25040.130000000005,25074.610000000004,4478
2026-07-13T08:15:00+00:00,25074.610000000004,25097.630000000005,25072.110000000004,25082.130000000005,3154
2026-07-13T08:30:00+00:00,25082.130000000005,25101.610000000004,25076.610000000004,25083.630000000005,2184
2026-07-13T08:45:00+00:00,25083.630000000005,25113.110000000004,25077.630000000005,25107.620000000006,1989
2026-07-13T09:00:00+00:00,25107.620000000006,25117.130000000005,25080.610000000004,25085.610000000004,1698
2026-07-13T09:15:00+00:00,25085.610000000004,25137.620000000006,25081.110000000004,25129.620000000006,1583
2026-07-13T09:30:00+00:00,25129.620000000006,25147.620000000006,25123.130000000005,25134.120000000006,2039
2026-07-13T09:45:00+00:00,25134.120000000006,25146.610000000004,25127.110000000004,25136.620000000006,1829
2026-07-13T10:00:00+00:00,25136.620000000006,25146.630000000005,25100.620000000006,25113.630000000005,1958
2026-07-13T10:15:00+00:00,25113.630000000005,25113.630000000005,25063.620000000006,25070.620000000006,1976
2026-07-13T10:30:00+00:00,25070.620000000006,25101.130000000005,25055.110000000004,25094.110000000004,1993
2026-07-13T10:45:00+00:00,25094.110000000004,25109.620000000006,25083.610000000004,25095.620000000006,1858
2026-07-13T11:00:00+00:00,25095.620000000006,25124.120000000006,25083.610000000004,25098.130000000005,3057
2026-07-13T11:15:00+00:00,25098.130000000005,25117.130000000005,25086.120000000006,25112.110000000004,2030
2026-07-13T11:30:00+00:00,25112.110000000004,25123.620000000006,25099.610000000004,25117.120000000006,2110
2026-07-13T11:45:00+00:00,25117.120000000006,25117.620000000006,25077.610000000004,25089.630000000005,2059
2026-07-13T12:00:00+00:00,25089.630000000005,25111.120000000006,25059.110000000004,25062.610000000004,3890
2026-07-13T12:15:00+00:00,25062.610000000004,25090.110000000004,25062.610000000004,25068.130000000005,2827
2026-07-13T12:30:00+00:00,25068.130000000005,25072.130000000005,25040.610000000004,25054.620000000006,2942
2026-07-13T12:45:00+00:00,25054.620000000006,25116.630000000005,25053.120000000006,25111.130000000005,2547
2026-07-13T13:00:00+00:00,25111.130000000005,25123.610000000004,25092.110000000004,25101.110000000004,2953
2026-07-13T13:15:00+00:00,25101.110000000004,25101.110000000004,25067.620000000006,25085.110000000004,2630
2026-07-13T13:30:00+00:00,25085.110000000004,25109.610000000004,25078.610000000004,25088.610000000004,6521
2026-07-13T13:45:00+00:00,25088.610000000004,25123.620000000006,25055.110000000004,25109.630000000005,6620
2026-07-13T14:00:00+00:00,25109.630000000005,25123.120000000006,25071.610000000004,25098.110000000004,6355
2026-07-13T14:15:00+00:00,25098.110000000004,25104.620000000006,24962.610000000004,25070.630000000005,11262
2026-07-13T14:30:00+00:00,25070.630000000005,25086.610000000004,25045.620000000006,25053.130000000005,5751
2026-07-13T14:45:00+00:00,25053.130000000005,25113.630000000005,25042.620000000006,25109.610000000004,4847
2026-07-13T15:00:00+00:00,25109.610000000004,25118.130000000005,25076.620000000006,25098.110000000004,3489
2026-07-13T15:15:00+00:00,25098.110000000004,25098.110000000004,25057.110000000004,25077.110000000004,4388
2026-07-13T15:30:00+00:00,25077.110000000004,25118.630000000005,25072.630000000005,25088.620000000006,3930
2026-07-13T15:45:00+00:00,25088.620000000006,25097.130000000005,25071.110000000004,25075.120000000006,2348
2026-07-13T16:00:00+00:00,25075.120000000006,25092.760000000006,25069.270000000004,25075.760000000006,2286
2026-07-13T16:15:00+00:00,25075.760000000006,25077.280000000006,25036.280000000006,25045.270000000004,2909
2026-07-13T16:30:00+00:00,25045.270000000004,25063.770000000004,25011.770000000004,25062.270000000004,4397
2026-07-13T16:45:00+00:00,25062.270000000004,25068.260000000006,25020.770000000004,25036.270000000004,4624
2026-07-13T17:00:00+00:00,25036.270000000004,25068.270000000004,25035.780000000006,25053.280000000006,1907
2026-07-13T17:15:00+00:00,25053.280000000006,25056.780000000006,25036.260000000006,25038.770000000004,2059
2026-07-13T17:30:00+00:00,25038.770000000004,25048.280000000006,25027.270000000004,25042.260000000006,1964
2026-07-13T17:45:00+00:00,25042.260000000006,25050.280000000006,25001.270000000004,25002.760000000006,2477
2026-07-13T18:00:00+00:00,25002.760000000006,25011.780000000006,24984.260000000006,24997.760000000006,2796
2026-07-13T18:15:00+00:00,24997.760000000006,24999.780000000006,24971.260000000006,24976.280000000006,2484
2026-07-13T18:30:00+00:00,24976.280000000006,24993.780000000006,24969.780000000006,24987.780000000006,2624
2026-07-13T18:45:00+00:00,24987.780000000006,25010.280000000006,24977.770000000004,25006.270000000004,1601
2026-07-13T19:00:00+00:00,25006.270000000004,25016.260000000006,24980.270000000004,24981.270000000004,1725
2026-07-13T19:15:00+00:00,24981.270000000004,24983.270000000004,24958.260000000006,24961.760000000006,1975
2026-07-13T19:30:00+00:00,24961.760000000006,24978.780000000006,24955.260000000006,24975.760000000006,2254
2026-07-13T19:45:00+00:00,24975.760000000006,25004.530000000006,24970.280000000006,25004.530000000006,2182
2026-07-14T00:30:00+00:00,25004.530000000006,25004.530000000006,24814.000000000004,24825.760000000006,2844
2026-07-14T00:45:00+00:00,24825.760000000006,24903.750000000004,24825.760000000006,24898.750000000004,1790
2026-07-14T01:00:00+00:00,24898.750000000004,24910.760000000006,24875.000000000004,24877.000000000004,2842
2026-07-14T01:15:00+00:00,24877.000000000004,24903.270000000004,24875.000000000004,24887.020000000004,1831
2026-07-14T01:30:00+00:00,24887.020000000004,24893.260000000006,24843.010000000006,24857.270000000004,1642.0894398027667
2026-07-14T01:45:00+00:00,24857.270000000004,24872.770000000004,24832.000000000004,24841.010000000006,1885
2026-07-14T02:00:00+00:00,24841.010000000006,24874.020000000004,24838.000000000004,24851.750000000004,1054
2026-07-14T02:15:00+00:00,24851.750000000004,24862.770000000004,24826.770000000004,24843.250000000004,2660
2026-07-14T02:30:00+00:00,24843.250000000004,24869.770000000004,24823.000000000004,24861.750000000004,2264
2026-07-14T02:45:00+00:00,24861.750000000004,24863.750000000004,24810.000000000004,24816.770000000004,1113
2026-07-14T03:00:00+00:00,24816.770000000004,24824.760000000006,24790.010000000006,24792.020000000004,828
2026-07-14T03:15:00+00:00,24792.020000000004,24808.260000000006,24762.020000000004,24807.750000000004,985
2026-07-14T03:30:00+00:00,24807.750000000004,24826.260000000006,24787.020000000004,24798.020000000004,1351
2026-07-14T03:45:00+00:00,24798.020000000004,24851.760000000006,24796.010000000006,24849.770000000004,2024
2026-07-14T04:00:00+00:00,24849.770000000004,24872.260000000006,24826.000000000004,24840.750000000004,1464
2026-07-14T04:15:00+00:00,24840.750000000004,24874.250000000004,24834.770000000004,24865.250000000004,752
2026-07-14T04:30:00+00:00,24865.250000000004,24928.260000000006,24865.250000000004,24915.010000000006,1546
2026-07-14T04:45:00+00:00,24915.010000000006,24928.520000000004,24903.000000000004,24928.520000000004,307.20122085460133
2026-07-14T05:00:00+00:00,24928.520000000004,24941.270000000004,24908.510000000006,24934.510000000006,857
2026-07-14T05:15:00+00:00,24934.510000000006,24965.750000000004,24927.500000000004,24962.510000000006,756
2026-07-14T05:30:00+00:00,24962.510000000006,24985.770000000004,24960.500000000004,24970.750000000004,1137
2026-07-14T05:45:00+00:00,24970.750000000004,24976.270000000004,24956.500000000004,24961.760000000006,948
2026-07-14T06:00:00+00:00,24961.760000000006,24998.770000000004,24960.250000000004,24984.260000000006,2155
2026-07-14T06:15:00+00:00,24984.260000000006,24996.750000000004,24925.260000000006,24928.250000000004,2181
2026-07-14T06:30:00+00:00,24928.250000000004,24943.270000000004,24902.770000000004,24913.270000000004,2540
2026-07-14T06:45:00+00:00,24913.270000000004,24913.270000000004,24844.770000000004,24855.260000000006,2693
2026-07-14T07:00:00+00:00,24855.260000000006,24996.600000000006,24835.600000000006,24981.100000000006,9971
2026-07-14T07:15:00+00:00,24981.100000000006,24996.620000000006,24937.600000000006,24975.600000000006,7492
2026-07-14T07:30:00+00:00,24975.600000000006,24980.110000000004,24913.110000000004,24917.600000000006,7851
2026-07-14T07:45:00+00:00,24917.600000000006,24966.620000000006,24883.100000000006,24962.600000000006,7481
2026-07-14T08:00:00+00:00,24962.600000000006,24993.110000000004,24911.100000000006,24950.620000000006,7781
2026-07-14T08:15:00+00:00,24950.620000000006,24964.610000000004,24925.600000000006,24963.100000000006,6108
2026-07-14T08:30:00+00:00,24963.100000000006,24973.620000000006,24928.600000000006,24941.120000000006,5211
2026-07-14T08:45:00+00:00,24941.120000000006,24955.120000000006,24914.120000000006,24921.610000000004,4408
2026-07-14T09:00:00+00:00,24921.610000000004,24978.120000000006,24910.610000000004,24977.600000000006,4998
2026-07-14T09:15:00+00:00,24977.600000000006,24978.120000000006,24933.110000000004,24935.620000000006,4036
2026-07-14T09:30:00+00:00,24935.620000000006,24948.610000000004,24921.600000000006,24941.600000000006,3676
2026-07-14T09:45:00+00:00,24941.600000000006,24993.120000000006,24941.600000000006,24977.610000000004,3794
2026-07-14T10:00:00+00:00,24977.610000000004,25004.120000000006,24962.600000000006,24976.100000000006,3014
2026-07-14T10:15:00+00:00,24976.100000000006,24989.610000000004,24956.600000000006,24968.620000000006,3063
2026-07-14T10:30:00+00:00,24968.620000000006,24983.600000000006,24934.600000000006,24935.600000000006,4699
2026-07-14T10:45:00+00:00,24935.600000000006,24948.620000000006,24901.620000000006,24932.110000000004,3429
2026-07-14T11:00:00+00:00,24932.110000000004,24936.120000000006,24871.600000000006,24903.600000000006,6072
2026-07-14T11:15:00+00:00,24903.600000000006,24938.110000000004,24896.100000000006,24925.620000000006,6058
2026-07-14T11:30:00+00:00,24925.620000000006,24932.600000000006,24884.120000000006,24891.100000000006,4891
2026-07-14T11:45:00+00:00,24891.100000000006,24907.100000000006,24873.610000000004,24899.600000000006,4018
2026-07-14T12:00:00+00:00,24899.600000000006,24901.620000000006,24852.110000000004,24875.100000000006,4000
2026-07-14T12:15:00+00:00,24875.100000000006,24919.110000000004,24861.610000000004,24911.520000000004,3400
2026-07-14T12:30:00+00:00,24911.520000000004,25079.100000000006,24911.520000000004,24966.110000000004,10844
2026-07-14T12:45:00+00:00,24966.110000000004,24982.620000000006,24927.600000000006,24967.610000000004,7156
2026-07-14T13:00:00+00:00,24967.610000000004,25015.620000000006,24961.100000000006,25011.110000000004,6236
2026-07-14T13:15:00+00:00,25011.110000000004,25015.610000000004,24977.600000000006,25013.110000000004,5232
2026-07-14T13:30:00+00:00,25013.110000000004,25072.100000000006,24985.600000000006,25066.620000000006,10601
2026-07-14T13:45:00+00:00,25066.620000000006,25090.610000000004,25042.620000000006,25084.620000000006,6714
2026-07-14T14:00:00+00:00,25084.620000000006,25086.620000000006,25029.600000000006,25051.620000000006,8325
2026-07-14T14:15:00+00:00,25051.620000000006,25098.600000000006,25023.120000000006,25088.610000000004,8057
2026-07-14T14:30:00+00:00,25088.610000000004,25194.520000000004,25077.620000000006,25122.120000000006,9063
2026-07-14T14:45:00+00:00,25122.120000000006,25130.620000000006,25091.600000000006,25114.120000000006,5372
2026-07-14T15:00:00+00:00,25114.120000000006,25169.120000000006,25087.110000000004,25149.610000000004,8743
2026-07-14T15:15:00+00:00,25149.610000000004,25153.110000000004,25106.620000000006,25129.100000000006,4321
2026-07-14T15:30:00+00:00,25129.100000000006,25157.120000000006,25085.110000000004,25106.120000000006,5292
2026-07-14T15:45:00+00:00,25106.120000000006,25115.620000000006,25060.610000000004,25076.120000000006,3603
2026-07-14T16:00:00+00:00,25076.120000000006,25081.770000000004,25054.270000000004,25077.260000000006,3561
2026-07-14T16:15:00+00:00,25077.260000000006,25083.760000000006,25059.270000000004,25077.760000000006,3117
2026-07-14T16:30:00+00:00,25077.760000000006,25082.270000000004,25065.250000000004,25076.750000000004,2723
2026-07-14T16:45:00+00:00,25076.750000000004,25092.260000000006,25054.750000000004,25091.760000000006,1915
2026-07-14T17:00:00+00:00,25091.760000000006,25097.260000000006,25078.250000000004,25087.250000000004,1135
2026-07-14T17:15:00+00:00,25087.250000000004,25099.250000000004,25077.250000000004,25095.260000000006,1396
2026-07-14T17:30:00+00:00,25095.260000000006,25099.770000000004,25075.750000000004,25079.270000000004,1072
2026-07-14T17:45:00+00:00,25079.270000000004,25081.770000000004,25060.260000000006,25062.770000000004,912
2026-07-14T18:00:00+00:00,25062.770000000004,25067.270000000004,25051.250000000004,25064.760000000006,999
2026-07-14T18:15:00+00:00,25064.760000000006,25068.260000000006,25052.250000000004,25060.760000000006,840
2026-07-14T18:30:00+00:00,25060.760000000006,25061.750000000004,25025.770000000004,25045.750000000004,1792
2026-07-14T18:45:00+00:00,25045.750000000004,25051.770000000004,25037.770000000004,25041.760000000006,1138
2026-07-14T19:00:00+00:00,25041.760000000006,25047.250000000004,25032.770000000004,25043.250000000004,949
2026-07-14T19:15:00+00:00,25043.250000000004,25053.250000000004,25039.770000000004,25045.770000000004,889
2026-07-14T19:30:00+00:00,25045.770000000004,25049.250000000004,25025.750000000004,25036.750000000004,1663
2026-07-14T19:45:00+00:00,25036.750000000004,25046.260000000006,25017.500000000004,25024.520000000004,1590
2026-07-15T00:30:00+00:00,25024.520000000004,25063.510000000006,25022.780000000006,25022.780000000006,247
2026-07-15T00:45:00+00:00,25022.780000000006,25065.030000000006,25022.770000000004,25063.520000000004,510
2026-07-15T01:00:00+00:00,25063.520000000004,25068.010000000006,25027.760000000006,25037.780000000006,1015
2026-07-15T01:15:00+00:00,25037.780000000006,25052.520000000004,25035.770000000004,25043.760000000006,818
2026-07-15T01:30:00+00:00,25043.760000000006,25048.530000000006,25016.760000000006,25019.510000000006,794.4106178059667
2026-07-15T01:45:00+00:00,25019.510000000006,25052.020000000004,25018.760000000006,25051.520000000004,800.4662521311805
2026-07-15T02:00:00+00:00,25051.520000000004,25055.270000000004,25040.270000000004,25047.270000000004,366.1055530904185
2026-07-15T02:15:00+00:00,25047.270000000004,25056.030000000006,25039.260000000006,25054.280000000006,382
2026-07-15T02:30:00+00:00,25054.280000000006,25072.520000000004,25054.260000000006,25068.510000000006,419
2026-07-15T02:45:00+00:00,25068.510000000006,25071.530000000006,25051.260000000006,25055.030000000006,451
2026-07-15T03:00:00+00:00,25055.030000000006,25062.020000000004,25050.280000000006,25052.280000000006,458
2026-07-15T03:15:00+00:00,25052.280000000006,25061.520000000004,25045.280000000006,25055.260000000006,375
2026-07-15T03:30:00+00:00,25055.260000000006,25068.030000000006,25053.260000000006,25055.030000000006,398.4698130554704
2026-07-15T03:45:00+00:00,25055.030000000006,25078.530000000006,25052.260000000006,25073.010000000006,541
2026-07-15T04:00:00+00:00,25073.010000000006,25076.030000000006,25065.270000000004,25070.020000000004,162.10722006690497
2026-07-15T04:15:00+00:00,25070.020000000004,25074.030000000006,25063.280000000006,25069.530000000006,235
2026-07-15T04:30:00+00:00,25069.530000000006,25074.510000000006,25064.260000000006,25072.020000000004,206
2026-07-15T04:45:00+00:00,25072.020000000004,25084.030000000006,25069.270000000004,25079.280000000006,339
2026-07-15T05:00:00+00:00,25079.280000000006,25123.010000000006,25038.270000000004,25054.280000000006,1643
2026-07-15T05:15:00+00:00,25054.280000000006,25073.030000000006,25035.010000000006,25040.270000000004,772
2026-07-15T05:30:00+00:00,25040.270000000004,25061.530000000006,25016.260000000006,25021.030000000006,1339
2026-07-15T05:45:00+00:00,25021.030000000006,25060.530000000006,25016.260000000006,25048.530000000006,854
2026-07-15T06:00:00+00:00,25048.530000000006,25056.020000000004,25020.530000000006,25026.020000000004,1627
2026-07-15T06:15:00+00:00,25026.020000000004,25045.520000000004,25011.020000000004,25034.510000000006,1309
2026-07-15T06:30:00+00:00,25034.510000000006,25035.010000000006,25002.520000000004,25018.520000000004,1709
2026-07-15T06:45:00+00:00,25018.520000000004,25025.530000000006,24977.510000000006,25003.010000000006,2174
2026-07-15T07:00:00+00:00,25003.010000000006,25004.880000000005,24878.270000000004,24920.380000000005,8453
2026-07-15T07:15:00+00:00,24920.380000000005,24932.370000000006,24813.260000000006,24841.370000000006,5488
2026-07-15T07:30:00+00:00,24841.370000000006,24885.880000000005,24828.860000000004,24883.360000000004,5304
2026-07-15T07:45:00+00:00,24883.360000000004,24907.370000000006,24857.860000000004,24900.880000000005,4455
2026-07-15T08:00:00+00:00,24900.880000000005,24936.380000000005,24884.370000000006,24936.380000000005,4350
2026-07-15T08:15:00+00:00,24936.380000000005,24971.370000000006,24920.360000000004,24967.860000000004,5190
2026-07-15T08:30:00+00:00,24967.860000000004,25004.860000000004,24959.360000000004,24980.360000000004,3927
2026-07-15T08:45:00+00:00,24980.360000000004,25007.870000000006,24967.370000000006,24988.370000000006,3290
2026-07-15T09:00:00+00:00,24988.370000000006,25019.380000000005,24979.360000000004,25015.370000000006,3227
2026-07-15T09:15:00+00:00,25015.370000000006,25017.360000000004,24992.360000000004,24992.860000000004,2535
2026-07-15T09:30:00+00:00,24992.860000000004,24998.370000000006,24949.860000000004,24971.870000000006,3148
2026-07-15T09:45:00+00:00,24971.870000000006,24975.380000000005,24920.360000000004,24927.370000000006,3260
2026-07-15T10:00:00+00:00,24927.370000000006,24963.880000000005,24922.360000000004,24957.370000000006,2712
2026-07-15T10:15:00+00:00,24957.370000000006,24970.380000000005,24922.370000000006,24933.870000000006,3506
2026-07-15T10:30:00+00:00,24933.870000000006,24954.380000000005,24926.870000000006,24926.870000000006,3287
2026-07-15T10:45:00+00:00,24926.870000000006,24937.380000000005,24917.870000000006,24917.880000000005,2936
2026-07-15T11:00:00+00:00,24917.880000000005,24925.370000000006,24894.380000000005,24914.880000000005,2960
2026-07-15T11:15:00+00:00,24914.880000000005,24931.880000000005,24909.370000000006,24910.860000000004,2588
2026-07-15T11:30:00+00:00,24910.860000000004,24955.870000000006,24902.860000000004,24950.380000000005,2230
2026-07-15T11:45:00+00:00,24950.380000000005,24987.380000000005,24938.360000000004,24981.380000000005,2807
2026-07-15T12:00:00+00:00,24981.380000000005,24992.880000000005,24957.370000000006,24987.380000000005,2777
2026-07-15T12:15:00+00:00,24987.380000000005,25006.880000000005,24973.370000000006,24975.280000000006,2376
2026-07-15T12:30:00+00:00,24975.280000000006,25008.380000000005,24972.280000000006,25006.880000000005,3863
2026-07-15T12:45:00+00:00,25006.880000000005,25015.370000000006,24986.360000000004,24997.370000000006,3029
2026-07-15T13:00:00+00:00,24997.370000000006,25023.380000000005,24977.870000000006,24978.360000000004,3512
2026-07-15T13:15:00+00:00,24978.360000000004,25004.380000000005,24969.860000000004,24989.370000000006,3579
2026-07-15T13:30:00+00:00,24989.370000000006,25035.370000000006,24963.860000000004,24964.860000000004,6635
2026-07-15T13:45:00+00:00,24964.860000000004,25017.360000000004,24936.860000000004,24998.880000000005,6594
2026-07-15T14:00:00+00:00,24998.880000000005,25014.380000000005,24983.880000000005,25009.380000000005,5755
2026-07-15T14:15:00+00:00,25009.380000000005,25040.870000000006,24992.360000000004,25014.370000000006,5871
2026-07-15T14:30:00+00:00,25014.370000000006,25034.370000000006,24993.360000000004,24994.880000000005,6260
2026-07-15T14:45:00+00:00,24994.880000000005,25020.380000000005,24975.870000000006,25019.380000000005,5002
2026-07-15T15:00:00+00:00,25019.380000000005,25020.880000000005,24981.360000000004,24984.370000000006,5230
2026-07-15T15:15:00+00:00,24984.370000000006,25004.870000000006,24973.860000000004,24993.860000000004,4778
2026-07-15T15:30:00+00:00,24993.860000000004,25023.870000000006,24987.380000000005,25000.870000000006,4718
2026-07-15T15:45:00+00:00,25000.870000000006,25006.380000000005,24977.380000000005,24978.370000000006,2490
2026-07-15T16:00:00+00:00,24978.370000000006,24982.010000000006,24936.510000000006,24938.030000000006,2914
2026-07-15T16:15:00+00:00,24938.030000000006,24941.030000000006,24920.020000000004,24935.010000000006,3061
2026-07-15T16:30:00+00:00,24935.010000000006,24940.020000000004,24904.030000000006,24924.010000000006,2960
2026-07-15T16:45:00+00:00,24924.010000000006,24966.030000000006,24920.010000000006,24945.020000000004,3133
2026-07-15T17:00:00+00:00,24945.020000000004,24966.030000000006,24945.020000000004,24955.510000000006,1493
2026-07-15T17:15:00+00:00,24955.510000000006,24982.020000000004,24953.510000000006,24980.530000000006,1201
2026-07-15T17:30:00+00:00,24980.530000000006,25008.520000000004,24977.020000000004,24999.510000000006,1360
2026-07-15T17:45:00+00:00,24999.510000000006,25016.530000000006,24995.530000000006,25001.030000000006,1115
2026-07-15T18:00:00+00:00,25001.030000000006,25010.020000000004,24993.510000000006,25007.020000000004,770
2026-07-15T18:15:00+00:00,25007.020000000004,25009.510000000006,24996.510000000006,24998.030000000006,890
2026-07-15T18:30:00+00:00,24998.030000000006,25009.020000000004,24997.030000000006,25002.500000000004,696.7897383448394
2026-07-15T18:45:00+00:00,25002.500000000004,25003.510000000002,24976.500000000004,24980.000000000004,1162
2026-07-15T19:00:00+00:00,24980.000000000004,24998.510000000002,24971.520000000004,24996.010000000002,1223
2026-07-15T19:15:00+00:00,24996.010000000002,24998.500000000004,24973.500000000004,24985.000000000004,1235
2026-07-15T19:30:00+00:00,24985.000000000004,24989.520000000004,24960.520000000004,24972.010000000002,1950
2026-07-15T19:45:00+00:00,24972.010000000002,24987.020000000004,24956.510000000002,24977.760000000002,1756
2026-07-16T00:30:00+00:00,24977.760000000002,24996.31,24953.56,24956.320000000003,1147
2026-07-16T00:45:00+00:00,24956.320000000003,24965.31,24934.550000000003,24942.550000000003,1253
2026-07-16T01:00:00+00:00,24942.550000000003,24947.800000000003,24907.550000000003,24915.550000000003,1365
2026-07-16T01:15:00+00:00,24915.550000000003,24919.31,24886.570000000003,24903.56,1984
2026-07-16T01:30:00+00:00,24903.56,24930.81,24902.550000000003,24911.550000000003,1957
2026-07-16T01:45:00+00:00,24911.550000000003,24944.300000000003,24904.550000000003,24914.56,2336
2026-07-16T02:00:00+00:00,24914.56,24919.320000000003,24893.550000000003,24901.570000000003,1022
2026-07-16T02:15:00+00:00,24901.570000000003,24930.570000000003,24892.550000000003,24928.570000000003,929
2026-07-16T02:30:00+00:00,24928.570000000003,24946.56,24925.550000000003,24934.550000000003,758
2026-07-16T02:45:00+00:00,24934.550000000003,24966.56,24934.550000000003,24964.550000000003,503
2026-07-16T03:00:00+00:00,24964.550000000003,24983.56,24958.56,24977.570000000003,477
2026-07-16T03:15:00+00:00,24977.570000000003,24977.570000000003,24962.56,24973.550000000003,319
2026-07-16T03:30:00+00:00,24973.550000000003,24993.320000000003,24970.570000000003,24985.550000000003,887
2026-07-16T03:45:00+00:00,24985.550000000003,25011.820000000003,24985.300000000003,25011.300000000003,443.14660831509843
2026-07-16T04:00:00+00:00,25011.300000000003,25016.300000000003,24987.550000000003,24997.550000000003,585
2026-07-16T04:15:00+00:00,24997.550000000003,24999.550000000003,24972.550000000003,24973.570000000003,452
2026-07-16T04:30:00+00:00,24973.570000000003,24980.320000000003,24969.550000000003,24974.570000000003,288.1240981240981
2026-07-16T04:45:00+00:00,24974.570000000003,24982.570000000003,24969.570000000003,24976.31,386
2026-07-16T05:00:00+00:00,24976.31,25013.81,24974.550000000003,25012.320000000003,703
2026-07-16T05:15:00+00:00,25012.320000000003,25039.320000000003,25008.570000000003,25032.320000000003,611
2026-07-16T05:30:00+00:00,25032.320000000003,25041.570000000003,24990.550000000003,25004.56,1846
2026-07-16T05:45:00+00:00,25004.56,25013.300000000003,24993.550000000003,25004.31,951
2026-07-16T06:00:00+00:00,25004.31,25020.820000000003,24949.300000000003,24983.81,3227
2026-07-16T06:15:00+00:00,24983.81,25010.31,24981.300000000003,24989.300000000003,2519
2026-07-16T06:30:00+00:00,24989.300000000003,24990.300000000003,24954.300000000003,24971.800000000003,2091
2026-07-16T06:45:00+00:00,24971.800000000003,25015.31,24962.300000000003,25008.320000000003,1973
2026-07-16T07:00:00+00:00,25008.320000000003,25031.65,24894.160000000003,24894.160000000003,7932
2026-07-16T07:15:00+00:00,24894.160000000003,24949.660000000003,24878.65,24927.670000000002,5367
2026-07-16T07:30:00+00:00,24927.670000000002,24938.660000000003,24857.660000000003,24879.670000000002,5360
2026-07-16T07:45:00+00:00,24879.670000000002,24882.65,24826.65,24852.160000000003,4383
2026-07-16T08:00:00+00:00,24852.160000000003,24877.170000000002,24821.660000000003,24823.65,5343
2026-07-16T08:15:00+00:00,24823.65,24883.65,24803.65,24880.65,5674
2026-07-16T08:30:00+00:00,24880.65,24899.670000000002,24867.660000000003,24883.160000000003,4623
2026-07-16T08:45:00+00:00,24883.160000000003,24922.65,24883.160000000003,24885.670000000002,4131
2026-07-16T09:00:00+00:00,24885.670000000002,24928.65,24881.15,24919.660000000003,4636
2026-07-16T09:15:00+00:00,24919.660000000003,24929.670000000002,24853.670000000002,24860.660000000003,3233
2026-07-16T09:30:00+00:00,24860.660000000003,24877.65,24832.670000000002,24843.170000000002,3440
2026-07-16T09:45:00+00:00,24843.170000000002,24851.65,24816.670000000002,24837.160000000003,3045
2026-07-16T10:00:00+00:00,24837.160000000003,24860.660000000003,24822.660000000003,24831.160000000003,3102
2026-07-16T10:15:00+00:00,24831.160000000003,24834.170000000002,24795.660000000003,24826.660000000003,3207
2026-07-16T10:30:00+00:00,24826.660000000003,24838.660000000003,24812.65,24825.660000000003,3527
2026-07-16T10:45:00+00:00,24825.660000000003,24841.670000000002,24810.670000000002,24816.670000000002,2908
2026-07-16T11:00:00+00:00,24816.670000000002,24821.65,24787.160000000003,24791.670000000002,3506
2026-07-16T11:15:00+00:00,24791.670000000002,24807.670000000002,24766.65,24782.170000000002,3117
2026-07-16T11:30:00+00:00,24782.170000000002,24783.65,24748.65,24771.65,3331
2026-07-16T11:45:00+00:00,24771.65,24777.670000000002,24676.160000000003,24754.670000000002,5763
2026-07-16T12:00:00+00:00,24754.670000000002,24780.670000000002,24733.170000000002,24740.160000000003,4761
2026-07-16T12:15:00+00:00,24740.160000000003,24762.65,24693.65,24712.570000000003,4389
2026-07-16T12:30:00+00:00,24712.570000000003,24719.15,24682.170000000002,24689.660000000003,4612
2026-07-16T12:45:00+00:00,24689.660000000003,24740.670000000002,24681.15,24715.65,3592
2026-07-16T13:00:00+00:00,24715.65,24771.670000000002,24705.660000000003,24765.170000000002,3661
2026-07-16T13:15:00+00:00,24765.170000000002,24772.670000000002,24741.65,24749.160000000003,3621
2026-07-16T13:30:00+00:00,24749.160000000003,24762.670000000002,24711.660000000003,24737.660000000003,6834
2026-07-16T13:45:00+00:00,24737.660000000003,24780.660000000003,24727.660000000003,24759.170000000002,6514
2026-07-16T14:00:00+00:00,24759.170000000002,24806.670000000002,24754.15,24795.170000000002,5045
2026-07-16T14:15:00+00:00,24795.170000000002,24801.670000000002,24759.660000000003,24773.170000000002,4759
2026-07-16T14:30:00+00:00,24773.170000000002,24786.670000000002,24758.670000000002,24772.160000000003,3903
2026-07-16T14:45:00+00:00,24772.160000000003,24806.670000000002,24764.65,24802.15,4080
2026-07-16T15:00:00+00:00,24802.15,24838.65,24794.160000000003,24837.160000000003,3386
2026-07-16T15:15:00+00:00,24837.160000000003,24862.160000000003,24825.65,24849.160000000003,3134
2026-07-16T15:30:00+00:00,24849.160000000003,24920.65,24846.15,24902.65,3456
2026-07-16T15:45:00+00:00,24902.65,24905.660000000003,24863.670000000002,24867.670000000002,2106
2026-07-16T16:00:00+00:00,24867.670000000002,24868.31,24840.81,24845.31,2681
2026-07-16T16:15:00+00:00,24845.31,24856.31,24816.300000000003,24835.300000000003,3611
2026-07-16T16:30:00+00:00,24835.300000000003,24854.820000000003,24830.31,24851.31,2582
2026-07-16T16:45:00+00:00,24851.31,24894.820000000003,24846.81,24888.81,2290
2026-07-16T17:00:00+00:00,24888.81,24894.800000000003,24877.31,24879.320000000003,1605
2026-07-16T17:15:00+00:00,24879.320000000003,24894.300000000003,24873.820000000003,24893.81,1430
2026-07-16T17:30:00+00:00,24893.81,24898.31,24857.300000000003,24868.800000000003,1599
2026-07-16T17:45:00+00:00,24868.800000000003,24877.800000000003,24859.300000000003,24865.81,1433
2026-07-16T18:00:00+00:00,24865.81,24868.31,24843.300000000003,24856.300000000003,2099
2026-07-16T18:15:00+00:00,24856.300000000003,24880.31,24850.800000000003,24870.800000000003,2175
2026-07-16T18:30:00+00:00,24870.800000000003,24870.800000000003,24846.300000000003,24862.31,2164
2026-07-16T18:45:00+00:00,24862.31,24872.81,24855.300000000003,24858.31,1596
2026-07-16T19:00:00+00:00,24858.31,24869.300000000003,24849.31,24853.300000000003,1792
2026-07-16T19:15:00+00:00,24853.300000000003,24863.320000000003,24845.31,24852.31,1865
2026-07-16T19:30:00+00:00,24852.31,24854.320000000003,24826.300000000003,24846.300000000003,2136
2026-07-16T19:45:00+00:00,24846.300000000003,24867.320000000003,24807.81,24863.070000000003,2735
2026-07-17T00:30:00+00:00,24863.070000000003,24863.070000000003,24759.88,24766.13,722
2026-07-17T00:45:00+00:00,24766.13,24796.9,24765.88,24784.9,464
2026-07-17T01:00:00+00:00,24784.9,24806.15,24770.890000000003,24782.9,1572
2026-07-17T01:15:00+00:00,24782.9,24797.65,24770.9,24781.65,1362
2026-07-17T01:30:00+00:00,24781.65,24782.140000000003,24739.88,24739.9,948
2026-07-17T01:45:00+00:00,24739.9,24739.9,24708.9,24715.890000000003,924
2026-07-17T02:00:00+00:00,24715.890000000003,24733.13,24710.9,24714.890000000003,736
2026-07-17T02:15:00+00:00,24714.890000000003,24717.890000000003,24704.890000000003,24707.890000000003,529
2026-07-17T02:30:00+00:00,24707.890000000003,24717.15,24695.890000000003,24717.15,302
2026-07-17T02:45:00+00:00,24717.15,24719.140000000003,24694.88,24702.890000000003,354
2026-07-17T03:00:00+00:00,24702.890000000003,24735.13,24702.890000000003,24723.88,296.50290771175725
2026-07-17T03:15:00+00:00,24723.88,24756.640000000003,24723.88,24741.88,266.83967112024663
2026-07-17T03:30:00+00:00,24741.88,24742.9,24711.88,24717.890000000003,841
2026-07-17T03:45:00+00:00,24717.890000000003,24718.890000000003,24685.88,24685.9,952
2026-07-17T04:00:00+00:00,24685.9,24687.65,24656.890000000003,24658.63,1017
2026-07-17T04:15:00+00:00,24658.63,24666.65,24625.88,24631.890000000003,877
2026-07-17T04:30:00+00:00,24631.890000000003,24640.65,24590.9,24614.890000000003,2118
2026-07-17T04:45:00+00:00,24614.890000000003,24661.65,24611.890000000003,24646.88,1191
2026-07-17T05:00:00+00:00,24646.88,24655.640000000003,24626.890000000003,24650.640000000003,947
2026-07-17T05:15:00+00:00,24650.640000000003,24657.140000000003,24633.88,24644.640000000003,951
2026-07-17T05:30:00+00:00,24644.640000000003,24660.640000000003,24627.88,24650.88,1711
2026-07-17T05:45:00+00:00,24650.88,24693.65,24635.890000000003,24683.9,1096
2026-07-17T06:00:00+00:00,24683.9,24711.65,24667.15,24698.140000000003,2764
2026-07-17T06:15:00+00:00,24698.140000000003,24771.15,24693.13,24763.140000000003,2091
2026-07-17T06:30:00+00:00,24763.140000000003,24768.15,24724.640000000003,24738.63,2157
2026-07-17T06:45:00+00:00,24738.63,24739.640000000003,24716.65,24720.140000000003,2071
2026-07-17T07:00:00+00:00,24720.140000000003,24758.500000000004,24692.99,24739.980000000003,8991
2026-07-17T07:15:00+00:00,24739.980000000003,24783.49,24724.480000000003,24773.980000000003,5323
2026-07-17T07:30:00+00:00,24773.980000000003,24803.99,24760.49,24802.980000000003,4672
2026-07-17T07:45:00+00:00,24802.980000000003,24821.500000000004,24781.480000000003,24796.480000000003,4326
2026-07-17T08:00:00+00:00,24796.480000000003,24834.000000000004,24757.99,24785.500000000004,6072
2026-07-17T08:15:00+00:00,24785.500000000004,24786.480000000003,24699.500000000004,24723.99,7418
2026-07-17T08:30:00+00:00,24723.99,24732.500000000004,24671.980000000003,24713.99,6016
2026-07-17T08:45:00+00:00,24713.99,24724.000000000004,24685.49,24707.500000000004,4605
2026-07-17T09:00:00+00:00,24707.500000000004,24707.980000000003,24643.980000000003,24676.99,5299
2026-07-17T09:15:00+00:00,24676.99,24702.000000000004,24655.99,24702.000000000004,4582
2026-07-17T09:30:00+00:00,24702.000000000004,24702.99,24633.480000000003,24642.000000000004,4373
2026-07-17T09:45:00+00:00,24642.000000000004,24677.980000000003,24639.500000000004,24674.99,5116
2026-07-17T10:00:00+00:00,24674.99,24718.49,24662.980000000003,24706.99,4948
2026-07-17T10:15:00+00:00,24706.99,24742.000000000004,24706.980000000003,24736.980000000003,3763
2026-07-17T10:30:00+00:00,24736.980000000003,24778.480000000003,24734.000000000004,24759.500000000004,2848
2026-07-17T10:45:00+00:00,24759.500000000004,24779.49,24748.99,24753.000000000004,2663
2026-07-17T11:00:00+00:00,24753.000000000004,24770.000000000004,24717.000000000004,24721.99,3165
2026-07-17T11:15:00+00:00,24721.99,24740.49,24714.99,24724.49,2976
2026-07-17T11:30:00+00:00,24724.49,24762.500000000004,24715.980000000003,24742.980000000003,2677
2026-07-17T11:45:00+00:00,24742.980000000003,24785.480000000003,24740.000000000004,24780.99,2524
2026-07-17T12:00:00+00:00,24780.99,24793.99,24741.480000000003,24761.49,3193
2026-07-17T12:15:00+00:00,24761.49,24776.980000000003,24736.980000000003,24753.9,2655
2026-07-17T12:30:00+00:00,24753.9,24787.480000000003,24748.88,24780.99,2969
2026-07-17T12:45:00+00:00,24780.99,24792.99,24745.980000000003,24748.480000000003,3034
2026-07-17T13:00:00+00:00,24748.480000000003,24750.500000000004,24691.980000000003,24701.980000000003,3902
2026-07-17T13:15:00+00:00,24701.980000000003,24719.480000000003,24677.480000000003,24707.980000000003,4303
2026-07-17T13:30:00+00:00,24707.980000000003,24760.500000000004,24703.000000000004,24728.000000000004,8646
2026-07-17T13:45:00+00:00,24728.000000000004,24788.49,24724.49,24788.000000000004,7152
2026-07-17T14:00:00+00:00,24788.000000000004,24795.980000000003,24750.000000000004,24761.000000000004,6472
2026-07-17T14:15:00+00:00,24761.000000000004,24781.49,24753.480000000003,24764.99,6289
2026-07-17T14:30:00+00:00,24764.99,24786.49,24749.980000000003,24761.500000000004,5111
2026-07-17T14:45:00+00:00,24761.500000000004,24806.500000000004,24746.980000000003,24784.480000000003,4595
2026-07-17T15:00:00+00:00,24784.480000000003,24788.980000000003,24746.500000000004,24764.500000000004,4916
2026-07-17T15:15:00+00:00,24764.500000000004,24816.480000000003,24755.980000000003,24815.49,4159
2026-07-17T15:30:00+00:00,24815.49,24838.500000000004,24789.980000000003,24819.980000000003,4687
2026-07-17T15:45:00+00:00,24819.980000000003,24863.480000000003,24813.99,24861.000000000004,2868
2026-07-17T16:00:00+00:00,24861.000000000004,24864.63,24816.13,24836.65,4460
2026-07-17T16:15:00+00:00,24836.65,24840.63,24801.63,24816.65,3151
2026-07-17T16:30:00+00:00,24816.65,24831.140000000003,24808.13,24831.140000000003,2719
2026-07-17T16:45:00+00:00,24831.140000000003,24851.13,24829.63,24836.65,2712
2026-07-17T17:00:00+00:00,24836.65,24861.63,24834.63,24846.640000000003,1558
2026-07-17T17:15:00+00:00,24846.640000000003,24857.140000000003,24840.140000000003,24852.140000000003,1299
2026-07-17T17:30:00+00:00,24852.140000000003,24852.15,24820.640000000003,24825.15,1403
2026-07-17T17:45:00+00:00,24825.15,24828.65,24800.13,24801.65,1739
2026-07-17T18:00:00+00:00,24801.65,24814.65,24795.140000000003,24799.13,1852
2026-07-17T18:15:00+00:00,24799.13,24803.65,24785.63,24792.640000000003,2269
2026-07-17T18:30:00+00:00,24792.640000000003,24807.65,24773.13,24778.640000000003,2081
2026-07-17T18:45:00+00:00,24778.640000000003,24799.15,24775.63,24790.63,2172
2026-07-17T19:00:00+00:00,24790.63,24792.65,24768.15,24768.65,2074
2026-07-17T19:15:00+00:00,24768.65,24775.65,24747.15,24771.15,2209
2026-07-17T19:30:00+00:00,24771.15,24811.65,24771.15,24809.15,2817
2026-07-17T19:45:00+00:00,24809.15,24830.15,24804.140000000003,24812.890000000003,2264
2026-07-20T00:30:00+00:00,24812.890000000003,24813.390000000003,24789.140000000003,24789.160000000003,1053.3401462031925
2026-07-20T00:45:00+00:00,24789.160000000003,24796.400000000005,24775.140000000003,24787.400000000005,1030.5654097432996
2026-07-20T01:00:00+00:00,24787.400000000005,24828.390000000003,24785.640000000003,24796.650000000005,2869
2026-07-20T01:15:00+00:00,24796.650000000005,24814.660000000003,24789.650000000005,24793.160000000003,1606.1480957672493
2026-07-20T01:30:00+00:00,24793.160000000003,24793.160000000003,24747.150000000005,24757.910000000003,2105
2026-07-20T01:45:00+00:00,24757.910000000003,24768.400000000005,24738.640000000003,24757.650000000005,1314.865487193029
2026-07-20T02:00:00+00:00,24757.650000000005,24796.650000000005,24757.640000000003,24773.650000000005,1497.4732809792633
2026-07-20T02:15:00+00:00,24773.650000000005,24773.650000000005,24730.640000000003,24742.650000000005,579.2429292659388
2026-07-20T02:30:00+00:00,24742.650000000005,24786.650000000005,24742.650000000005,24778.640000000003,930.3304626487209
2026-07-20T02:45:00+00:00,24778.640000000003,24795.660000000003,24777.640000000003,24779.660000000003,1313
2026-07-20T03:00:00+00:00,24779.660000000003,24793.640000000003,24765.650000000005,24780.400000000005,1292
2026-07-20T03:15:00+00:00,24780.400000000005,24787.650000000005,24771.650000000005,24771.650000000005,1680
2026-07-20T03:30:00+00:00,24771.650000000005,24783.660000000003,24765.640000000003,24783.660000000003,1210
2026-07-20T03:45:00+00:00,24783.660000000003,24803.640000000003,24778.660000000003,24785.650000000005,987
2026-07-20T04:00:00+00:00,24785.650000000005,24801.410000000003,24773.400000000005,24775.390000000003,977
2026-07-20T04:15:00+00:00,24775.390000000003,24798.410000000003,24769.640000000003,24792.650000000005,1077
2026-07-20T04:30:00+00:00,24792.650000000005,24825.410000000003,24788.660000000003,24818.410000000003,901
2026-07-20T04:45:00+00:00,24818.410000000003,24826.410000000003,24796.650000000005,24800.910000000003,559
2026-07-20T05:00:00+00:00,24800.910000000003,24806.410000000003,24756.390000000003,24785.400000000005,1292
2026-07-20T05:15:00+00:00,24785.400000000005,24786.410000000003,24757.640000000003,24757.650000000005,1463
2026-07-20T05:30:00+00:00,24757.650000000005,24765.900000000005,24743.640000000003,24743.890000000003,1531
2026-07-20T05:45:00+00:00,24743.890000000003,24743.890000000003,24714.640000000003,24717.650000000005,1152
2026-07-20T06:00:00+00:00,24717.650000000005,24744.400000000005,24703.390000000003,24708.390000000003,2596
2026-07-20T06:15:00+00:00,24708.390000000003,24719.410000000003,24693.890000000003,24708.410000000003,2483
2026-07-20T06:30:00+00:00,24708.410000000003,24719.410000000003,24685.390000000003,24706.390000000003,2591
2026-07-20T06:45:00+00:00,24706.390000000003,24717.400000000005,24691.400000000005,24702.910000000003,2535
2026-07-20T07:00:00+00:00,24702.910000000003,24760.250000000004,24693.750000000004,24750.750000000004,8741
2026-07-20T07:15:00+00:00,24750.750000000004,24786.250000000004,24708.250000000004,24783.240000000005,7344
2026-07-20T07:30:00+00:00,24783.240000000005,24845.260000000006,24783.240000000005,24845.260000000006,7725
2026-07-20T07:45:00+00:00,24845.260000000006,24862.750000000004,24788.250000000004,24814.250000000004,5139
2026-07-20T08:00:00+00:00,24814.250000000004,24846.250000000004,24792.750000000004,24841.760000000006,5134
2026-07-20T08:15:00+00:00,24841.760000000006,24864.240000000005,24827.260000000006,24859.240000000005,3784
2026-07-20T08:30:00+00:00,24859.240000000005,24869.260000000006,24831.740000000005,24840.240000000005,3386
2026-07-20T08:45:00+00:00,24840.240000000005,24865.760000000006,24827.760000000006,24860.750000000004,3184
2026-07-20T09:00:00+00:00,24860.750000000004,24868.760000000006,24831.240000000005,24846.240000000005,3438
2026-07-20T09:15:00+00:00,24846.240000000005,24874.760000000006,24846.240000000005,24866.250000000004,2195
2026-07-20T09:30:00+00:00,24866.250000000004,24903.740000000005,24862.740000000005,24893.750000000004,2577
2026-07-20T09:45:00+00:00,24893.750000000004,24894.760000000006,24855.740000000005,24876.760000000006,2525
2026-07-20T10:00:00+00:00,24876.760000000006,24884.240000000005,24849.740000000005,24853.750000000004,2701
2026-07-20T10:15:00+00:00,24853.750000000004,24861.760000000006,24822.740000000005,24847.740000000005,2513
2026-07-20T10:30:00+00:00,24847.740000000005,24850.760000000006,24778.250000000004,24791.740000000005,3844
2026-07-20T10:45:00+00:00,24791.740000000005,24822.250000000004,24774.750000000004,24816.240000000005,2742
2026-07-20T11:00:00+00:00,24816.240000000005,24847.250000000004,24815.740000000005,24826.750000000004,3472
2026-07-20T11:15:00+00:00,24826.750000000004,24842.760000000006,24821.750000000004,24836.240000000005,2860
2026-07-20T11:30:00+00:00,24836.240000000005,24932.260000000006,24826.740000000005,24907.750000000004,10276
2026-07-20T11:45:00+00:00,24907.750000000004,24914.250000000004,24861.260000000006,24899.250000000004,4080
2026-07-20T12:00:00+00:00,24899.250000000004,24901.760000000006,24792.750000000004,24849.750000000004,8477
2026-07-20T12:15:00+00:00,24849.750000000004,24861.740000000005,24824.240000000005,24856.750000000004,3889
2026-07-20T12:30:00+00:00,24856.750000000004,24870.740000000005,24833.740000000005,24841.750000000004,3710
2026-07-20T12:45:00+00:00,24841.750000000004,24854.760000000006,24784.240000000005,24792.250000000004,3783
2026-07-20T13:00:00+00:00,24792.250000000004,24799.740000000005,24755.740000000005,24756.240000000005,4002
2026-07-20T13:15:00+00:00,24756.240000000005,24797.750000000004,24748.240000000005,24789.250000000004,3459
2026-07-20T13:30:00+00:00,24789.250000000004,24803.260000000006,24739.760000000006,24748.740000000005,5745
2026-07-20T13:45:00+00:00,24748.740000000005,24748.760000000006,24712.260000000006,24742.240000000005,5840
2026-07-20T14:00:00+00:00,24742.240000000005,24758.260000000006,24716.740000000005,24751.750000000004,5656
2026-07-20T14:15:00+00:00,24751.750000000004,24780.760000000006,24727.260000000006,24779.260000000006,5286
2026-07-20T14:30:00+00:00,24779.260000000006,24806.750000000004,24763.740000000005,24792.760000000006,5112
2026-07-20T14:45:00+00:00,24792.760000000006,24805.760000000006,24757.250000000004,24782.240000000005,5164
2026-07-20T15:00:00+00:00,24782.240000000005,24834.760000000006,24763.240000000005,24807.260000000006,6676
2026-07-20T15:15:00+00:00,24807.260000000006,24826.760000000006,24799.240000000005,24815.240000000005,4108
2026-07-20T15:30:00+00:00,24815.240000000005,24823.740000000005,24780.240000000005,24795.760000000006,4411
2026-07-20T15:45:00+00:00,24795.760000000006,24813.750000000004,24778.750000000004,24804.760000000006,2986
2026-07-20T16:00:00+00:00,24804.760000000006,24837.900000000005,24801.410000000003,24824.900000000005,2229
2026-07-20T16:15:00+00:00,24824.900000000005,24829.410000000003,24813.900000000005,24820.400000000005,1973
2026-07-20T16:30:00+00:00,24820.400000000005,24825.410000000003,24757.650000000005,24787.890000000003,3069
2026-07-20T16:45:00+00:00,24787.890000000003,24796.410000000003,24768.900000000005,24770.910000000003,2520
2026-07-20T17:00:00+00:00,24770.910000000003,24778.400000000005,24750.900000000005,24761.910000000003,2388
2026-07-20T17:15:00+00:00,24761.910000000003,24771.410000000003,24749.890000000003,24769.400000000005,2099
2026-07-20T17:30:00+00:00,24769.400000000005,24779.400000000005,24742.890000000003,24744.390000000003,1952
2026-07-20T17:45:00+00:00,24744.390000000003,24762.900000000005,24743.400000000005,24755.410000000003,2179
2026-07-20T18:00:00+00:00,24755.410000000003,24770.910000000003,24755.390000000003,24767.410000000003,1371
2026-07-20T18:15:00+00:00,24767.410000000003,24769.910000000003,24739.390000000003,24744.400000000005,2144
2026-07-20T18:30:00+00:00,24744.400000000005,24744.890000000003,24684.390000000003,24686.410000000003,2992
2026-07-20T18:45:00+00:00,24686.410000000003,24713.910000000003,24685.410000000003,24699.410000000003,2282
2026-07-20T19:00:00+00:00,24699.410000000003,24714.390000000003,24658.390000000003,24658.390000000003,2399
2026-07-20T19:15:00+00:00,24658.390000000003,24687.410000000003,24648.390000000003,24686.910000000003,2865
2026-07-20T19:30:00+00:00,24686.910000000003,24697.410000000003,24675.390000000003,24679.890000000003,3256
2026-07-20T19:45:00+00:00,24679.890000000003,24703.900000000005,24656.660000000003,24656.660000000003,3130
2026-07-21T00:30:00+00:00,24656.660000000003,24691.020000000004,24656.660000000003,24679.280000000002,1111
2026-07-21T00:45:00+00:00,24679.280000000002,24698.040000000005,24677.280000000002,24679.290000000005,699
2026-07-21T01:00:00+00:00,24679.290000000005,24725.040000000005,24664.290000000005,24722.290000000005,1759
2026-07-21T01:15:00+00:00,24722.290000000005,24738.530000000002,24705.270000000004,24715.290000000005,1975
2026-07-21T01:30:00+00:00,24715.290000000005,24735.040000000005,24697.270000000004,24697.290000000005,929
2026-07-21T01:45:00+00:00,24697.290000000005,24712.030000000002,24689.270000000004,24693.280000000002,497
2026-07-21T02:00:00+00:00,24693.280000000002,24725.040000000005,24693.280000000002,24695.270000000004,905
2026-07-21T02:15:00+00:00,24695.270000000004,24719.540000000005,24684.270000000004,24714.290000000005,812
2026-07-21T02:30:00+00:00,24714.290000000005,24734.540000000005,24714.280000000002,24726.280000000002,660
2026-07-21T02:45:00+00:00,24726.280000000002,24734.540000000005,24720.280000000002,24733.540000000005,402
2026-07-21T03:00:00+00:00,24733.540000000005,24744.040000000005,24733.540000000005,24743.020000000004,562
2026-07-21T03:15:00+00:00,24743.020000000004,24755.530000000002,24741.270000000004,24752.540000000005,759
2026-07-21T03:30:00+00:00,24752.540000000005,24774.030000000002,24750.540000000005,24767.270000000004,664
2026-07-21T03:45:00+00:00,24767.270000000004,24783.030000000002,24765.270000000004,24770.290000000005,561
2026-07-21T04:00:00+00:00,24770.290000000005,24776.030000000002,24765.270000000004,24766.280000000002,389
2026-07-21T04:15:00+00:00,24766.280000000002,24776.020000000004,24763.270000000004,24771.520000000004,272
2026-07-21T04:30:00+00:00,24771.520000000004,24781.020000000004,24768.270000000004,24780.030000000002,184.06926658905704
2026-07-21T04:45:00+00:00,24780.030000000002,24788.020000000004,24772.270000000004,24777.020000000004,292
2026-07-21T05:00:00+00:00,24777.020000000004,24777.540000000005,24756.270000000004,24756.270000000004,604
2026-07-21T05:15:00+00:00,24756.270000000004,24776.280000000002,24745.290000000005,24776.280000000002,498
2026-07-21T05:30:00+00:00,24776.280000000002,24799.520000000004,24768.270000000004,24796.030000000002,759
2026-07-21T05:45:00+00:00,24796.030000000002,24819.040000000005,24789.040000000005,24811.520000000004,794
2026-07-21T06:00:00+00:00,24811.520000000004,24826.540000000005,24795.040000000005,24805.020000000004,1853
2026-07-21T06:15:00+00:00,24805.020000000004,24811.040000000005,24782.040000000005,24794.540000000005,1691
2026-07-21T06:30:00+00:00,24794.540000000005,24820.020000000004,24794.540000000005,24806.040000000005,2015
2026-07-21T06:45:00+00:00,24806.040000000005,24823.040000000005,24786.520000000004,24819.030000000002,1733
2026-07-21T07:00:00+00:00,24819.030000000002,24888.390000000003,24808.380000000005,24831.370000000003,8025
2026-07-21T07:15:00+00:00,24831.370000000003,24860.390000000003,24796.870000000003,24808.880000000005,5894
2026-07-21T07:30:00+00:00,24808.880000000005,24841.880000000005,24775.880000000005,24813.380000000005,4976
2026-07-21T07:45:00+00:00,24813.380000000005,24835.380000000005,24796.370000000003,24828.390000000003,4707
2026-07-21T08:00:00+00:00,24828.390000000003,24830.390000000003,24789.880000000005,24820.370000000003,5313
2026-07-21T08:15:00+00:00,24820.370000000003,24841.380000000005,24805.380000000005,24813.380000000005,3859
2026-07-21T08:30:00+00:00,24813.380000000005,24861.370000000003,24806.380000000005,24860.380000000005,3140
2026-07-21T08:45:00+00:00,24860.380000000005,24860.380000000005,24830.380000000005,24838.390000000003,2747
2026-07-21T09:00:00+00:00,24838.390000000003,24886.890000000003,24834.390000000003,24880.890000000003,2739
2026-07-21T09:15:00+00:00,24880.890000000003,24906.390000000003,24863.870000000003,24868.390000000003,2710
2026-07-21T09:30:00+00:00,24868.390000000003,24904.880000000005,24864.870000000003,24884.390000000003,2839
2026-07-21T09:45:00+00:00,24884.390000000003,24909.880000000005,24874.370000000003,24883.380000000005,2873
2026-07-21T10:00:00+00:00,24883.380000000005,24943.870000000003,24883.380000000005,24904.890000000003,4994
2026-07-21T10:15:00+00:00,24904.890000000003,24924.890000000003,24895.870000000003,24908.890000000003,2819
2026-07-21T10:30:00+00:00,24908.890000000003,24933.370000000003,24899.390000000003,24914.380000000005,2350
2026-07-21T10:45:00+00:00,24914.380000000005,24917.390000000003,24884.370000000003,24886.390000000003,3113
2026-07-21T11:00:00+00:00,24886.390000000003,24892.380000000005,24832.880000000005,24840.890000000003,2971
2026-07-21T11:15:00+00:00,24840.890000000003,24847.390000000003,24817.870000000003,24840.880000000005,2893
2026-07-21T11:30:00+00:00,24840.880000000005,24865.870000000003,24833.870000000003,24846.390000000003,2302
2026-07-21T11:45:00+00:00,24846.390000000003,24856.880000000005,24835.870000000003,24850.890000000003,2052
2026-07-21T12:00:00+00:00,24850.890000000003,24863.390000000003,24845.370000000003,24855.890000000003,2842
2026-07-21T12:15:00+00:00,24855.890000000003,24860.880000000005,24796.390000000003,24798.880000000005,3988
2026-07-21T12:30:00+00:00,24798.880000000005,24837.390000000003,24781.370000000003,24807.370000000003,3913
2026-07-21T12:45:00+00:00,24807.370000000003,24856.890000000003,24802.370000000003,24850.390000000003,3223
2026-07-21T13:00:00+00:00,24850.390000000003,24851.890000000003,24818.370000000003,24824.390000000003,3420
2026-07-21T13:15:00+00:00,24824.390000000003,24837.390000000003,24799.870000000003,24816.370000000003,3135
2026-07-21T13:30:00+00:00,24816.370000000003,24857.390000000003,24765.890000000003,24776.370000000003,6355
2026-07-21T13:45:00+00:00,24776.370000000003,24801.390000000003,24767.870000000003,24781.880000000005,5820
2026-07-21T14:00:00+00:00,24781.880000000005,24853.380000000005,24780.870000000003,24846.390000000003,5437
2026-07-21T14:15:00+00:00,24846.390000000003,24886.890000000003,24835.870000000003,24875.380000000005,4229
2026-07-21T14:30:00+00:00,24875.380000000005,24904.390000000003,24874.370000000003,24895.880000000005,3042
2026-07-21T14:45:00+00:00,24895.880000000005,24924.380000000005,24894.380000000005,24914.380000000005,3546
2026-07-21T15:00:00+00:00,24914.380000000005,24930.870000000003,24894.870000000003,24919.880000000005,2705
2026-07-21T15:15:00+00:00,24919.880000000005,24958.390000000003,24919.870000000003,24942.370000000003,2758
2026-07-21T15:30:00+00:00,24942.370000000003,24989.890000000003,24938.870000000003,24975.370000000003,2775
2026-07-21T15:45:00+00:00,24975.370000000003,24993.880000000005,24967.890000000003,24985.880000000005,1784
2026-07-21T16:00:00+00:00,24985.880000000005,25003.540000000005,24984.520000000004,24999.020000000004,1599
2026-07-21T16:15:00+00:00,24999.020000000004,25007.030000000002,24991.520000000004,25000.540000000005,1119
2026-07-21T16:30:00+00:00,25000.540000000005,25002.040000000005,24991.030000000002,24996.030000000002,1073
2026-07-21T16:45:00+00:00,24996.030000000002,25013.020000000004,24992.540000000005,24996.020000000004,930
2026-07-21T17:00:00+00:00,24996.020000000004,25003.540000000005,24991.020000000004,24997.040000000005,938
2026-07-21T17:15:00+00:00,24997.040000000005,24999.040000000005,24985.030000000002,24986.540000000005,889
2026-07-21T17:30:00+00:00,24986.540000000005,25002.530000000002,24986.540000000005,24995.020000000004,902
2026-07-21T17:45:00+00:00,24995.020000000004,24999.040000000005,24987.030000000002,24990.030000000002,698
2026-07-21T18:00:00+00:00,24990.030000000002,25000.530000000002,24989.520000000004,24994.020000000004,937
2026-07-21T18:15:00+00:00,24994.020000000004,25004.040000000005,24991.040000000005,25004.040000000005,904
2026-07-21T18:30:00+00:00,25004.040000000005,25011.530000000002,24997.530000000002,25010.030000000002,734
2026-07-21T18:45:00+00:00,25010.030000000002,25012.540000000005,25003.530000000002,25007.030000000002,722
2026-07-21T19:00:00+00:00,25007.030000000002,25009.530000000002,24996.030000000002,25005.530000000002,1077
2026-07-21T19:15:00+00:00,25005.530000000002,25010.540000000005,25003.520000000004,25008.040000000005,883
2026-07-21T19:30:00+00:00,25008.040000000005,25014.520000000004,24998.030000000002,25008.040000000005,929
2026-07-21T19:45:00+00:00,25008.040000000005,25028.020000000004,24998.020000000004,25022.290000000005,1333
2026-07-22T00:30:00+00:00,25022.290000000005,25029.160000000003,25017.150000000005,25029.150000000005,61.79543654684916
2026-07-22T00:45:00+00:00,25029.150000000005,25037.900000000005,25017.150000000005,25036.170000000006,452
2026-07-22T01:00:00+00:00,25036.170000000006,25042.400000000005,25019.160000000003,25024.160000000003,1098
2026-07-22T01:15:00+00:00,25024.160000000003,25039.420000000006,25023.900000000005,25027.900000000005,747
2026-07-22T01:30:00+00:00,25027.900000000005,25031.920000000006,25015.150000000005,25024.150000000005,811
2026-07-22T01:45:00+00:00,25024.150000000005,25054.410000000003,25024.150000000005,25041.900000000005,589
2026-07-22T02:00:00+00:00,25041.900000000005,25041.900000000005,25021.150000000005,25028.150000000005,815
2026-07-22T02:15:00+00:00,25028.150000000005,25038.900000000005,25023.170000000006,25033.170000000006,935
2026-07-22T02:30:00+00:00,25033.170000000006,25036.420000000006,25015.160000000003,25020.150000000005,747
2026-07-22T02:45:00+00:00,25020.150000000005,25027.160000000003,25017.150000000005,25022.910000000003,549
2026-07-22T03:00:00+00:00,25022.910000000003,25027.910000000003,25001.410000000003,25002.420000000006,563
2026-07-22T03:15:00+00:00,25002.420000000006,25037.410000000003,25002.170000000006,25029.170000000006,631
2026-07-22T03:30:00+00:00,25029.170000000006,25037.910000000003,24999.160000000003,25004.160000000003,1020
2026-07-22T03:45:00+00:00,25004.160000000003,25018.920000000006,24992.160000000003,25003.170000000006,639
2026-07-22T04:00:00+00:00,25003.170000000006,25016.900000000005,25001.150000000005,25005.170000000006,614
2026-07-22T04:15:00+00:00,25005.170000000006,25014.410000000003,25002.160000000003,25006.150000000005,404
2026-07-22T04:30:00+00:00,25006.150000000005,25029.910000000003,24998.150000000005,25023.150000000005,528
2026-07-22T04:45:00+00:00,25023.150000000005,25025.920000000006,25002.170000000006,25015.160000000003,443.50127732046553
2026-07-22T05:00:00+00:00,25015.160000000003,25015.160000000003,24996.150000000005,25001.170000000006,698
2026-07-22T05:15:00+00:00,25001.170000000006,25013.920000000006,24999.150000000005,25002.170000000006,1110
2026-07-22T05:30:00+00:00,25002.170000000006,25007.920000000006,24992.150000000005,24995.150000000005,1001
2026-07-22T05:45:00+00:00,24995.150000000005,25011.910000000003,24990.160000000003,25000.920000000006,918
2026-07-22T06:00:00+00:00,25000.920000000006,25022.420000000006,24991.910000000003,25014.410000000003,1390
2026-07-22T06:15:00+00:00,25014.410000000003,25014.410000000003,24954.910000000003,24963.420000000006,2034
2026-07-22T06:30:00+00:00,24963.420000000006,24966.920000000006,24941.900000000005,24948.920000000006,1353
2026-07-22T06:45:00+00:00,24948.920000000006,24948.920000000006,24905.400000000005,24917.920000000006,2433
2026-07-22T07:00:00+00:00,24917.920000000006,24988.260000000006,24917.920000000006,24953.760000000006,8684
2026-07-22T07:15:00+00:00,24953.760000000006,25037.270000000004,24948.250000000004,25019.760000000006,5000
2026-07-22T07:30:00+00:00,25019.760000000006,25023.270000000004,24943.260000000006,24964.750000000004,5527
2026-07-22T07:45:00+00:00,24964.750000000004,25019.270000000004,24959.750000000004,25019.250000000004,4865
2026-07-22T08:00:00+00:00,25019.250000000004,25105.270000000004,25012.750000000004,25067.250000000004,5309
2026-07-22T08:15:00+00:00,25067.250000000004,25113.270000000004,25061.250000000004,25105.750000000004,4539
2026-07-22T08:30:00+00:00,25105.750000000004,25143.270000000004,25091.260000000006,25098.250000000004,4269
2026-07-22T08:45:00+00:00,25098.250000000004,25129.250000000004,25097.250000000004,25125.750000000004,3311
2026-07-22T09:00:00+00:00,25125.750000000004,25169.770000000004,25119.250000000004,25158.750000000004,3711
2026-07-22T09:15:00+00:00,25158.750000000004,25195.260000000006,25150.250000000004,25152.770000000004,3200
2026-07-22T09:30:00+00:00,25152.770000000004,25152.770000000004,25075.250000000004,25077.750000000004,4271
2026-07-22T09:45:00+00:00,25077.750000000004,25120.760000000006,25067.770000000004,25120.760000000006,3751
2026-07-22T10:00:00+00:00,25120.760000000006,25156.760000000006,25117.250000000004,25139.270000000004,3356
2026-07-22T10:15:00+00:00,25139.270000000004,25223.770000000004,25139.250000000004,25206.270000000004,5841
2026-07-22T10:30:00+00:00,25206.270000000004,25209.250000000004,25092.270000000004,25099.250000000004,6706
2026-07-22T10:45:00+00:00,25099.250000000004,25121.270000000004,25081.250000000004,25083.760000000006,5545
2026-07-22T11:00:00+00:00,25083.760000000006,25088.250000000004,25024.260000000006,25040.750000000004,5653
2026-07-22T11:15:00+00:00,25040.750000000004,25048.760000000006,25012.270000000004,25035.270000000004,4288
2026-07-22T11:30:00+00:00,25035.270000000004,25060.250000000004,24998.770000000004,25027.250000000004,6102
2026-07-22T11:45:00+00:00,25027.250000000004,25053.760000000006,25006.260000000006,25010.270000000004,5436
2026-07-22T12:00:00+00:00,25010.270000000004,25046.270000000004,25001.260000000006,25044.250000000004,4552
2026-07-22T12:15:00+00:00,25044.250000000004,25080.270000000004,25030.760000000006,25076.760000000006,4122
2026-07-22T12:30:00+00:00,25076.760000000006,25122.270000000004,25072.260000000006,25119.750000000004,3647
2026-07-22T12:45:00+00:00,25119.750000000004,25131.270000000004,25047.160000000003,25092.770000000004,5103
2026-07-22T13:00:00+00:00,25092.770000000004,25139.750000000004,25091.750000000004,25122.770000000004,3603
2026-07-22T13:15:00+00:00,25122.770000000004,25154.750000000004,25118.250000000004,25149.260000000006,3374
2026-07-22T13:30:00+00:00,25149.260000000006,25165.750000000004,25073.760000000006,25102.260000000006,6785
2026-07-22T13:45:00+00:00,25102.260000000006,25165.750000000004,25102.260000000006,25147.750000000004,4960
2026-07-22T14:00:00+00:00,25147.750000000004,25152.260000000006,25118.760000000006,25130.270000000004,4761
2026-07-22T14:15:00+00:00,25130.270000000004,25131.270000000004,25101.760000000006,25122.260000000006,4852
2026-07-22T14:30:00+00:00,25122.260000000006,25132.270000000004,25103.750000000004,25104.260000000006,4307
2026-07-22T14:45:00+00:00,25104.260000000006,25131.270000000004,25094.260000000006,25123.260000000006,3809
2026-07-22T15:00:00+00:00,25123.260000000006,25142.270000000004,25112.260000000006,25116.770000000004,3218
2026-07-22T15:15:00+00:00,25116.770000000004,25137.270000000004,25107.750000000004,25126.750000000004,3451
2026-07-22T15:30:00+00:00,25126.750000000004,25154.750000000004,25108.270000000004,25152.270000000004,3444
2026-07-22T15:45:00+00:00,25152.270000000004,25161.270000000004,25135.750000000004,25153.250000000004,1820
2026-07-22T16:00:00+00:00,25153.250000000004,25156.400000000005,25147.900000000005,25153.400000000005,1108
2026-07-22T16:15:00+00:00,25153.400000000005,25153.410000000003,25118.400000000005,25129.420000000006,1425
2026-07-22T16:30:00+00:00,25129.420000000006,25145.410000000003,25124.900000000005,25139.900000000005,1529
2026-07-22T16:45:00+00:00,25139.900000000005,25155.410000000003,25135.400000000005,25152.910000000003,1332
2026-07-22T17:00:00+00:00,25152.910000000003,25157.910000000003,25146.400000000005,25146.910000000003,1030
2026-07-22T17:15:00+00:00,25146.910000000003,25156.420000000006,25130.900000000005,25135.400000000005,1056
2026-07-22T17:30:00+00:00,25135.400000000005,25147.420000000006,25134.420000000006,25135.900000000005,1167
2026-07-22T17:45:00+00:00,25135.900000000005,25137.920000000006,25120.400000000005,25122.420000000006,1085
2026-07-22T18:00:00+00:00,25122.420000000006,25124.920000000006,25105.400000000005,25105.920000000006,1505
2026-07-22T18:15:00+00:00,25105.920000000006,25110.900000000005,25088.400000000005,25099.900000000005,1623
2026-07-22T18:30:00+00:00,25099.900000000005,25103.920000000006,25089.900000000005,25100.410000000003,1119
2026-07-22T18:45:00+00:00,25100.410000000003,25113.420000000006,25099.400000000005,25102.910000000003,738
2026-07-22T19:00:00+00:00,25102.910000000003,25103.920000000006,25088.920000000006,25088.920000000006,1059
2026-07-22T19:15:00+00:00,25088.920000000006,25100.920000000006,25087.400000000005,25099.910000000003,921
2026-07-22T19:30:00+00:00,25099.910000000003,25099.920000000006,25085.410000000003,25094.900000000005,1300
2026-07-22T19:45:00+00:00,25094.900000000005,25107.400000000005,25085.900000000005,25102.160000000003,1769
2026-07-23T00:30:00+00:00,25102.160000000003,25157.730000000003,25102.160000000003,25156.730000000003,955
2026-07-23T00:45:00+00:00,25156.730000000003,25164.740000000005,25150.970000000005,25152.970000000005,337
2026-07-23T01:00:00+00:00,25152.970000000005,25166.220000000005,25146.970000000005,25161.990000000005,1259
2026-07-23T01:15:00+00:00,25161.990000000005,25163.990000000005,25148.720000000005,25150.230000000003,1118
2026-07-23T01:30:00+00:00,25150.230000000003,25152.730000000003,25128.970000000005,25130.720000000005,2153
2026-07-23T01:45:00+00:00,25130.720000000005,25139.990000000005,25116.970000000005,25122.970000000005,1064
2026-07-23T02:00:00+00:00,25122.970000000005,25132.730000000003,25112.980000000003,25112.980000000003,859
2026-07-23T02:15:00+00:00,25112.980000000003,25117.970000000005,25092.230000000003,25092.970000000005,776
2026-07-23T02:30:00+00:00,25092.970000000005,25109.240000000005,25087.970000000005,25093.990000000005,813
2026-07-23T02:45:00+00:00,25093.990000000005,25105.740000000005,25091.970000000005,25101.980000000003,400
2026-07-23T03:00:00+00:00,25101.980000000003,25107.740000000005,25069.970000000005,25080.240000000005,960
2026-07-23T03:15:00+00:00,25080.240000000005,25086.730000000003,25071.970000000005,25085.220000000005,691
2026-07-23T03:30:00+00:00,25085.220000000005,25111.720000000005,25077.970000000005,25111.720000000005,1012
2026-07-23T03:45:00+00:00,25111.720000000005,25114.240000000005,25101.970000000005,25106.720000000005,710
2026-07-23T04:00:00+00:00,25106.720000000005,25107.230000000003,25083.970000000005,25100.980000000003,659
2026-07-23T04:15:00+00:00,25100.980000000003,25113.720000000005,25092.980000000003,25104.990000000005,612
2026-07-23T04:30:00+00:00,25104.990000000005,25109.720000000005,25089.230000000003,25089.720000000005,966
2026-07-23T04:45:00+00:00,25089.720000000005,25095.730000000003,25052.990000000005,25060.980000000003,646
2026-07-23T05:00:00+00:00,25060.980000000003,25068.740000000005,25048.970000000005,25066.720000000005,600
2026-07-23T05:15:00+00:00,25066.720000000005,25073.220000000005,25041.740000000005,25069.230000000003,1017
2026-07-23T05:30:00+00:00,25069.230000000003,25080.740000000005,25036.730000000003,25040.730000000003,858
2026-07-23T05:45:00+00:00,25040.730000000003,25042.740000000005,24983.980000000003,24989.240000000005,1035
2026-07-23T06:00:00+00:00,24989.240000000005,25026.740000000005,24986.720000000005,25018.740000000005,1988
2026-07-23T06:15:00+00:00,25018.740000000005,25030.230000000003,25012.230000000003,25021.740000000005,1584
2026-07-23T06:30:00+00:00,25021.740000000005,25021.740000000005,24980.240000000005,24980.240000000005,1691
2026-07-23T06:45:00+00:00,24980.240000000005,25003.220000000005,24959.220000000005,24969.730000000003,1964
2026-07-23T07:00:00+00:00,24969.730000000003,24969.730000000003,24847.580000000005,24889.070000000003,10823
2026-07-23T07:15:00+00:00,24889.070000000003,24926.090000000004,24871.580000000005,24914.080000000005,7860
2026-07-23T07:30:00+00:00,24914.080000000005,24919.090000000004,24882.080000000005,24907.590000000004,6771
2026-07-23T07:45:00+00:00,24907.590000000004,24945.070000000003,24871.580000000005,24932.070000000003,6621
2026-07-23T08:00:00+00:00,24932.070000000003,24988.590000000004,24914.070000000003,24950.590000000004,6387
2026-07-23T08:15:00+00:00,24950.590000000004,25012.080000000005,24946.080000000005,25001.580000000005,5287
2026-07-23T08:30:00+00:00,25001.580000000005,25018.090000000004,24957.070000000003,24957.070000000003,4299
2026-07-23T08:45:00+00:00,24957.070000000003,24980.090000000004,24946.070000000003,24979.080000000005,4357
2026-07-23T09:00:00+00:00,24979.080000000005,25022.070000000003,24971.570000000003,24987.070000000003,5599
2026-07-23T09:15:00+00:00,24987.070000000003,24995.590000000004,24940.570000000003,24948.570000000003,3914
2026-07-23T09:30:00+00:00,24948.570000000003,24961.570000000003,24927.590000000004,24956.090000000004,4420
2026-07-23T09:45:00+00:00,24956.090000000004,24972.580000000005,24929.070000000003,24939.090000000004,3959
2026-07-23T10:00:00+00:00,24939.090000000004,24950.090000000004,24911.070000000003,24914.080000000005,4142
2026-07-23T10:15:00+00:00,24914.080000000005,24946.570000000003,24908.580000000005,24931.090000000004,3843
2026-07-23T10:30:00+00:00,24931.090000000004,24969.580000000005,24928.080000000005,24950.090000000004,4029
2026-07-23T10:45:00+00:00,24950.090000000004,24996.070000000003,24947.080000000005,24973.090000000004,3125
2026-07-23T11:00:00+00:00,24973.090000000004,24976.570000000003,24931.090000000004,24936.570000000003,3126
2026-07-23T11:15:00+00:00,24936.570000000003,24948.570000000003,24907.070000000003,24916.070000000003,3357
2026-07-23T11:30:00+00:00,24916.070000000003,24922.590000000004,24878.070000000003,24892.080000000005,4415
2026-07-23T11:45:00+00:00,24892.080000000005,24973.580000000005,24887.580000000005,24944.090000000004,3933
2026-07-23T12:00:00+00:00,24944.090000000004,24948.090000000004,24906.070000000003,24907.970000000005,3475
2026-07-23T12:15:00+00:00,24907.970000000005,24932.590000000004,24869.980000000003,24893.080000000005,5025
2026-07-23T12:30:00+00:00,24893.080000000005,24893.080000000005,24804.080000000005,24818.080000000005,4869
2026-07-23T12:45:00+00:00,24818.080000000005,24824.580000000005,24781.070000000003,24792.090000000004,5861
2026-07-23T13:00:00+00:00,24792.090000000004,24796.090000000004,24720.080000000005,24751.570000000003,7247
2026-07-23T13:15:00+00:00,24751.570000000003,24752.580000000005,24693.590000000004,24702.580000000005,5934
2026-07-23T13:30:00+00:00,24702.580000000005,24821.070000000003,24698.590000000004,24798.080000000005,9084
2026-07-23T13:45:00+00:00,24798.080000000005,24824.570000000003,24765.590000000004,24767.070000000003,7566
2026-07-23T14:00:00+00:00,24767.070000000003,24810.090000000004,24735.080000000005,24789.570000000003,10508
2026-07-23T14:15:00+00:00,24789.570000000003,24808.580000000005,24761.570000000003,24792.080000000005,9250
2026-07-23T14:30:00+00:00,24792.080000000005,24799.080000000005,24728.080000000005,24731.090000000004,7894
2026-07-23T14:45:00+00:00,24731.090000000004,24743.570000000003,24692.570000000003,24735.070000000003,5726
2026-07-23T15:00:00+00:00,24735.070000000003,24742.090000000004,24685.080000000005,24694.090000000004,6139
2026-07-23T15:15:00+00:00,24694.090000000004,24709.080000000005,24641.090000000004,24652.580000000005,5886
2026-07-23T15:30:00+00:00,24652.580000000005,24731.080000000005,24638.090000000004,24712.570000000003,6205
2026-07-23T15:45:00+00:00,24712.570000000003,24729.090000000004,24708.580000000005,24728.570000000003,3066
2026-07-23T16:00:00+00:00,24728.570000000003,24748.230000000003,24725.220000000005,24746.220000000005,3253
2026-07-23T16:15:00+00:00,24746.220000000005,24782.230000000003,24746.220000000005,24776.240000000005,2126
2026-07-23T16:30:00+00:00,24776.240000000005,24777.220000000005,24747.720000000005,24747.720000000005,2257
2026-07-23T16:45:00+00:00,24747.720000000005,24747.720000000005,24722.230000000003,24736.720000000005,2254
2026-07-23T17:00:00+00:00,24736.720000000005,24737.220000000005,24705.730000000003,24731.230000000003,2988
2026-07-23T17:15:00+00:00,24731.230000000003,24747.740000000005,24728.720000000005,24728.740000000005,3047
2026-07-23T17:30:00+00:00,24728.740000000005,24734.230000000003,24714.220000000005,24719.730000000003,3014
2026-07-23T17:45:00+00:00,24719.730000000003,24731.230000000003,24702.220000000005,24702.240000000005,2475
2026-07-23T18:00:00+00:00,24702.240000000005,24704.740000000005,24682.220000000005,24686.720000000005,2369
2026-07-23T18:15:00+00:00,24686.720000000005,24712.240000000005,24684.230000000003,24711.240000000005,2553
2026-07-23T18:30:00+00:00,24711.240000000005,24712.240000000005,24691.720000000005,24697.740000000005,1769
2026-07-23T18:45:00+00:00,24697.740000000005,24709.220000000005,24688.220000000005,24698.240000000005,1619
2026-07-23T19:00:00+00:00,24698.240000000005,24706.740000000005,24684.230000000003,24687.230000000003,1286
2026-07-23T19:15:00+00:00,24687.230000000003,24710.740000000005,24686.230000000003,24703.220000000005,1597
2026-07-23T19:30:00+00:00,24703.220000000005,24712.220000000005,24674.220000000005,24674.240000000005,1996
2026-07-23T19:45:00+00:00,24674.240000000005,24697.730000000003,24661.740000000005,24690.480000000003,2518
2026-07-24T00:30:00+00:00,24690.480000000003,24711.650000000005,24676.900000000005,24707.660000000003,892
2026-07-24T00:45:00+00:00,24707.660000000003,24721.660000000003,24686.900000000005,24710.910000000003,977
2026-07-24T01:00:00+00:00,24710.910000000003,24732.150000000005,24698.900000000005,24699.910000000003,1317
2026-07-24T01:15:00+00:00,24699.910000000003,24729.660000000003,24698.890000000003,24712.150000000005,962
2026-07-24T01:30:00+00:00,24712.150000000005,24729.160000000003,24703.910000000003,24719.900000000005,1071
2026-07-24T01:45:00+00:00,24719.900000000005,24725.650000000005,24690.890000000003,24700.160000000003,597
2026-07-24T02:00:00+00:00,24700.160000000003,24712.640000000003,24685.890000000003,24706.890000000003,842
2026-07-24T02:15:00+00:00,24706.890000000003,24711.150000000005,24692.890000000003,24702.910000000003,605
2026-07-24T02:30:00+00:00,24702.910000000003,24703.660000000003,24672.890000000003,24672.900000000005,396
2026-07-24T02:45:00+00:00,24672.900000000005,24673.910000000003,24646.900000000005,24648.910000000003,869
2026-07-24T03:00:00+00:00,24648.910000000003,24662.640000000003,24642.640000000003,24660.150000000005,1097
2026-07-24T03:15:00+00:00,24660.150000000005,24680.160000000003,24659.640000000003,24674.650000000005,1055
2026-07-24T03:30:00+00:00,24674.650000000005,24679.140000000003,24656.900000000005,24668.150000000005,1360
2026-07-24T03:45:00+00:00,24668.150000000005,24678.650000000005,24654.910000000003,24656.910000000003,944
2026-07-24T04:00:00+00:00,24656.910000000003,24669.890000000003,24647.890000000003,24648.900000000005,504
2026-07-24T04:15:00+00:00,24648.900000000005,24684.660000000003,24647.900000000005,24674.890000000003,600
2026-07-24T04:30:00+00:00,24674.890000000003,24678.650000000005,24644.890000000003,24654.910000000003,548
2026-07-24T04:45:00+00:00,24654.910000000003,24685.640000000003,24649.900000000005,24683.890000000003,687
2026-07-24T05:00:00+00:00,24683.890000000003,24709.150000000005,24676.910000000003,24707.150000000005,659
2026-07-24T05:15:00+00:00,24707.150000000005,24723.140000000003,24695.890000000003,24713.890000000003,1259
2026-07-24T05:30:00+00:00,24713.890000000003,24722.150000000005,24698.900000000005,24720.640000000003,1492
2026-07-24T05:45:00+00:00,24720.640000000003,24736.660000000003,24702.150000000005,24705.640000000003,1019
2026-07-24T06:00:00+00:00,24705.640000000003,24714.160000000003,24676.650000000005,24698.660000000003,1857
2026-07-24T06:15:00+00:00,24698.660000000003,24733.640000000003,24687.650000000005,24692.140000000003,2047
2026-07-24T06:30:00+00:00,24692.140000000003,24714.150000000005,24684.140000000003,24688.660000000003,2040
2026-07-24T06:45:00+00:00,24688.660000000003,24702.660000000003,24656.650000000005,24689.640000000003,2812
2026-07-24T07:00:00+00:00,24689.640000000003,24845.510000000006,24682.500000000004,24843.000000000004,8120
2026-07-24T07:15:00+00:00,24843.000000000004,24895.990000000005,24823.490000000005,24860.990000000005,4991
2026-07-24T07:30:00+00:00,24860.990000000005,24869.990000000005,24829.490000000005,24845.010000000006,4469
2026-07-24T07:45:00+00:00,24845.010000000006,24862.010000000006,24824.010000000006,24836.510000000006,3966
2026-07-24T08:00:00+00:00,24836.510000000006,24847.010000000006,24806.500000000004,24842.000000000004,5057
2026-07-24T08:15:00+00:00,24842.000000000004,24889.500000000004,24832.490000000005,24886.490000000005,4054
2026-07-24T08:30:00+00:00,24886.490000000005,24920.000000000004,24881.490000000005,24889.990000000005,3357
2026-07-24T08:45:00+00:00,24889.990000000005,24914.490000000005,24880.510000000006,24890.990000000005,3280
2026-07-24T09:00:00+00:00,24890.990000000005,24929.510000000006,24880.010000000006,24914.990000000005,3199
2026-07-24T09:15:00+00:00,24914.990000000005,24933.500000000004,24901.990000000005,24919.510000000006,2663
2026-07-24T09:30:00+00:00,24919.510000000006,24953.010000000006,24911.990000000005,24935.500000000004,2214
2026-07-24T09:45:00+00:00,24935.500000000004,24954.500000000004,24935.500000000004,24940.990000000005,2481
2026-07-24T10:00:00+00:00,24940.990000000005,24946.510000000006,24902.010000000006,24911.990000000005,2221
2026-07-24T10:15:00+00:00,24911.990000000005,24915.500000000004,24890.510000000006,24914.010000000006,1951
2026-07-24T10:30:00+00:00,24914.010000000006,24929.500000000004,24896.990000000005,24913.500000000004,2376
2026-07-24T10:45:00+00:00,24913.500000000004,24926.510000000006,24907.990000000005,24910.000000000004,1919
2026-07-24T11:00:00+00:00,24910.000000000004,24933.010000000006,24885.990000000005,24899.990000000005,2939
2026-07-24T11:15:00+00:00,24899.990000000005,24901.500000000004,24872.510000000006,24887.990000000005,2439
2026-07-24T11:30:00+00:00,24887.990000000005,24897.510000000006,24863.990000000005,24875.010000000006,3013
2026-07-24T11:45:00+00:00,24875.010000000006,24933.500000000004,24864.500000000004,24915.490000000005,4748
2026-07-24T12:00:00+00:00,24915.490000000005,24933.010000000006,24885.990000000005,24927.000000000004,3636
2026-07-24T12:15:00+00:00,24927.000000000004,24937.000000000004,24877.500000000004,24903.010000000006,3122
2026-07-24T12:30:00+00:00,24903.010000000006,24916.510000000006,24882.500000000004,24883.010000000006,3034
2026-07-24T12:45:00+00:00,24883.010000000006,24892.010000000006,24853.500000000004,24860.990000000005,2427
2026-07-24T13:00:00+00:00,24860.990000000005,24888.500000000004,24860.500000000004,24876.510000000006,2620
2026-07-24T13:15:00+00:00,24876.510000000006,24921.010000000006,24873.990000000005,24913.000000000004,2552
2026-07-24T13:30:00+00:00,24913.000000000004,24938.010000000006,24892.510000000006,24898.510000000006,5637
2026-07-24T13:45:00+00:00,24898.510000000006,24945.500000000004,24889.900000000005,24900.490000000005,5297
2026-07-24T14:00:00+00:00,24900.490000000005,24949.500000000004,24891.990000000005,24943.000000000004,5402
2026-07-24T14:15:00+00:00,24943.000000000004,24947.990000000005,24914.510000000006,24915.010000000006,5689
2026-07-24T14:30:00+00:00,24915.010000000006,24939.990000000005,24901.990000000005,24908.000000000004,4967
2026-07-24T14:45:00+00:00,24908.000000000004,24950.510000000006,24885.990000000005,24945.000000000004,4599
2026-07-24T15:00:00+00:00,24945.000000000004,25006.000000000004,24928.000000000004,24999.490000000005,5421
2026-07-24T15:15:00+00:00,24999.490000000005,25046.510000000006,24993.490000000005,25038.500000000004,5470
2026-07-24T15:30:00+00:00,25038.500000000004,25085.010000000006,25028.990000000005,25065.000000000004,4483
2026-07-24T15:45:00+00:00,25065.000000000004,25068.510000000006,25043.490000000005,25060.010000000006,2307
2026-07-24T16:00:00+00:00,25060.010000000006,25077.150000000005,25057.650000000005,25063.660000000003,1782
2026-07-24T16:15:00+00:00,25063.660000000003,25073.650000000005,25057.140000000003,25064.660000000003,1318
2026-07-24T16:30:00+00:00,25064.660000000003,25066.160000000003,25038.650000000005,25044.650000000005,1918
2026-07-24T16:45:00+00:00,25044.650000000005,25059.660000000003,25030.150000000005,25056.150000000005,2180
2026-07-24T17:00:00+00:00,25056.150000000005,25060.660000000003,25008.640000000003,25027.150000000005,3040
2026-07-24T17:15:00+00:00,25027.150000000005,25069.150000000005,25022.650000000005,25069.150000000005,907
2026-07-24T17:30:00+00:00,25069.150000000005,25072.150000000005,25040.140000000003,25040.640000000003,1628
2026-07-24T17:45:00+00:00,25040.640000000003,25051.160000000003,25036.640000000003,25038.150000000005,2023
2026-07-24T18:00:00+00:00,25038.150000000005,25046.160000000003,25030.150000000005,25032.660000000003,1348
2026-07-24T18:15:00+00:00,25032.660000000003,25036.660000000003,25012.150000000005,25015.150000000005,1825
2026-07-24T18:30:00+00:00,25015.150000000005,25016.150000000005,24987.140000000003,24993.660000000003,2415
2026-07-24T18:45:00+00:00,24993.660000000003,25015.660000000003,24991.650000000005,25008.160000000003,2513
2026-07-24T19:00:00+00:00,25008.160000000003,25016.660000000003,24983.140000000003,24983.160000000003,2589
2026-07-24T19:15:00+00:00,24983.160000000003,24996.660000000003,24973.640000000003,24984.640000000003,2513
2026-07-24T19:30:00+00:00,24984.640000000003,25016.160000000003,24984.640000000003,25016.150000000005,3170
2026-07-24T19:45:00+00:00,25016.150000000005,25026.390000000003,25006.160000000003,25026.390000000003,1832
2026-07-27T00:30:00+00:00,25026.390000000003,25183.120000000003,25026.390000000003,25176.620000000003,512.792530154147
2026-07-27T00:45:00+00:00,25176.620000000003,25184.110000000004,25155.350000000006,25157.360000000004,1357
2026-07-27T01:00:00+00:00,25157.360000000004,25170.610000000004,25145.620000000003,25151.370000000003,2063
2026-07-27T01:15:00+00:00,25151.370000000003,25161.120000000003,25130.360000000004,25141.350000000006,2441
2026-07-27T01:30:00+00:00,25141.350000000006,25190.360000000004,25141.350000000006,25179.370000000003,3011
2026-07-27T01:45:00+00:00,25179.370000000003,25199.120000000003,25171.370000000003,25194.360000000004,672
2026-07-27T02:00:00+00:00,25194.360000000004,25207.610000000004,25189.350000000006,25207.600000000006,1450
2026-07-27T02:15:00+00:00,25207.600000000006,25216.870000000003,25196.850000000006,25208.850000000006,645.3398259428097
2026-07-27T02:30:00+00:00,25208.850000000006,25225.110000000004,25192.860000000004,25212.870000000003,477.73442690088046
2026-07-27T02:45:00+00:00,25212.870000000003,25224.600000000006,25204.350000000006,25216.120000000003,729.7792081461077
2026-07-27T03:00:00+00:00,25216.120000000003,25251.110000000004,25215.100000000006,25251.110000000004,1108.0618388934092
2026-07-27T03:15:00+00:00,25251.110000000004,25257.600000000006,25240.370000000003,25244.370000000003,973
2026-07-27T03:30:00+00:00,25244.370000000003,25244.370000000003,25221.360000000004,25231.600000000006,1542
2026-07-27T03:45:00+00:00,25231.600000000006,25233.110000000004,25208.350000000006,25218.350000000006,920
2026-07-27T04:00:00+00:00,25218.350000000006,25244.360000000004,25218.350000000006,25229.350000000006,742
2026-07-27T04:15:00+00:00,25229.350000000006,25253.100000000006,25221.350000000006,25233.350000000006,758
2026-07-27T04:30:00+00:00,25233.350000000006,25271.610000000004,25230.350000000006,25266.350000000006,492.3627338678885
2026-07-27T04:45:00+00:00,25266.350000000006,25293.610000000004,25265.360000000004,25276.360000000004,738
2026-07-27T05:00:00+00:00,25276.360000000004,25323.100000000006,25270.360000000004,25313.350000000006,938
2026-07-27T05:15:00+00:00,25313.350000000006,25317.620000000003,25307.350000000006,25312.370000000003,985
2026-07-27T05:30:00+00:00,25312.370000000003,25331.620000000003,25311.620000000003,25317.350000000006,1169
2026-07-27T05:45:00+00:00,25317.350000000006,25323.600000000006,25309.370000000003,25312.350000000006,632
2026-07-27T06:00:00+00:00,25312.350000000006,25360.610000000004,25312.350000000006,25352.120000000003,2034
2026-07-27T06:15:00+00:00,25352.120000000003,25368.610000000004,25343.120000000003,25350.610000000004,1474
2026-07-27T06:30:00+00:00,25350.610000000004,25379.120000000003,25344.600000000006,25361.100000000006,1494
2026-07-27T06:45:00+00:00,25361.100000000006,25407.600000000006,25357.620000000003,25401.110000000004,2232
2026-07-27T07:00:00+00:00,25401.110000000004,25439.970000000005,25354.960000000003,25404.470000000005,6821
2026-07-27T07:15:00+00:00,25404.470000000005,25419.470000000005,25354.460000000003,25364.450000000004,5385
2026-07-27T07:30:00+00:00,25364.450000000004,25404.460000000003,25343.450000000004,25389.470000000005,5060
2026-07-27T07:45:00+00:00,25389.470000000005,25415.970000000005,25344.960000000003,25346.470000000005,4545
2026-07-27T08:00:00+00:00,25346.470000000005,25376.470000000005,25324.460000000003,25376.460000000003,5451
2026-07-27T08:15:00+00:00,25376.460000000003,25412.970000000005,25359.960000000003,25410.970000000005,4437
2026-07-27T08:30:00+00:00,25410.970000000005,25454.970000000005,25394.450000000004,25454.970000000005,4383
2026-07-27T08:45:00+00:00,25454.970000000005,25467.470000000005,25441.950000000004,25466.450000000004,3890
2026-07-27T09:00:00+00:00,25466.450000000004,25467.970000000005,25434.450000000004,25442.950000000004,3124
2026-07-27T09:15:00+00:00,25442.950000000004,25470.950000000004,25435.950000000004,25448.450000000004,3254
2026-07-27T09:30:00+00:00,25448.450000000004,25457.470000000005,25423.950000000004,25434.470000000005,3060
2026-07-27T09:45:00+00:00,25434.470000000005,25463.460000000003,25426.960000000003,25438.960000000003,2891
2026-07-27T10:00:00+00:00,25438.960000000003,25451.460000000003,25418.960000000003,25447.950000000004,3305
2026-07-27T10:15:00+00:00,25447.950000000004,25474.970000000005,25446.470000000005,25474.970000000005,2071
2026-07-27T10:30:00+00:00,25474.970000000005,25482.950000000004,25460.960000000003,25467.960000000003,1775
2026-07-27T10:45:00+00:00,25467.960000000003,25489.970000000005,25465.970000000005,25468.460000000003,2037
2026-07-27T11:00:00+00:00,25468.460000000003,25489.470000000005,25465.460000000003,25479.470000000005,2259
2026-07-27T11:15:00+00:00,25479.470000000005,25490.450000000004,25461.950000000004,25488.970000000005,2030
2026-07-27T11:30:00+00:00,25488.970000000005,25499.450000000004,25469.470000000005,25491.960000000003,3072
2026-07-27T11:45:00+00:00,25491.960000000003,25503.460000000003,25484.470000000005,25485.450000000004,2629
2026-07-27T12:00:00+00:00,25485.450000000004,25502.950000000004,25453.460000000003,25454.470000000005,3649
2026-07-27T12:15:00+00:00,25454.470000000005,25467.950000000004,25443.450000000004,25460.960000000003,3359
2026-07-27T12:30:00+00:00,25460.960000000003,25487.960000000003,25448.950000000004,25467.450000000004,2731
2026-07-27T12:45:00+00:00,25467.450000000004,25471.970000000005,25446.460000000003,25471.970000000005,3573
2026-07-27T13:00:00+00:00,25471.970000000005,25477.970000000005,25439.460000000003,25470.470000000005,4520
2026-07-27T13:15:00+00:00,25470.470000000005,25479.950000000004,25458.950000000004,25463.470000000005,3583
2026-07-27T13:30:00+00:00,25463.470000000005,25503.470000000005,25432.470000000005,25473.470000000005,6293
2026-07-27T13:45:00+00:00,25473.470000000005,25523.950000000004,25434.950000000004,25436.460000000003,5830
2026-07-27T14:00:00+00:00,25436.460000000003,25468.460000000003,25408.960000000003,25424.470000000005,6253
2026-07-27T14:15:00+00:00,25424.470000000005,25442.470000000005,25393.450000000004,25393.960000000003,6378
2026-07-27T14:30:00+00:00,25393.960000000003,25402.950000000004,25357.460000000003,25370.450000000004,6276
2026-07-27T14:45:00+00:00,25370.450000000004,25436.970000000005,25369.950000000004,25436.460000000003,6474
2026-07-27T15:00:00+00:00,25436.460000000003,25437.450000000004,25383.460000000003,25408.470000000005,5507
2026-07-27T15:15:00+00:00,25408.470000000005,25419.470000000005,25376.970000000005,25389.470000000005,5221
2026-07-27T15:30:00+00:00,25389.470000000005,25391.960000000003,25324.460000000003,25347.970000000005,4022
2026-07-27T15:45:00+00:00,25347.970000000005,25366.970000000005,25340.950000000004,25357.450000000004,4034
2026-07-27T16:00:00+00:00,25357.450000000004,25377.620000000003,25352.600000000006,25358.610000000004,3609
2026-07-27T16:15:00+00:00,25358.610000000004,25428.100000000006,25351.100000000006,25415.100000000006,4872
2026-07-27T16:30:00+00:00,25415.100000000006,25428.120000000003,25395.110000000004,25402.100000000006,3964
2026-07-27T16:45:00+00:00,25402.100000000006,25405.120000000003,25354.600000000006,25358.610000000004,3062
2026-07-27T17:00:00+00:00,25358.610000000004,25361.600000000006,25338.600000000006,25354.620000000003,2694
2026-07-27T17:15:00+00:00,25354.620000000003,25375.120000000003,25348.120000000003,25366.110000000004,2347
2026-07-27T17:30:00+00:00,25366.110000000004,25389.100000000006,25365.100000000006,25383.600000000006,2741
2026-07-27T17:45:00+00:00,25383.600000000006,25400.120000000003,25378.100000000006,25399.100000000006,2750
2026-07-27T18:00:00+00:00,25399.100000000006,25400.620000000003,25389.100000000006,25393.100000000006,2742
2026-07-27T18:15:00+00:00,25393.100000000006,25394.120000000003,25377.100000000006,25392.620000000003,2165
2026-07-27T18:30:00+00:00,25392.620000000003,25408.120000000003,25374.600000000006,25397.110000000004,2387
2026-07-27T18:45:00+00:00,25397.110000000004,25428.620000000003,25395.110000000004,25428.610000000004,2502
2026-07-27T19:00:00+00:00,25428.610000000004,25439.120000000003,25414.100000000006,25428.610000000004,2101
2026-07-27T19:15:00+00:00,25428.610000000004,25436.620000000003,25422.100000000006,25429.610000000004,1550
2026-07-27T19:30:00+00:00,25429.610000000004,25444.610000000004,25427.100000000006,25431.120000000003,1851
2026-07-27T19:45:00+00:00,25431.120000000003,25438.350000000006,25419.110000000004,25438.350000000006,2053
2026-07-28T00:30:00+00:00,25438.350000000006,25438.350000000006,25360.040000000005,25381.040000000005,825
2026-07-28T00:45:00+00:00,25381.040000000005,25382.040000000005,25360.050000000003,25362.060000000005,636
2026-07-28T01:00:00+00:00,25362.060000000005,25372.810000000005,25339.810000000005,25341.810000000005,2702
2026-07-28T01:15:00+00:00,25341.810000000005,25383.060000000005,25337.040000000005,25373.050000000003,1578
2026-07-28T01:30:00+00:00,25373.050000000003,25383.040000000005,25366.050000000003,25380.050000000003,748
2026-07-28T01:45:00+00:00,25380.050000000003,25389.790000000005,25339.050000000003,25349.050000000003,1181
2026-07-28T02:00:00+00:00,25349.050000000003,25355.060000000005,25338.040000000005,25345.040000000005,1298
2026-07-28T02:15:00+00:00,25345.040000000005,25374.790000000005,25341.050000000003,25354.810000000005,882
2026-07-28T02:30:00+00:00,25354.810000000005,25371.310000000005,25342.040000000005,25350.060000000005,1165
2026-07-28T02:45:00+00:00,25350.060000000005,25375.810000000005,25347.040000000005,25360.800000000003,1055
2026-07-28T03:00:00+00:00,25360.800000000003,25362.810000000005,25341.050000000003,25360.040000000005,1196
2026-07-28T03:15:00+00:00,25360.040000000005,25395.300000000003,25353.040000000005,25370.060000000005,1410
2026-07-28T03:30:00+00:00,25370.060000000005,25442.300000000003,25358.060000000005,25435.060000000005,1816
2026-07-28T03:45:00+00:00,25435.060000000005,25460.810000000005,25426.060000000005,25449.310000000005,1658
2026-07-28T04:00:00+00:00,25449.310000000005,25449.310000000005,25410.040000000005,25410.040000000005,1207
2026-07-28T04:15:00+00:00,25410.040000000005,25435.790000000005,25407.040000000005,25418.040000000005,688
2026-07-28T04:30:00+00:00,25418.040000000005,25426.300000000003,25410.040000000005,25414.790000000005,404
2026-07-28T04:45:00+00:00,25414.790000000005,25427.060000000005,25387.790000000005,25398.810000000005,725
2026-07-28T05:00:00+00:00,25398.810000000005,25410.800000000003,25390.050000000003,25403.040000000005,983
2026-07-28T05:15:00+00:00,25403.040000000005,25409.290000000005,25403.040000000005,25403.800000000003,452
2026-07-28T05:30:00+00:00,25403.800000000003,25405.300000000003,25353.040000000005,25357.040000000005,1040
2026-07-28T05:45:00+00:00,25357.040000000005,25381.800000000003,25357.040000000005,25371.790000000005,933
2026-07-28T06:00:00+00:00,25371.790000000005,25399.310000000005,25361.790000000005,25366.790000000005,1982
2026-07-28T06:15:00+00:00,25366.790000000005,25406.810000000005,25366.790000000005,25394.810000000005,2512
2026-07-28T06:30:00+00:00,25394.810000000005,25412.800000000003,25376.800000000003,25407.790000000005,2728
2026-07-28T06:45:00+00:00,25407.790000000005,25443.310000000005,25402.800000000003,25420.290000000005,2682
2026-07-28T07:00:00+00:00,25420.290000000005,25478.160000000003,25399.140000000003,25447.140000000003,9745
2026-07-28T07:15:00+00:00,25447.140000000003,25518.660000000003,25445.660000000003,25478.160000000003,6120
2026-07-28T07:30:00+00:00,25478.160000000003,25489.660000000003,25446.650000000005,25447.140000000003,6142
2026-07-28T07:45:00+00:00,25447.140000000003,25462.160000000003,25433.140000000003,25436.150000000005,5905
2026-07-28T08:00:00+00:00,25436.150000000005,25463.660000000003,25411.660000000003,25414.160000000003,6316
2026-07-28T08:15:00+00:00,25414.160000000003,25440.150000000005,25392.140000000003,25420.150000000005,6931
2026-07-28T08:30:00+00:00,25420.150000000005,25464.650000000005,25393.140000000003,25460.660000000003,4806
2026-07-28T08:45:00+00:00,25460.660000000003,25478.660000000003,25438.160000000003,25456.640000000003,3843
2026-07-28T09:00:00+00:00,25456.640000000003,25475.150000000005,25444.140000000003,25463.160000000003,3846
2026-07-28T09:15:00+00:00,25463.160000000003,25494.640000000003,25461.140000000003,25494.640000000003,3129
2026-07-28T09:30:00+00:00,25494.640000000003,25500.160000000003,25475.140000000003,25481.660000000003,2788
2026-07-28T09:45:00+00:00,25481.660000000003,25498.140000000003,25472.140000000003,25473.640000000003,2495
2026-07-28T10:00:00+00:00,25473.640000000003,25485.660000000003,25444.640000000003,25462.140000000003,2903
2026-07-28T10:15:00+00:00,25462.140000000003,25466.160000000003,25416.640000000003,25435.160000000003,2982
2026-07-28T10:30:00+00:00,25435.160000000003,25436.640000000003,25391.640000000003,25408.140000000003,4042
2026-07-28T10:45:00+00:00,25408.140000000003,25425.650000000005,25391.640000000003,25412.140000000003,3073
2026-07-28T11:00:00+00:00,25412.140000000003,25414.160000000003,25363.150000000005,25373.140000000003,3734
2026-07-28T11:15:00+00:00,25373.140000000003,25407.650000000005,25347.660000000003,25348.150000000005,4678
2026-07-28T11:30:00+00:00,25348.150000000005,25367.660000000003,25313.640000000003,25331.140000000003,3434
2026-07-28T11:45:00+00:00,25331.140000000003,25365.140000000003,25328.660000000003,25363.660000000003,2991
2026-07-28T12:00:00+00:00,25363.660000000003,25389.150000000005,25350.160000000003,25355.160000000003,3064
2026-07-28T12:15:00+00:00,25355.160000000003,25360.160000000003,25333.140000000003,25339.660000000003,3399
2026-07-28T12:30:00+00:00,25339.660000000003,25349.660000000003,25312.150000000005,25316.140000000003,3797
2026-07-28T12:45:00+00:00,25316.140000000003,25325.660000000003,25297.160000000003,25305.150000000005,3482
2026-07-28T13:00:00+00:00,25305.150000000005,25305.150000000005,25268.660000000003,25280.650000000005,3621
2026-07-28T13:15:00+00:00,25280.650000000005,25296.160000000003,25266.640000000003,25284.660000000003,3377
2026-07-28T13:30:00+00:00,25284.660000000003,25334.160000000003,25278.150000000005,25326.140000000003,7007
2026-07-28T13:45:00+00:00,25326.140000000003,25340.150000000005,25294.150000000005,25313.650000000005,7551
2026-07-28T14:00:00+00:00,25313.650000000005,25367.160000000003,25309.660000000003,25352.160000000003,6407
2026-07-28T14:15:00+00:00,25352.160000000003,25374.140000000003,25343.640000000003,25371.160000000003,6621
2026-07-28T14:30:00+00:00,25371.160000000003,25378.660000000003,25344.150000000005,25360.160000000003,5822
2026-07-28T14:45:00+00:00,25360.160000000003,25383.660000000003,25339.150000000005,25354.660000000003,4288
2026-07-28T15:00:00+00:00,25354.660000000003,25412.140000000003,25329.140000000003,25404.150000000005,6341
2026-07-28T15:15:00+00:00,25404.150000000005,25472.160000000003,25403.140000000003,25460.140000000003,6008
2026-07-28T15:30:00+00:00,25460.140000000003,25471.140000000003,25433.650000000005,25462.160000000003,3820
2026-07-28T15:45:00+00:00,25462.160000000003,25473.660000000003,25452.650000000005,25464.640000000003,2535
2026-07-28T16:00:00+00:00,25464.640000000003,25472.300000000003,25456.300000000003,25465.300000000003,2480
2026-07-28T16:15:00+00:00,25465.300000000003,25472.300000000003,25453.290000000005,25454.810000000005,1833
2026-07-28T16:30:00+00:00,25454.810000000005,25478.790000000005,25445.290000000005,25473.310000000005,1859
2026-07-28T16:45:00+00:00,25473.310000000005,25509.810000000005,25459.790000000005,25499.810000000005,2085
2026-07-28T17:00:00+00:00,25499.810000000005,25510.310000000005,25477.800000000003,25483.810000000005,2359
2026-07-28T17:15:00+00:00,25483.810000000005,25501.300000000003,25474.800000000003,25476.300000000003,2552
2026-07-28T17:30:00+00:00,25476.300000000003,25489.290000000005,25466.290000000005,25468.800000000003,1762
2026-07-28T17:45:00+00:00,25468.800000000003,25478.300000000003,25463.800000000003,25474.800000000003,1622
2026-07-28T18:00:00+00:00,25474.800000000003,25483.290000000005,25459.790000000005,25460.310000000005,1723
2026-07-28T18:15:00+00:00,25460.310000000005,25466.310000000005,25456.790000000005,25462.790000000005,1638
2026-07-28T18:30:00+00:00,25462.790000000005,25475.290000000005,25460.810000000005,25469.800000000003,1516
2026-07-28T18:45:00+00:00,25469.800000000003,25480.800000000003,25467.810000000005,25477.810000000005,1446
2026-07-28T19:00:00+00:00,25477.810000000005,25491.810000000005,25477.800000000003,25480.300000000003,1196
2026-07-28T19:15:00+00:00,25480.300000000003,25490.800000000003,25476.790000000005,25487.790000000005,1098
2026-07-28T19:30:00+00:00,25487.790000000005,25487.790000000005,25467.290000000005,25474.810000000005,1354
2026-07-28T19:45:00+00:00,25474.810000000005,25479.290000000005,25463.790000000005,25470.550000000003,1350
2026-07-29T00:30:00+00:00,25470.550000000003,25472.040000000005,25451.040000000005,25452.030000000002,1486
2026-07-29T00:45:00+00:00,25452.030000000002,25453.290000000005,25430.270000000004,25433.290000000005,1196
2026-07-29T01:00:00+00:00,25433.290000000005,25437.020000000004,25370.270000000004,25375.280000000002,3432
2026-07-29T01:15:00+00:00,25375.280000000002,25408.290000000005,25370.280000000002,25392.040000000005,2658
2026-07-29T01:30:00+00:00,25392.040000000005,25398.040000000005,25354.280000000002,25361.270000000004,3036
2026-07-29T01:45:00+00:00,25361.270000000004,25365.040000000005,25323.280000000002,25323.280000000002,1577
2026-07-29T02:00:00+00:00,25323.280000000002,25337.540000000005,25314.270000000004,25331.290000000005,2715
2026-07-29T02:15:00+00:00,25331.290000000005,25340.520000000004,25315.270000000004,25333.280000000002,1847
2026-07-29T02:30:00+00:00,25333.280000000002,25347.540000000005,25333.280000000002,25338.290000000005,725
2026-07-29T02:45:00+00:00,25338.290000000005,25345.540000000005,25316.280000000002,25320.280000000002,1241
2026-07-29T03:00:00+00:00,25320.280000000002,25351.520000000004,25315.270000000004,25326.040000000005,2609
2026-07-29T03:15:00+00:00,25326.040000000005,25339.040000000005,25315.270000000004,25315.520000000004,1026
2026-07-29T03:30:00+00:00,25315.520000000004,25316.540000000005,25287.270000000004,25295.290000000005,1489
2026-07-29T03:45:00+00:00,25295.290000000005,25310.040000000005,25253.270000000004,25265.280000000002,960
2026-07-29T04:00:00+00:00,25265.280000000002,25268.040000000005,25247.270000000004,25249.280000000002,2090
2026-07-29T04:15:00+00:00,25249.280000000002,25284.040000000005,25245.280000000002,25271.270000000004,2034
2026-07-29T04:30:00+00:00,25271.270000000004,25282.520000000004,25239.280000000002,25240.290000000005,2564
2026-07-29T04:45:00+00:00,25240.290000000005,25292.040000000005,25232.270000000004,25289.290000000005,2021
2026-07-29T05:00:00+00:00,25289.290000000005,25332.040000000005,25289.290000000005,25327.290000000005,1644
2026-07-29T05:15:00+00:00,25327.290000000005,25347.040000000005,25312.270000000004,25344.040000000005,1311
2026-07-29T05:30:00+00:00,25344.040000000005,25376.030000000002,25339.270000000004,25361.270000000004,1473
2026-07-29T05:45:00+00:00,25361.270000000004,25365.040000000005,25343.270000000004,25350.030000000002,1523
2026-07-29T06:00:00+00:00,25350.030000000002,25386.530000000002,25346.040000000005,25373.030000000002,2194
2026-07-29T06:15:00+00:00,25373.030000000002,25399.520000000004,25373.030000000002,25392.540000000005,2501
2026-07-29T06:30:00+00:00,25392.540000000005,25432.040000000005,25392.540000000005,25431.530000000002,2703
2026-07-29T06:45:00+00:00,25431.530000000002,25452.540000000005,25419.020000000004,25452.540000000005,2463
2026-07-29T07:00:00+00:00,25452.540000000005,25524.390000000003,25452.540000000005,25506.370000000003,10771
2026-07-29T07:15:00+00:00,25506.370000000003,25509.370000000003,25457.880000000005,25486.380000000005,6231
2026-07-29T07:30:00+00:00,25486.380000000005,25502.870000000003,25475.390000000003,25480.870000000003,5822
2026-07-29T07:45:00+00:00,25480.870000000003,25492.390000000003,25443.380000000005,25445.370000000003,6020
2026-07-29T08:00:00+00:00,25445.370000000003,25447.370000000003,25385.880000000005,25387.880000000005,7094
2026-07-29T08:15:00+00:00,25387.880000000005,25412.370000000003,25319.390000000003,25334.870000000003,6758
2026-07-29T08:30:00+00:00,25334.870000000003,25404.390000000003,25331.370000000003,25367.380000000005,6035
2026-07-29T08:45:00+00:00,25367.380000000005,25409.390000000003,25361.870000000003,25393.380000000005,5092
2026-07-29T09:00:00+00:00,25393.380000000005,25394.390000000003,25345.370000000003,25360.370000000003,5410
2026-07-29T09:15:00+00:00,25360.370000000003,25361.380000000005,25308.380000000005,25312.870000000003,4917
2026-07-29T09:30:00+00:00,25312.870000000003,25342.390000000003,25299.390000000003,25331.380000000005,6126
2026-07-29T09:45:00+00:00,25331.380000000005,25349.860000000004,25319.360000000004,25326.880000000005,4600
2026-07-29T10:00:00+00:00,25326.880000000005,25361.380000000005,25310.360000000004,25355.380000000005,4827
2026-07-29T10:15:00+00:00,25355.380000000005,25388.370000000006,25354.380000000005,25387.380000000005,4099
2026-07-29T10:30:00+00:00,25387.380000000005,25431.360000000004,25374.360000000004,25427.870000000006,5138
2026-07-29T10:45:00+00:00,25427.870000000006,25439.880000000005,25388.360000000004,25406.380000000005,4980
2026-07-29T11:00:00+00:00,25406.380000000005,25456.370000000006,25392.860000000004,25446.870000000006,4380
2026-07-29T11:15:00+00:00,25446.870000000006,25476.870000000006,25437.360000000004,25472.380000000005,3703
2026-07-29T11:30:00+00:00,25472.380000000005,25479.880000000005,25452.360000000004,25465.360000000004,4104
2026-07-29T11:45:00+00:00,25465.360000000004,25512.380000000005,25462.870000000006,25509.370000000006,3573
2026-07-29T12:00:00+00:00,25509.370000000006,25529.870000000006,25481.360000000004,25490.860000000004,3628
2026-07-29T12:15:00+00:00,25490.860000000004,25494.370000000006,25398.860000000004,25450.370000000006,10333
2026-07-29T12:30:00+00:00,25450.370000000006,25487.360000000004,25434.360000000004,25465.380000000005,5224
2026-07-29T12:45:00+00:00,25465.380000000005,25469.370000000006,25433.370000000006,25450.360000000004,4267
2026-07-29T13:00:00+00:00,25450.360000000004,25479.360000000004,25434.370000000006,25465.370000000006,5266
2026-07-29T13:15:00+00:00,25465.370000000006,25482.880000000005,25440.380000000005,25473.870000000006,4991
2026-07-29T13:30:00+00:00,25473.870000000006,25492.380000000005,25441.360000000004,25441.360000000004,8910
2026-07-29T13:45:00+00:00,25441.360000000004,25459.880000000005,25408.370000000006,25453.360000000004,8132
2026-07-29T14:00:00+00:00,25453.360000000004,25493.360000000004,25438.870000000006,25453.870000000006,7893
2026-07-29T14:15:00+00:00,25453.870000000006,25481.860000000004,25417.360000000004,25418.370000000006,7336
2026-07-29T14:30:00+00:00,25418.370000000006,25437.880000000005,25387.870000000006,25396.880000000005,7084
2026-07-29T14:45:00+00:00,25396.880000000005,25438.370000000006,25393.870000000006,25416.380000000005,6876
2026-07-29T15:00:00+00:00,25416.380000000005,25453.860000000004,25404.870000000006,25441.870000000006,6990
2026-07-29T15:15:00+00:00,25441.870000000006,25441.870000000006,25398.360000000004,25406.870000000006,5339
2026-07-29T15:30:00+00:00,25406.870000000006,25434.880000000005,25374.860000000004,25383.370000000006,5172
2026-07-29T15:45:00+00:00,25383.370000000006,25416.880000000005,25377.370000000006,25390.380000000005,4549
2026-07-29T16:00:00+00:00,25390.380000000005,25404.510000000006,25360.020000000004,25363.020000000004,4017
2026-07-29T16:15:00+00:00,25363.020000000004,25399.020000000004,25358.020000000004,25392.010000000006,3647
2026-07-29T16:30:00+00:00,25392.010000000006,25404.030000000006,25385.010000000006,25391.020000000004,3790
2026-07-29T16:45:00+00:00,25391.020000000004,25430.010000000006,25390.010000000006,25429.020000000004,3792
2026-07-29T17:00:00+00:00,25429.020000000004,25465.030000000006,25422.030000000006,25464.530000000006,3639
2026-07-29T17:15:00+00:00,25464.530000000006,25465.030000000006,25445.510000000006,25447.010000000006,2852
2026-07-29T17:30:00+00:00,25447.010000000006,25465.010000000006,25446.020000000004,25451.530000000006,3851
2026-07-29T17:45:00+00:00,25451.530000000006,25463.010000000006,25444.020000000004,25450.270000000004,2513
2026-07-29T18:00:00+00:00,25450.270000000004,25536.030000000006,25450.270000000004,25477.030000000006,6742
2026-07-29T18:15:00+00:00,25477.030000000006,25491.030000000006,25440.510000000006,25468.010000000006,5618
2026-07-29T18:30:00+00:00,25468.010000000006,25526.520000000004,25428.520000000004,25521.030000000006,9559
2026-07-29T18:45:00+00:00,25521.030000000006,25544.030000000006,25505.010000000006,25514.510000000006,7134
2026-07-29T19:00:00+00:00,25514.510000000006,25527.520000000004,25434.280000000006,25466.530000000006,6948
2026-07-29T19:15:00+00:00,25466.530000000006,25491.530000000006,25402.020000000004,25432.010000000006,7774
2026-07-29T19:30:00+00:00,25432.010000000006,25453.020000000004,25351.030000000006,25359.530000000006,8937
2026-07-29T19:45:00+00:00,25359.530000000006,25364.030000000006,25314.270000000004,25334.260000000006,6481
2026-07-30T00:30:00+00:00,25334.260000000006,25424.010000000006,25334.260000000006,25366.500000000007,845
2026-07-30T00:45:00+00:00,25366.500000000007,25402.520000000004,25366.500000000007,25390.770000000004,1231
2026-07-30T01:00:00+00:00,25390.770000000004,25484.510000000006,25390.770000000004,25437.770000000004,2484
2026-07-30T01:15:00+00:00,25437.770000000004,25457.770000000004,25431.750000000007,25457.770000000004,2081.0746816565334
2026-07-30T01:30:00+00:00,25457.770000000004,25495.510000000006,25456.770000000004,25481.770000000004,1135.511081975401
2026-07-30T01:45:00+00:00,25481.770000000004,25498.500000000007,25472.760000000006,25475.510000000006,1396
2026-07-30T02:00:00+00:00,25475.510000000006,25482.510000000006,25453.760000000006,25454.520000000004,876
2026-07-30T02:15:00+00:00,25454.520000000004,25455.500000000007,25434.750000000007,25437.750000000007,968
2026-07-30T02:30:00+00:00,25437.750000000007,25439.500000000007,25418.760000000006,25435.510000000006,1384
2026-07-30T02:45:00+00:00,25435.510000000006,25438.020000000004,25389.760000000006,25390.770000000004,1010
2026-07-30T03:00:00+00:00,25390.770000000004,25411.760000000006,25372.750000000007,25383.750000000007,652
2026-07-30T03:15:00+00:00,25383.750000000007,25385.760000000006,25364.750000000007,25376.760000000006,932
2026-07-30T03:30:00+00:00,25376.760000000006,25408.000000000007,25361.750000000007,25391.510000000006,2088
2026-07-30T03:45:00+00:00,25391.510000000006,25405.500000000007,25378.750000000007,25379.770000000004,1195
2026-07-30T04:00:00+00:00,25379.770000000004,25381.750000000007,25345.750000000007,25346.750000000007,1207
2026-07-30T04:15:00+00:00,25346.750000000007,25377.020000000004,25341.770000000004,25373.750000000007,1305
2026-07-30T04:30:00+00:00,25373.750000000007,25381.000000000007,25331.750000000007,25333.750000000007,1367
2026-07-30T04:45:00+00:00,25333.750000000007,25357.010000000006,25320.760000000006,25321.770000000004,1111
2026-07-30T05:00:00+00:00,25321.770000000004,25335.510000000006,25300.770000000004,25325.770000000004,1707
2026-07-30T05:15:00+00:00,25325.770000000004,25358.500000000007,25322.770000000004,25340.770000000004,1775
2026-07-30T05:30:00+00:00,25340.770000000004,25368.510000000006,25333.750000000007,25360.750000000007,2128
2026-07-30T05:45:00+00:00,25360.750000000007,25377.520000000004,25322.760000000006,25349.760000000006,1313
2026-07-30T06:00:00+00:00,25349.760000000006,25357.500000000007,25307.520000000004,25315.020000000004,3312
2026-07-30T06:15:00+00:00,25315.020000000004,25335.020000000004,25290.520000000004,25322.000000000007,2801
2026-07-30T06:30:00+00:00,25322.000000000007,25322.520000000004,25275.020000000004,25276.000000000007,2686
2026-07-30T06:45:00+00:00,25276.000000000007,25306.020000000004,25274.010000000006,25303.760000000006,2964
2026-07-30T07:00:00+00:00,25303.760000000006,25374.360000000004,25281.870000000006,25330.370000000006,12906
2026-07-30T07:15:00+00:00,25330.370000000006,25338.370000000006,25255.850000000006,25321.870000000006,9767
2026-07-30T07:30:00+00:00,25321.870000000006,25327.370000000006,25248.850000000006,25313.870000000006,8276
2026-07-30T07:45:00+00:00,25313.870000000006,25373.370000000006,25310.360000000004,25332.370000000006,6242
2026-07-30T08:00:00+00:00,25332.370000000006,25390.860000000004,25309.350000000006,25370.850000000006,7146
2026-07-30T08:15:00+00:00,25370.850000000006,25415.350000000002,25346.860000000004,25399.360000000004,6594
2026-07-30T08:30:00+00:00,25399.360000000004,25421.860000000004,25378.340000000004,25389.340000000004,5641
2026-07-30T08:45:00+00:00,25389.340000000004,25409.860000000004,25366.350000000002,25391.360000000004,4305
2026-07-30T09:00:00+00:00,25391.360000000004,25469.860000000004,25389.840000000004,25454.340000000004,4803
2026-07-30T09:15:00+00:00,25454.340000000004,25468.360000000004,25444.340000000004,25453.350000000002,5008
2026-07-30T09:30:00+00:00,25453.350000000002,25466.850000000002,25421.340000000004,25436.350000000002,4358
2026-07-30T09:45:00+00:00,25436.350000000002,25456.850000000002,25374.340000000004,25376.860000000004,4412
2026-07-30T10:00:00+00:00,25376.860000000004,25409.850000000002,25359.840000000004,25370.360000000004,4955
2026-07-30T10:15:00+00:00,25370.360000000004,25418.350000000002,25368.340000000004,25404.860000000004,5682
2026-07-30T10:30:00+00:00,25404.860000000004,25455.350000000002,25400.340000000004,25436.360000000004,5298
2026-07-30T10:45:00+00:00,25436.360000000004,25442.860000000004,25400.250000000004,25400.250000000004,4727
2026-07-30T11:00:00+00:00,25400.250000000004,25456.860000000004,25393.260000000002,25455.850000000002,3745
2026-07-30T11:15:00+00:00,25455.850000000002,25487.360000000004,25448.340000000004,25479.350000000002,4093
2026-07-30T11:30:00+00:00,25479.350000000002,25491.360000000004,25452.840000000004,25478.840000000004,4220
2026-07-30T11:45:00+00:00,25478.840000000004,25513.360000000004,25470.340000000004,25489.840000000004,3777
2026-07-30T12:00:00+00:00,25489.840000000004,25502.360000000004,25469.340000000004,25477.360000000004,4147
2026-07-30T12:15:00+00:00,25477.360000000004,25508.360000000004,25465.840000000004,25474.250000000004,3920
2026-07-30T12:30:00+00:00,25474.250000000004,25485.840000000004,25442.840000000004,25467.360000000004,5446
2026-07-30T12:45:00+00:00,25467.360000000004,25476.360000000004,25446.350000000002,25465.340000000004,5719
2026-07-30T13:00:00+00:00,25465.340000000004,25535.340000000004,25465.340000000004,25506.360000000004,5681
2026-07-30T13:15:00+00:00,25506.360000000004,25544.850000000002,25476.340000000004,25544.850000000002,5311
2026-07-30T13:30:00+00:00,25544.850000000002,25568.850000000002,25470.340000000004,25482.850000000002,7464
2026-07-30T13:45:00+00:00,25482.850000000002,25591.350000000002,25482.850000000002,25582.340000000004,5632
2026-07-30T14:00:00+00:00,25582.340000000004,25588.340000000004,25542.850000000002,25565.350000000002,6837
2026-07-30T14:15:00+00:00,25565.350000000002,25607.850000000002,25548.350000000002,25599.850000000002,6035
2026-07-30T14:30:00+00:00,25599.850000000002,25608.360000000004,25583.840000000004,25597.340000000004,5191
2026-07-30T14:45:00+00:00,25597.340000000004,25610.840000000004,25550.350000000002,25568.350000000002,5701
2026-07-30T15:00:00+00:00,25568.350000000002,25575.850000000002,25523.850000000002,25523.850000000002,6568
2026-07-30T15:15:00+00:00,25523.850000000002,25566.360000000004,25519.860000000004,25528.340000000004,5592
2026-07-30T15:30:00+00:00,25528.340000000004,25595.350000000002,25522.340000000004,25583.850000000002,5537
2026-07-30T15:45:00+00:00,25583.850000000002,25592.860000000004,25568.850000000002,25579.840000000004,3087
2026-07-30T16:00:00+00:00,25579.840000000004,25588.510000000002,25570.500000000004,25586.500000000004,2561
2026-07-30T16:15:00+00:00,25586.500000000004,25600.510000000002,25580.990000000005,25597.000000000004,1719
2026-07-30T16:30:00+00:00,25597.000000000004,25610.490000000005,25586.500000000004,25590.490000000005,2662
2026-07-30T16:45:00+00:00,25590.490000000005,25611.500000000004,25589.500000000004,25599.000000000004,2176
2026-07-30T17:00:00+00:00,25599.000000000004,25634.510000000002,25598.990000000005,25618.990000000005,1792
2026-07-30T17:15:00+00:00,25618.990000000005,25632.010000000002,25617.990000000005,25626.010000000002,1744
2026-07-30T17:30:00+00:00,25626.010000000002,25637.510000000002,25613.000000000004,25633.010000000002,2489
2026-07-30T17:45:00+00:00,25633.010000000002,25641.500000000004,25623.990000000005,25625.510000000002,1832
2026-07-30T18:00:00+00:00,25625.510000000002,25634.010000000002,25618.990000000005,25622.990000000005,1951
2026-07-30T18:15:00+00:00,25622.990000000005,25636.010000000002,25618.510000000002,25635.010000000002,1261
2026-07-30T18:30:00+00:00,25635.010000000002,25639.510000000002,25628.490000000005,25634.490000000005,1408
2026-07-30T18:45:00+00:00,25634.490000000005,25647.510000000002,25633.000000000004,25646.500000000004,824
2026-07-30T19:00:00+00:00,25646.500000000004,25667.510000000002,25646.500000000004,25662.510000000002,1082
2026-07-30T19:15:00+00:00,25662.510000000002,25668.510000000002,25651.490000000005,25652.500000000004,1148
2026-07-30T19:30:00+00:00,25652.500000000004,25653.490000000005,25637.490000000005,25637.500000000004,1169
2026-07-30T19:45:00+00:00,25637.500000000004,25671.510000000002,25632.490000000005,25647.760000000002,3077
2026-07-31T00:30:00+00:00,25647.760000000002,25665.100000000002,25634.340000000004,25643.350000000002,534
2026-07-31T00:45:00+00:00,25643.350000000002,25653.090000000004,25626.330000000005,25650.340000000004,395
2026-07-31T01:00:00+00:00,25650.340000000004,25685.100000000002,25650.340000000004,25662.340000000004,795
2026-07-31T01:15:00+00:00,25662.340000000004,25676.350000000002,25646.330000000005,25647.340000000004,499
2026-07-31T01:30:00+00:00,25647.340000000004,25656.590000000004,25630.580000000005,25631.600000000002,542
2026-07-31T01:45:00+00:00,25631.600000000002,25635.080000000005,25617.350000000002,25626.090000000004,794
2026-07-31T02:00:00+00:00,25626.090000000004,25640.600000000002,25614.340000000004,25620.350000000002,664
2026-07-31T02:15:00+00:00,25620.350000000002,25620.350000000002,25607.340000000004,25616.340000000004,548
2026-07-31T02:30:00+00:00,25616.340000000004,25628.090000000004,25608.350000000002,25623.350000000002,369
2026-07-31T02:45:00+00:00,25623.350000000002,25644.090000000004,25622.330000000005,25644.090000000004,399
2026-07-31T03:00:00+00:00,25644.090000000004,25646.580000000005,25617.330000000005,25624.340000000004,774
2026-07-31T03:15:00+00:00,25624.340000000004,25658.090000000004,25623.340000000004,25651.350000000002,823
2026-07-31T03:30:00+00:00,25651.350000000002,25665.090000000004,25636.330000000005,25643.090000000004,737
2026-07-31T03:45:00+00:00,25643.090000000004,25647.100000000002,25622.330000000005,25643.080000000005,713
2026-07-31T04:00:00+00:00,25643.080000000005,25648.100000000002,25628.090000000004,25642.340000000004,550
2026-07-31T04:15:00+00:00,25642.340000000004,25659.100000000002,25639.330000000005,25653.350000000002,397
2026-07-31T04:30:00+00:00,25653.350000000002,25687.100000000002,25653.330000000005,25682.330000000005,623
2026-07-31T04:45:00+00:00,25682.330000000005,25691.100000000002,25678.330000000005,25688.080000000005,333
2026-07-31T05:00:00+00:00,25688.080000000005,25696.100000000002,25681.340000000004,25683.330000000005,292
2026-07-31T05:15:00+00:00,25683.330000000005,25694.100000000002,25682.330000000005,25691.580000000005,297
2026-07-31T05:30:00+00:00,25691.580000000005,25696.580000000005,25672.330000000005,25678.350000000002,771
2026-07-31T05:45:00+00:00,25678.350000000002,25691.590000000004,25673.330000000005,25691.590000000004,520
2026-07-31T06:00:00+00:00,25691.590000000004,25709.100000000002,25687.090000000004,25698.100000000002,1253
2026-07-31T06:15:00+00:00,25698.100000000002,25718.600000000002,25692.090000000004,25711.600000000002,1425
2026-07-31T06:30:00+00:00,25711.600000000002,25718.580000000005,25661.600000000002,25663.580000000005,2518
2026-07-31T06:45:00+00:00,25663.580000000005,25684.580000000005,25653.600000000002,25683.080000000005,2224
2026-07-31T07:00:00+00:00,25683.080000000005,25783.450000000004,25654.450000000004,25764.450000000004,11035
2026-07-31T07:15:00+00:00,25764.450000000004,25848.940000000002,25739.450000000004,25834.440000000002,6960
2026-07-31T07:30:00+00:00,25834.440000000002,25849.940000000002,25806.430000000004,25833.440000000002,6679
2026-07-31T07:45:00+00:00,25833.440000000002,25847.450000000004,25807.430000000004,25832.440000000002,4786
2026-07-31T08:00:00+00:00,25832.440000000002,25832.440000000002,25776.940000000002,25808.440000000002,6944
2026-07-31T08:15:00+00:00,25808.440000000002,25846.440000000002,25807.940000000002,25829.430000000004,5471
2026-07-31T08:30:00+00:00,25829.430000000004,25832.440000000002,25789.430000000004,25799.430000000004,4659
2026-07-31T08:45:00+00:00,25799.430000000004,25810.440000000002,25787.440000000002,25803.440000000002,3746
2026-07-31T09:00:00+00:00,25803.440000000002,25806.930000000004,25748.430000000004,25795.450000000004,4128
2026-07-31T09:15:00+00:00,25795.450000000004,25815.940000000002,25788.430000000004,25792.940000000002,3315
2026-07-31T09:30:00+00:00,25792.940000000002,25797.440000000002,25746.930000000004,25765.440000000002,4005
2026-07-31T09:45:00+00:00,25765.440000000002,25789.450000000004,25744.930000000004,25753.430000000004,3832
2026-07-31T10:00:00+00:00,25753.430000000004,25762.440000000002,25729.440000000002,25756.430000000004,3662
2026-07-31T10:15:00+00:00,25756.430000000004,25781.950000000004,25744.430000000004,25764.430000000004,2697
2026-07-31T10:30:00+00:00,25764.430000000004,25784.930000000004,25757.430000000004,25775.450000000004,2812
2026-07-31T10:45:00+00:00,25775.450000000004,25778.950000000004,25737.940000000002,25739.440000000002,2701
2026-07-31T11:00:00+00:00,25739.440000000002,25762.450000000004,25715.450000000004,25715.450000000004,2997
2026-07-31T11:15:00+00:00,25715.450000000004,25726.440000000002,25687.930000000004,25692.450000000004,4041
2026-07-31T11:30:00+00:00,25692.450000000004,25694.430000000004,25636.930000000004,25638.930000000004,3675
2026-07-31T11:45:00+00:00,25638.930000000004,25679.450000000004,25629.450000000004,25672.440000000002,2876
2026-07-31T12:00:00+00:00,25672.440000000002,25676.440000000002,25633.430000000004,25633.440000000002,3271
2026-07-31T12:15:00+00:00,25633.440000000002,25651.950000000004,25620.340000000004,25620.350000000002,3055
2026-07-31T12:30:00+00:00,25620.350000000002,25643.430000000004,25577.350000000002,25617.950000000004,3718
2026-07-31T12:45:00+00:00,25617.950000000004,25620.940000000002,25582.450000000004,25596.440000000002,3732
2026-07-31T13:00:00+00:00,25596.440000000002,25609.450000000004,25585.430000000004,25596.940000000002,3878
2026-07-31T13:15:00+00:00,25596.940000000002,25624.440000000002,25594.930000000004,25602.450000000004,4264
2026-07-31T13:30:00+00:00,25602.450000000004,25606.950000000004,25550.930000000004,25553.940000000002,5978
2026-07-31T13:45:00+00:00,25553.940000000002,25569.430000000004,25521.440000000002,25542.950000000004,6749
2026-07-31T14:00:00+00:00,25542.950000000004,25560.950000000004,25504.940000000002,25527.940000000002,7094
2026-07-31T14:15:00+00:00,25527.940000000002,25598.450000000004,25506.450000000004,25587.450000000004,7781
2026-07-31T14:30:00+00:00,25587.450000000004,25625.450000000004,25570.940000000002,25621.450000000004,6196
2026-07-31T14:45:00+00:00,25621.450000000004,25648.950000000004,25620.440000000002,25646.950000000004,4286
2026-07-31T15:00:00+00:00,25646.950000000004,25655.450000000004,25631.430000000004,25648.940000000002,4265
2026-07-31T15:15:00+00:00,25648.940000000002,25666.450000000004,25580.930000000004,25587.930000000004,4400
2026-07-31T15:30:00+00:00,25587.930000000004,25624.940000000002,25555.450000000004,25613.930000000004,4752
2026-07-31T15:45:00+00:00,25613.930000000004,25632.950000000004,25599.430000000004,25626.450000000004,3918
2026-07-31T16:00:00+00:00,25626.450000000004,25628.100000000002,25600.100000000002,25619.080000000005,3679
2026-07-31T16:15:00+00:00,25619.080000000005,25629.590000000004,25605.080000000005,25628.090000000004,2716
2026-07-31T16:30:00+00:00,25628.090000000004,25638.090000000004,25612.590000000004,25614.090000000004,2151
2026-07-31T16:45:00+00:00,25614.090000000004,25649.100000000002,25611.100000000002,25636.590000000004,2552
2026-07-31T17:00:00+00:00,25636.590000000004,25662.100000000002,25633.090000000004,25661.580000000005,1181
2026-07-31T17:15:00+00:00,25661.580000000005,25670.590000000004,25651.600000000002,25667.590000000004,1458
2026-07-31T17:30:00+00:00,25667.590000000004,25667.590000000004,25644.100000000002,25646.590000000004,1439
2026-07-31T17:45:00+00:00,25646.590000000004,25651.600000000002,25632.090000000004,25638.590000000004,1653
2026-07-31T18:00:00+00:00,25638.590000000004,25663.090000000004,25637.590000000004,25656.580000000005,1955
2026-07-31T18:15:00+00:00,25656.580000000005,25662.590000000004,25650.590000000004,25655.590000000004,1160
2026-07-31T18:30:00+00:00,25655.590000000004,25663.600000000002,25647.090000000004,25656.090000000004,1064
2026-07-31T18:45:00+00:00,25656.090000000004,25665.090000000004,25646.580000000005,25651.080000000005,1076
2026-07-31T19:00:00+00:00,25651.080000000005,25659.600000000002,25641.080000000005,25658.580000000005,1471
2026-07-31T19:15:00+00:00,25658.580000000005,25678.580000000005,25655.580000000005,25668.600000000002,1367
2026-07-31T19:30:00+00:00,25668.600000000002,25682.100000000002,25658.580000000005,25681.100000000002,1291
2026-07-31T19:45:00+00:00,25681.100000000002,25688.600000000002,25644.340000000004,25652.350000000002,2056
